ISO-10303-21;
HEADER;
FILE_DESCRIPTION((''),'2;1');
FILE_NAME('ASM0001_ASM','2009-03-26T',('LinB'),('FCI'),
'PRO/ENGINEER BY PARAMETRIC TECHNOLOGY CORPORATION, 2008010',
'PRO/ENGINEER BY PARAMETRIC TECHNOLOGY CORPORATION, 2008010','');
FILE_SCHEMA(('CONFIG_CONTROL_DESIGN'));
ENDSEC;
DATA;
#2=DIRECTION('',(0.E0,0.E0,-1.E0));
#3=VECTOR('',#2,5.6E0);
#4=CARTESIAN_POINT('',(1.4E1,3.E-1,2.67E1));
#5=LINE('',#4,#3);
#6=DIRECTION('',(0.E0,0.E0,-1.E0));
#7=VECTOR('',#6,1.93E1);
#8=CARTESIAN_POINT('',(1.4E1,3.E-1,1.93E1));
#9=LINE('',#8,#7);
#10=DIRECTION('',(0.E0,1.E0,0.E0));
#11=VECTOR('',#10,2.15E0);
#12=CARTESIAN_POINT('',(1.4E1,3.E-1,0.E0));
#13=LINE('',#12,#11);
#14=DIRECTION('',(0.E0,-1.E0,0.E0));
#15=VECTOR('',#14,2.15E0);
#16=CARTESIAN_POINT('',(1.4E1,2.45E0,2.67E1));
#17=LINE('',#16,#15);
#18=DIRECTION('',(0.E0,1.E0,0.E0));
#19=VECTOR('',#18,1.2E0);
#20=CARTESIAN_POINT('',(1.4E1,7.E-1,2.64E1));
#21=LINE('',#20,#19);
#22=DIRECTION('',(0.E0,-1.E0,0.E0));
#23=VECTOR('',#22,1.2E0);
#24=CARTESIAN_POINT('',(1.4E1,1.9E0,5.9E0));
#25=LINE('',#24,#23);
#26=DIRECTION('',(1.E0,0.E0,0.E0));
#27=VECTOR('',#26,2.E-1);
#28=CARTESIAN_POINT('',(1.4E1,7.E-1,5.9E0));
#29=LINE('',#28,#27);
#30=DIRECTION('',(0.E0,1.E0,0.E0));
#31=VECTOR('',#30,1.2E0);
#32=CARTESIAN_POINT('',(1.42E1,7.E-1,5.9E0));
#33=LINE('',#32,#31);
#34=DIRECTION('',(-1.E0,0.E0,0.E0));
#35=VECTOR('',#34,2.E-1);
#36=CARTESIAN_POINT('',(1.42E1,1.9E0,5.9E0));
#37=LINE('',#36,#35);
#38=DIRECTION('',(0.E0,0.E0,-1.E0));
#39=VECTOR('',#38,1.8E0);
#40=CARTESIAN_POINT('',(1.4E1,7.E-1,5.9E0));
#41=LINE('',#40,#39);
#42=DIRECTION('',(0.E0,0.E0,1.E0));
#43=VECTOR('',#42,1.8E0);
#44=CARTESIAN_POINT('',(1.42E1,7.E-1,4.1E0));
#45=LINE('',#44,#43);
#46=DIRECTION('',(0.E0,1.E0,0.E0));
#47=VECTOR('',#46,1.2E0);
#48=CARTESIAN_POINT('',(1.4E1,7.E-1,4.1E0));
#49=LINE('',#48,#47);
#50=DIRECTION('',(0.E0,-1.E0,0.E0));
#51=VECTOR('',#50,1.2E0);
#52=CARTESIAN_POINT('',(1.42E1,1.9E0,4.1E0));
#53=LINE('',#52,#51);
#54=DIRECTION('',(-1.E0,0.E0,0.E0));
#55=VECTOR('',#54,2.E-1);
#56=CARTESIAN_POINT('',(1.42E1,7.E-1,4.1E0));
#57=LINE('',#56,#55);
#58=DIRECTION('',(0.E0,0.E0,1.E0));
#59=VECTOR('',#58,1.8E0);
#60=CARTESIAN_POINT('',(1.4E1,1.9E0,4.1E0));
#61=LINE('',#60,#59);
#62=DIRECTION('',(0.E0,0.E0,-1.E0));
#63=VECTOR('',#62,1.8E0);
#64=CARTESIAN_POINT('',(1.42E1,1.9E0,5.9E0));
#65=LINE('',#64,#63);
#66=DIRECTION('',(-1.E0,0.E0,0.E0));
#67=VECTOR('',#66,2.E-1);
#68=CARTESIAN_POINT('',(1.42E1,1.9E0,4.1E0));
#69=LINE('',#68,#67);
#70=DIRECTION('',(0.E0,0.E0,-1.E0));
#71=VECTOR('',#70,1.8E0);
#72=CARTESIAN_POINT('',(1.42E1,1.5E-1,2.11E1));
#73=LINE('',#72,#71);
#74=DIRECTION('',(0.E0,1.E0,0.E0));
#75=VECTOR('',#74,1.2E0);
#76=CARTESIAN_POINT('',(1.42E1,7.E-1,2.64E1));
#77=LINE('',#76,#75);
#78=DIRECTION('',(1.E0,0.E0,0.E0));
#79=VECTOR('',#78,2.E-1);
#80=CARTESIAN_POINT('',(1.4E1,3.E-1,2.11E1));
#81=LINE('',#80,#79);
#82=DIRECTION('',(0.E0,0.E0,-1.E0));
#83=VECTOR('',#82,5.6E0);
#84=CARTESIAN_POINT('',(1.42E1,3.E-1,2.67E1));
#85=LINE('',#84,#83);
#86=DIRECTION('',(1.E0,0.E0,0.E0));
#87=VECTOR('',#86,2.E-1);
#88=CARTESIAN_POINT('',(1.4E1,3.E-1,1.93E1));
#89=LINE('',#88,#87);
#90=DIRECTION('',(0.E0,0.E0,-1.E0));
#91=VECTOR('',#90,1.93E1);
#92=CARTESIAN_POINT('',(1.42E1,3.E-1,1.93E1));
#93=LINE('',#92,#91);
#94=DIRECTION('',(0.E0,1.E0,0.E0));
#95=VECTOR('',#94,1.5E-1);
#96=CARTESIAN_POINT('',(1.42E1,1.5E-1,2.11E1));
#97=LINE('',#96,#95);
#98=CARTESIAN_POINT('',(1.395E1,1.5E-1,2.11E1));
#99=DIRECTION('',(0.E0,0.E0,1.E0));
#100=DIRECTION('',(0.E0,-1.E0,0.E0));
#101=AXIS2_PLACEMENT_3D('',#98,#99,#100);
#103=DIRECTION('',(1.E0,0.E0,0.E0));
#104=VECTOR('',#103,5.5E-1);
#105=CARTESIAN_POINT('',(1.34E1,-1.E-1,2.11E1));
#106=LINE('',#105,#104);
#107=DIRECTION('',(0.E0,-1.E0,0.E0));
#108=VECTOR('',#107,2.E-1);
#109=CARTESIAN_POINT('',(1.34E1,1.E-1,2.11E1));
#110=LINE('',#109,#108);
#111=DIRECTION('',(-1.E0,0.E0,0.E0));
#112=VECTOR('',#111,5.5E-1);
#113=CARTESIAN_POINT('',(1.395E1,1.E-1,2.11E1));
#114=LINE('',#113,#112);
#115=CARTESIAN_POINT('',(1.395E1,1.5E-1,2.11E1));
#116=DIRECTION('',(0.E0,0.E0,-1.E0));
#117=DIRECTION('',(1.E0,0.E0,0.E0));
#118=AXIS2_PLACEMENT_3D('',#115,#116,#117);
#120=DIRECTION('',(0.E0,-1.E0,0.E0));
#121=VECTOR('',#120,1.5E-1);
#122=CARTESIAN_POINT('',(1.4E1,3.E-1,2.11E1));
#123=LINE('',#122,#121);
#124=DIRECTION('',(0.E0,0.E0,-1.E0));
#125=VECTOR('',#124,1.8E0);
#126=CARTESIAN_POINT('',(1.395E1,-1.E-1,2.11E1));
#127=LINE('',#126,#125);
#128=DIRECTION('',(0.E0,-1.E0,0.E0));
#129=VECTOR('',#128,1.5E-1);
#130=CARTESIAN_POINT('',(1.4E1,3.E-1,1.93E1));
#131=LINE('',#130,#129);
#132=CARTESIAN_POINT('',(1.395E1,1.5E-1,1.93E1));
#133=DIRECTION('',(0.E0,0.E0,-1.E0));
#134=DIRECTION('',(1.E0,0.E0,0.E0));
#135=AXIS2_PLACEMENT_3D('',#132,#133,#134);
#137=DIRECTION('',(-1.E0,0.E0,0.E0));
#138=VECTOR('',#137,5.5E-1);
#139=CARTESIAN_POINT('',(1.395E1,1.E-1,1.93E1));
#140=LINE('',#139,#138);
#141=DIRECTION('',(0.E0,-1.E0,0.E0));
#142=VECTOR('',#141,2.E-1);
#143=CARTESIAN_POINT('',(1.34E1,1.E-1,1.93E1));
#144=LINE('',#143,#142);
#145=DIRECTION('',(1.E0,0.E0,0.E0));
#146=VECTOR('',#145,5.5E-1);
#147=CARTESIAN_POINT('',(1.34E1,-1.E-1,1.93E1));
#148=LINE('',#147,#146);
#149=CARTESIAN_POINT('',(1.395E1,1.5E-1,1.93E1));
#150=DIRECTION('',(0.E0,0.E0,1.E0));
#151=DIRECTION('',(0.E0,-1.E0,0.E0));
#152=AXIS2_PLACEMENT_3D('',#149,#150,#151);
#154=DIRECTION('',(0.E0,1.E0,0.E0));
#155=VECTOR('',#154,1.5E-1);
#156=CARTESIAN_POINT('',(1.42E1,1.5E-1,1.93E1));
#157=LINE('',#156,#155);
#158=DIRECTION('',(0.E0,0.E0,-1.E0));
#159=VECTOR('',#158,1.8E0);
#160=CARTESIAN_POINT('',(1.4E1,1.5E-1,2.11E1));
#161=LINE('',#160,#159);
#162=DIRECTION('',(0.E0,0.E0,-1.E0));
#163=VECTOR('',#162,1.8E0);
#164=CARTESIAN_POINT('',(1.395E1,1.E-1,2.11E1));
#165=LINE('',#164,#163);
#166=DIRECTION('',(0.E0,0.E0,-1.E0));
#167=VECTOR('',#166,1.8E0);
#168=CARTESIAN_POINT('',(1.34E1,1.E-1,2.11E1));
#169=LINE('',#168,#167);
#170=DIRECTION('',(0.E0,0.E0,-1.E0));
#171=VECTOR('',#170,1.8E0);
#172=CARTESIAN_POINT('',(1.34E1,-1.E-1,2.11E1));
#173=LINE('',#172,#171);
#174=DIRECTION('',(-1.E0,0.E0,0.E0));
#175=VECTOR('',#174,5.9E-1);
#176=CARTESIAN_POINT('',(1.385E1,2.6E0,2.67E1));
#177=LINE('',#176,#175);
#178=DIRECTION('',(1.E0,0.E0,0.E0));
#179=VECTOR('',#178,5.9E-1);
#180=CARTESIAN_POINT('',(1.326E1,2.8E0,2.67E1));
#181=LINE('',#180,#179);
#182=CARTESIAN_POINT('',(1.385E1,2.45E0,2.67E1));
#183=DIRECTION('',(0.E0,0.E0,-1.E0));
#184=DIRECTION('',(1.015061051086E-14,1.E0,0.E0));
#185=AXIS2_PLACEMENT_3D('',#182,#183,#184);
#187=DIRECTION('',(0.E0,-1.E0,0.E0));
#188=VECTOR('',#187,2.15E0);
#189=CARTESIAN_POINT('',(1.42E1,2.45E0,2.67E1));
#190=LINE('',#189,#188);
#191=DIRECTION('',(-1.E0,0.E0,0.E0));
#192=VECTOR('',#191,2.E-1);
#193=CARTESIAN_POINT('',(1.42E1,3.E-1,2.67E1));
#194=LINE('',#193,#192);
#195=CARTESIAN_POINT('',(1.385E1,2.45E0,2.67E1));
#196=DIRECTION('',(0.E0,0.E0,1.E0));
#197=DIRECTION('',(1.E0,0.E0,0.E0));
#198=AXIS2_PLACEMENT_3D('',#195,#196,#197);
#200=DIRECTION('',(0.E0,0.E0,-1.E0));
#201=VECTOR('',#200,1.64E0);
#202=CARTESIAN_POINT('',(1.326E1,2.6E0,2.9E1));
#203=LINE('',#202,#201);
#204=CARTESIAN_POINT('',(1.326E1,2.6E0,2.703E1));
#205=DIRECTION('',(0.E0,-1.E0,0.E0));
#206=DIRECTION('',(0.E0,0.E0,1.E0));
#207=AXIS2_PLACEMENT_3D('',#204,#205,#206);
#209=CARTESIAN_POINT('',(1.326E1,2.6E0,2.703E1));
#210=DIRECTION('',(0.E0,-1.E0,0.E0));
#211=DIRECTION('',(-1.E0,0.E0,0.E0));
#212=AXIS2_PLACEMENT_3D('',#209,#210,#211);
#214=DIRECTION('',(-1.E0,0.E0,0.E0));
#215=VECTOR('',#214,2.77E1);
#216=CARTESIAN_POINT('',(1.385E1,2.6E0,0.E0));
#217=LINE('',#216,#215);
#218=DIRECTION('',(1.E0,0.E0,0.E0));
#219=VECTOR('',#218,5.9E-1);
#220=CARTESIAN_POINT('',(-1.385E1,2.6E0,2.67E1));
#221=LINE('',#220,#219);
#222=CARTESIAN_POINT('',(-1.326E1,2.6E0,2.703E1));
#223=DIRECTION('',(0.E0,-1.E0,0.E0));
#224=DIRECTION('',(-6.997769367334E-14,0.E0,-1.E0));
#225=AXIS2_PLACEMENT_3D('',#222,#223,#224);
#227=CARTESIAN_POINT('',(-1.326E1,2.6E0,2.703E1));
#228=DIRECTION('',(0.E0,-1.E0,0.E0));
#229=DIRECTION('',(1.E0,0.E0,0.E0));
#230=AXIS2_PLACEMENT_3D('',#227,#228,#229);
#232=DIRECTION('',(0.E0,0.E0,1.E0));
#233=VECTOR('',#232,1.64E0);
#234=CARTESIAN_POINT('',(-1.326E1,2.6E0,2.736E1));
#235=LINE('',#234,#233);
#236=DIRECTION('',(0.E0,0.E0,1.E0));
#237=VECTOR('',#236,6.E0);
#238=CARTESIAN_POINT('',(9.9E0,2.6E0,1.5E1));
#239=LINE('',#238,#237);
#240=CARTESIAN_POINT('',(9.7E0,2.6E0,2.1E1));
#241=DIRECTION('',(0.E0,-1.E0,0.E0));
#242=DIRECTION('',(1.E0,0.E0,-3.552713678801E-14));
#243=AXIS2_PLACEMENT_3D('',#240,#241,#242);
#245=DIRECTION('',(-1.E0,0.E0,0.E0));
#246=VECTOR('',#245,1.6E0);
#247=CARTESIAN_POINT('',(9.5E0,2.6E0,2.1E1));
#248=LINE('',#247,#246);
#249=CARTESIAN_POINT('',(7.7E0,2.6E0,2.1E1));
#250=DIRECTION('',(0.E0,-1.E0,0.E0));
#251=DIRECTION('',(1.E0,0.E0,0.E0));
#252=AXIS2_PLACEMENT_3D('',#249,#250,#251);
#254=DIRECTION('',(0.E0,0.E0,-1.E0));
#255=VECTOR('',#254,6.E0);
#256=CARTESIAN_POINT('',(7.5E0,2.6E0,2.1E1));
#257=LINE('',#256,#255);
#258=DIRECTION('',(1.E0,0.E0,0.E0));
#259=VECTOR('',#258,2.4E0);
#260=CARTESIAN_POINT('',(7.5E0,2.6E0,1.5E1));
#261=LINE('',#260,#259);
#262=DIRECTION('',(1.E0,0.E0,0.E0));
#263=VECTOR('',#262,2.4E0);
#264=CARTESIAN_POINT('',(-9.9E0,2.6E0,1.5E1));
#265=LINE('',#264,#263);
#266=DIRECTION('',(0.E0,0.E0,1.E0));
#267=VECTOR('',#266,6.E0);
#268=CARTESIAN_POINT('',(-7.5E0,2.6E0,1.5E1));
#269=LINE('',#268,#267);
#270=CARTESIAN_POINT('',(-7.7E0,2.6E0,2.1E1));
#271=DIRECTION('',(0.E0,-1.E0,0.E0));
#272=DIRECTION('',(1.E0,0.E0,0.E0));
#273=AXIS2_PLACEMENT_3D('',#270,#271,#272);
#275=DIRECTION('',(-1.E0,0.E0,0.E0));
#276=VECTOR('',#275,1.6E0);
#277=CARTESIAN_POINT('',(-7.9E0,2.6E0,2.1E1));
#278=LINE('',#277,#276);
#279=CARTESIAN_POINT('',(-9.7E0,2.6E0,2.1E1));
#280=DIRECTION('',(0.E0,-1.E0,0.E0));
#281=DIRECTION('',(1.E0,0.E0,0.E0));
#282=AXIS2_PLACEMENT_3D('',#279,#280,#281);
#284=DIRECTION('',(0.E0,0.E0,-1.E0));
#285=VECTOR('',#284,6.E0);
#286=CARTESIAN_POINT('',(-9.9E0,2.6E0,2.1E1));
#287=LINE('',#286,#285);
#288=DIRECTION('',(-1.E0,0.E0,0.E0));
#289=VECTOR('',#288,2.652E1);
#290=CARTESIAN_POINT('',(1.326E1,2.6E0,2.9E1));
#291=LINE('',#290,#289);
#292=DIRECTION('',(0.E0,1.E0,0.E0));
#293=VECTOR('',#292,2.E-1);
#294=CARTESIAN_POINT('',(-1.326E1,2.6E0,2.9E1));
#295=LINE('',#294,#293);
#296=DIRECTION('',(-1.E0,0.E0,0.E0));
#297=VECTOR('',#296,2.652E1);
#298=CARTESIAN_POINT('',(1.326E1,2.8E0,2.9E1));
#299=LINE('',#298,#297);
#300=DIRECTION('',(0.E0,0.E0,-1.E0));
#301=VECTOR('',#300,1.64E0);
#302=CARTESIAN_POINT('',(-1.326E1,2.8E0,2.9E1));
#303=LINE('',#302,#301);
#304=CARTESIAN_POINT('',(-1.326E1,2.8E0,2.703E1));
#305=DIRECTION('',(0.E0,1.E0,0.E0));
#306=DIRECTION('',(0.E0,0.E0,1.E0));
#307=AXIS2_PLACEMENT_3D('',#304,#305,#306);
#309=CARTESIAN_POINT('',(-1.326E1,2.8E0,2.703E1));
#310=DIRECTION('',(0.E0,1.E0,0.E0));
#311=DIRECTION('',(1.E0,0.E0,0.E0));
#312=AXIS2_PLACEMENT_3D('',#309,#310,#311);
#314=DIRECTION('',(-1.E0,0.E0,0.E0));
#315=VECTOR('',#314,5.9E-1);
#316=CARTESIAN_POINT('',(-1.326E1,2.8E0,2.67E1));
#317=LINE('',#316,#315);
#318=DIRECTION('',(1.E0,0.E0,0.E0));
#319=VECTOR('',#318,2.77E1);
#320=CARTESIAN_POINT('',(-1.385E1,2.8E0,0.E0));
#321=LINE('',#320,#319);
#322=CARTESIAN_POINT('',(1.326E1,2.8E0,2.703E1));
#323=DIRECTION('',(0.E0,1.E0,0.E0));
#324=DIRECTION('',(6.997769367334E-14,0.E0,-1.E0));
#325=AXIS2_PLACEMENT_3D('',#322,#323,#324);
#327=CARTESIAN_POINT('',(1.326E1,2.8E0,2.703E1));
#328=DIRECTION('',(0.E0,1.E0,0.E0));
#329=DIRECTION('',(-1.E0,0.E0,0.E0));
#330=AXIS2_PLACEMENT_3D('',#327,#328,#329);
#332=DIRECTION('',(0.E0,0.E0,1.E0));
#333=VECTOR('',#332,1.64E0);
#334=CARTESIAN_POINT('',(1.326E1,2.8E0,2.736E1));
#335=LINE('',#334,#333);
#336=DIRECTION('',(1.E0,0.E0,0.E0));
#337=VECTOR('',#336,1.6E0);
#338=CARTESIAN_POINT('',(7.9E0,2.8E0,2.1E1));
#339=LINE('',#338,#337);
#340=CARTESIAN_POINT('',(9.7E0,2.8E0,2.1E1));
#341=DIRECTION('',(0.E0,1.E0,0.E0));
#342=DIRECTION('',(-1.E0,0.E0,0.E0));
#343=AXIS2_PLACEMENT_3D('',#340,#341,#342);
#345=DIRECTION('',(-1.E0,0.E0,0.E0));
#346=VECTOR('',#345,2.4E0);
#347=CARTESIAN_POINT('',(9.9E0,2.8E0,1.5E1));
#348=LINE('',#347,#346);
#349=DIRECTION('',(0.E0,0.E0,1.E0));
#350=VECTOR('',#349,6.E0);
#351=CARTESIAN_POINT('',(7.5E0,2.8E0,1.5E1));
#352=LINE('',#351,#350);
#353=CARTESIAN_POINT('',(7.7E0,2.8E0,2.1E1));
#354=DIRECTION('',(0.E0,1.E0,0.E0));
#355=DIRECTION('',(-1.E0,0.E0,0.E0));
#356=AXIS2_PLACEMENT_3D('',#353,#354,#355);
#358=DIRECTION('',(1.E0,0.E0,0.E0));
#359=VECTOR('',#358,1.6E0);
#360=CARTESIAN_POINT('',(-9.5E0,2.8E0,2.1E1));
#361=LINE('',#360,#359);
#362=CARTESIAN_POINT('',(-7.7E0,2.8E0,2.1E1));
#363=DIRECTION('',(0.E0,1.E0,0.E0));
#364=DIRECTION('',(-1.E0,0.E0,0.E0));
#365=AXIS2_PLACEMENT_3D('',#362,#363,#364);
#367=DIRECTION('',(0.E0,0.E0,-1.E0));
#368=VECTOR('',#367,6.E0);
#369=CARTESIAN_POINT('',(-7.5E0,2.8E0,2.1E1));
#370=LINE('',#369,#368);
#371=DIRECTION('',(-1.E0,0.E0,0.E0));
#372=VECTOR('',#371,2.4E0);
#373=CARTESIAN_POINT('',(-7.5E0,2.8E0,1.5E1));
#374=LINE('',#373,#372);
#375=DIRECTION('',(0.E0,0.E0,1.E0));
#376=VECTOR('',#375,6.E0);
#377=CARTESIAN_POINT('',(-9.9E0,2.8E0,1.5E1));
#378=LINE('',#377,#376);
#379=CARTESIAN_POINT('',(-9.7E0,2.8E0,2.1E1));
#380=DIRECTION('',(0.E0,1.E0,0.E0));
#381=DIRECTION('',(-1.E0,0.E0,-3.552713678801E-14));
#382=AXIS2_PLACEMENT_3D('',#379,#380,#381);
#384=DIRECTION('',(6.217248937901E-14,1.E0,0.E0));
#385=VECTOR('',#384,2.E-1);
#386=CARTESIAN_POINT('',(-1.326E1,2.6E0,2.67E1));
#387=LINE('',#386,#385);
#388=DIRECTION('',(0.E0,-1.E0,0.E0));
#389=VECTOR('',#388,2.E-1);
#390=CARTESIAN_POINT('',(-1.326E1,2.8E0,2.736E1));
#391=LINE('',#390,#389);
#392=DIRECTION('',(-1.E0,0.E0,0.E0));
#393=VECTOR('',#392,2.E-1);
#394=CARTESIAN_POINT('',(-1.4E1,3.E-1,2.67E1));
#395=LINE('',#394,#393);
#396=CARTESIAN_POINT('',(-1.385E1,2.45E0,2.67E1));
#397=DIRECTION('',(0.E0,0.E0,-1.E0));
#398=DIRECTION('',(-1.E0,0.E0,0.E0));
#399=AXIS2_PLACEMENT_3D('',#396,#397,#398);
#401=CARTESIAN_POINT('',(-1.385E1,2.45E0,2.67E1));
#402=DIRECTION('',(0.E0,0.E0,1.E0));
#403=DIRECTION('',(2.368475785867E-14,1.E0,0.E0));
#404=AXIS2_PLACEMENT_3D('',#401,#402,#403);
#406=DIRECTION('',(0.E0,-1.E0,0.E0));
#407=VECTOR('',#406,1.2E0);
#408=CARTESIAN_POINT('',(-1.4E1,1.9E0,5.9E0));
#409=LINE('',#408,#407);
#410=DIRECTION('',(0.E0,0.E0,-1.E0));
#411=VECTOR('',#410,1.8E0);
#412=CARTESIAN_POINT('',(-1.4E1,7.E-1,5.9E0));
#413=LINE('',#412,#411);
#414=DIRECTION('',(0.E0,1.E0,0.E0));
#415=VECTOR('',#414,1.2E0);
#416=CARTESIAN_POINT('',(-1.4E1,7.E-1,4.1E0));
#417=LINE('',#416,#415);
#418=DIRECTION('',(0.E0,0.E0,1.E0));
#419=VECTOR('',#418,1.8E0);
#420=CARTESIAN_POINT('',(-1.4E1,1.9E0,4.1E0));
#421=LINE('',#420,#419);
#422=DIRECTION('',(0.E0,1.E0,0.E0));
#423=VECTOR('',#422,1.2E0);
#424=CARTESIAN_POINT('',(-1.4E1,7.E-1,2.64E1));
#425=LINE('',#424,#423);
#426=DIRECTION('',(0.E0,1.E0,0.E0));
#427=VECTOR('',#426,1.2E0);
#428=CARTESIAN_POINT('',(-1.4E1,7.E-1,2.36E1));
#429=LINE('',#428,#427);
#430=DIRECTION('',(0.E0,0.E0,1.E0));
#431=VECTOR('',#430,4.4E0);
#432=CARTESIAN_POINT('',(-1.4E1,3.E-1,2.23E1));
#433=LINE('',#432,#431);
#434=DIRECTION('',(0.E0,1.E0,0.E0));
#435=VECTOR('',#434,2.15E0);
#436=CARTESIAN_POINT('',(-1.4E1,3.E-1,2.67E1));
#437=LINE('',#436,#435);
#438=DIRECTION('',(0.E0,-1.E0,0.E0));
#439=VECTOR('',#438,2.15E0);
#440=CARTESIAN_POINT('',(-1.4E1,2.45E0,0.E0));
#441=LINE('',#440,#439);
#442=DIRECTION('',(0.E0,1.E0,0.E0));
#443=VECTOR('',#442,1.5E-1);
#444=CARTESIAN_POINT('',(-1.4E1,1.5E-1,2.05E1));
#445=LINE('',#444,#443);
#446=DIRECTION('',(-1.E0,0.E0,0.E0));
#447=VECTOR('',#446,2.E-1);
#448=CARTESIAN_POINT('',(-1.4E1,1.9E0,5.9E0));
#449=LINE('',#448,#447);
#450=DIRECTION('',(1.E0,0.E0,0.E0));
#451=VECTOR('',#450,2.E-1);
#452=CARTESIAN_POINT('',(-1.42E1,7.E-1,5.9E0));
#453=LINE('',#452,#451);
#454=DIRECTION('',(-1.E0,0.E0,0.E0));
#455=VECTOR('',#454,2.E-1);
#456=CARTESIAN_POINT('',(-1.4E1,1.9E0,4.1E0));
#457=LINE('',#456,#455);
#458=DIRECTION('',(-1.E0,0.E0,0.E0));
#459=VECTOR('',#458,2.E-1);
#460=CARTESIAN_POINT('',(-1.4E1,7.E-1,4.1E0));
#461=LINE('',#460,#459);
#462=DIRECTION('',(0.E0,1.E0,0.E0));
#463=VECTOR('',#462,1.2E0);
#464=CARTESIAN_POINT('',(-1.42E1,7.E-1,5.9E0));
#465=LINE('',#464,#463);
#466=DIRECTION('',(0.E0,0.E0,-1.E0));
#467=VECTOR('',#466,1.8E0);
#468=CARTESIAN_POINT('',(-1.42E1,1.9E0,5.9E0));
#469=LINE('',#468,#467);
#470=DIRECTION('',(0.E0,-1.E0,0.E0));
#471=VECTOR('',#470,1.2E0);
#472=CARTESIAN_POINT('',(-1.42E1,1.9E0,4.1E0));
#473=LINE('',#472,#471);
#474=DIRECTION('',(0.E0,0.E0,1.E0));
#475=VECTOR('',#474,1.8E0);
#476=CARTESIAN_POINT('',(-1.42E1,7.E-1,4.1E0));
#477=LINE('',#476,#475);
#478=DIRECTION('',(0.E0,1.E0,0.E0));
#479=VECTOR('',#478,1.2E0);
#480=CARTESIAN_POINT('',(-1.42E1,7.E-1,2.64E1));
#481=LINE('',#480,#479);
#482=DIRECTION('',(0.E0,0.E0,-1.E0));
#483=VECTOR('',#482,4.4E0);
#484=CARTESIAN_POINT('',(-1.42E1,3.E-1,2.67E1));
#485=LINE('',#484,#483);
#486=DIRECTION('',(0.E0,1.E0,0.E0));
#487=VECTOR('',#486,1.5E-1);
#488=CARTESIAN_POINT('',(-1.42E1,1.5E-1,2.05E1));
#489=LINE('',#488,#487);
#490=DIRECTION('',(0.E0,1.E0,0.E0));
#491=VECTOR('',#490,2.15E0);
#492=CARTESIAN_POINT('',(-1.42E1,3.E-1,0.E0));
#493=LINE('',#492,#491);
#494=DIRECTION('',(0.E0,-1.E0,0.E0));
#495=VECTOR('',#494,2.15E0);
#496=CARTESIAN_POINT('',(-1.42E1,2.45E0,2.67E1));
#497=LINE('',#496,#495);
#498=DIRECTION('',(1.E0,0.E0,0.E0));
#499=VECTOR('',#498,2.E-1);
#500=CARTESIAN_POINT('',(-1.42E1,7.E-1,2.64E1));
#501=LINE('',#500,#499);
#502=DIRECTION('',(1.E0,0.E0,0.E0));
#503=VECTOR('',#502,2.E-1);
#504=CARTESIAN_POINT('',(1.4E1,7.E-1,2.64E1));
#505=LINE('',#504,#503);
#506=DIRECTION('',(0.E0,0.E0,-1.E0));
#507=VECTOR('',#506,2.8E0);
#508=CARTESIAN_POINT('',(1.42E1,1.9E0,2.64E1));
#509=LINE('',#508,#507);
#510=DIRECTION('',(-1.E0,0.E0,0.E0));
#511=VECTOR('',#510,2.E-1);
#512=CARTESIAN_POINT('',(1.42E1,1.9E0,2.36E1));
#513=LINE('',#512,#511);
#514=DIRECTION('',(0.E0,0.E0,1.E0));
#515=VECTOR('',#514,2.8E0);
#516=CARTESIAN_POINT('',(1.4E1,1.9E0,2.36E1));
#517=LINE('',#516,#515);
#518=DIRECTION('',(1.E0,0.E0,0.E0));
#519=VECTOR('',#518,2.E-1);
#520=CARTESIAN_POINT('',(1.4E1,1.9E0,2.64E1));
#521=LINE('',#520,#519);
#522=DIRECTION('',(0.E0,0.E0,1.E0));
#523=VECTOR('',#522,2.8E0);
#524=CARTESIAN_POINT('',(-1.42E1,1.9E0,2.36E1));
#525=LINE('',#524,#523);
#526=DIRECTION('',(1.E0,0.E0,0.E0));
#527=VECTOR('',#526,2.E-1);
#528=CARTESIAN_POINT('',(-1.42E1,1.9E0,2.64E1));
#529=LINE('',#528,#527);
#530=DIRECTION('',(0.E0,0.E0,-1.E0));
#531=VECTOR('',#530,2.8E0);
#532=CARTESIAN_POINT('',(-1.4E1,1.9E0,2.64E1));
#533=LINE('',#532,#531);
#534=DIRECTION('',(-1.E0,0.E0,0.E0));
#535=VECTOR('',#534,2.E-1);
#536=CARTESIAN_POINT('',(-1.4E1,1.9E0,2.36E1));
#537=LINE('',#536,#535);
#538=DIRECTION('',(0.E0,1.E0,0.E0));
#539=VECTOR('',#538,1.2E0);
#540=CARTESIAN_POINT('',(1.4E1,7.E-1,2.36E1));
#541=LINE('',#540,#539);
#542=DIRECTION('',(0.E0,-1.E0,0.E0));
#543=VECTOR('',#542,1.2E0);
#544=CARTESIAN_POINT('',(1.42E1,1.9E0,2.36E1));
#545=LINE('',#544,#543);
#546=DIRECTION('',(-1.E0,0.E0,0.E0));
#547=VECTOR('',#546,2.E-1);
#548=CARTESIAN_POINT('',(1.42E1,7.E-1,2.36E1));
#549=LINE('',#548,#547);
#550=DIRECTION('',(0.E0,0.E0,-1.E0));
#551=VECTOR('',#550,2.8E0);
#552=CARTESIAN_POINT('',(1.4E1,7.E-1,2.64E1));
#553=LINE('',#552,#551);
#554=DIRECTION('',(0.E0,0.E0,1.E0));
#555=VECTOR('',#554,2.8E0);
#556=CARTESIAN_POINT('',(1.42E1,7.E-1,2.36E1));
#557=LINE('',#556,#555);
#558=DIRECTION('',(0.E0,0.E0,1.E0));
#559=VECTOR('',#558,2.8E0);
#560=CARTESIAN_POINT('',(-1.4E1,7.E-1,2.36E1));
#561=LINE('',#560,#559);
#562=DIRECTION('',(0.E0,0.E0,-1.E0));
#563=VECTOR('',#562,2.8E0);
#564=CARTESIAN_POINT('',(-1.42E1,7.E-1,2.64E1));
#565=LINE('',#564,#563);
#566=DIRECTION('',(-1.E0,0.E0,0.E0));
#567=VECTOR('',#566,2.E-1);
#568=CARTESIAN_POINT('',(-1.4E1,7.E-1,2.36E1));
#569=LINE('',#568,#567);
#570=DIRECTION('',(0.E0,1.E0,0.E0));
#571=VECTOR('',#570,1.2E0);
#572=CARTESIAN_POINT('',(-1.42E1,7.E-1,2.36E1));
#573=LINE('',#572,#571);
#574=DIRECTION('',(1.E0,0.E0,0.E0));
#575=VECTOR('',#574,2.E-1);
#576=CARTESIAN_POINT('',(-1.42E1,3.E-1,2.23E1));
#577=LINE('',#576,#575);
#578=DIRECTION('',(0.E0,1.E0,0.E0));
#579=VECTOR('',#578,1.5E-1);
#580=CARTESIAN_POINT('',(-1.4E1,1.5E-1,2.23E1));
#581=LINE('',#580,#579);
#582=CARTESIAN_POINT('',(-1.395E1,1.5E-1,2.23E1));
#583=DIRECTION('',(0.E0,0.E0,-1.E0));
#584=DIRECTION('',(0.E0,-1.E0,0.E0));
#585=AXIS2_PLACEMENT_3D('',#582,#583,#584);
#587=DIRECTION('',(-1.E0,0.E0,0.E0));
#588=VECTOR('',#587,5.5E-1);
#589=CARTESIAN_POINT('',(-1.34E1,1.E-1,2.23E1));
#590=LINE('',#589,#588);
#591=DIRECTION('',(0.E0,1.E0,0.E0));
#592=VECTOR('',#591,2.E-1);
#593=CARTESIAN_POINT('',(-1.34E1,-1.E-1,2.23E1));
#594=LINE('',#593,#592);
#595=DIRECTION('',(1.E0,0.E0,0.E0));
#596=VECTOR('',#595,5.5E-1);
#597=CARTESIAN_POINT('',(-1.395E1,-1.E-1,2.23E1));
#598=LINE('',#597,#596);
#599=CARTESIAN_POINT('',(-1.395E1,1.5E-1,2.23E1));
#600=DIRECTION('',(0.E0,0.E0,1.E0));
#601=DIRECTION('',(-1.E0,0.E0,0.E0));
#602=AXIS2_PLACEMENT_3D('',#599,#600,#601);
#604=DIRECTION('',(0.E0,-1.E0,0.E0));
#605=VECTOR('',#604,1.5E-1);
#606=CARTESIAN_POINT('',(-1.42E1,3.E-1,2.23E1));
#607=LINE('',#606,#605);
#608=DIRECTION('',(0.E0,0.E0,1.E0));
#609=VECTOR('',#608,1.8E0);
#610=CARTESIAN_POINT('',(-1.395E1,1.E-1,2.05E1));
#611=LINE('',#610,#609);
#612=DIRECTION('',(0.E0,0.E0,-1.E0));
#613=VECTOR('',#612,1.8E0);
#614=CARTESIAN_POINT('',(-1.4E1,1.5E-1,2.23E1));
#615=LINE('',#614,#613);
#616=CARTESIAN_POINT('',(-1.395E1,1.5E-1,2.05E1));
#617=DIRECTION('',(0.E0,0.E0,-1.E0));
#618=DIRECTION('',(0.E0,-1.E0,0.E0));
#619=AXIS2_PLACEMENT_3D('',#616,#617,#618);
#621=DIRECTION('',(0.E0,0.E0,1.E0));
#622=VECTOR('',#621,1.8E0);
#623=CARTESIAN_POINT('',(-1.34E1,1.E-1,2.05E1));
#624=LINE('',#623,#622);
#625=DIRECTION('',(1.E0,0.E0,0.E0));
#626=VECTOR('',#625,5.5E-1);
#627=CARTESIAN_POINT('',(-1.395E1,1.E-1,2.05E1));
#628=LINE('',#627,#626);
#629=DIRECTION('',(0.E0,0.E0,1.E0));
#630=VECTOR('',#629,1.8E0);
#631=CARTESIAN_POINT('',(-1.34E1,-1.E-1,2.05E1));
#632=LINE('',#631,#630);
#633=DIRECTION('',(0.E0,-1.E0,0.E0));
#634=VECTOR('',#633,2.E-1);
#635=CARTESIAN_POINT('',(-1.34E1,1.E-1,2.05E1));
#636=LINE('',#635,#634);
#637=DIRECTION('',(0.E0,0.E0,1.E0));
#638=VECTOR('',#637,1.8E0);
#639=CARTESIAN_POINT('',(-1.395E1,-1.E-1,2.05E1));
#640=LINE('',#639,#638);
#641=DIRECTION('',(-1.E0,0.E0,0.E0));
#642=VECTOR('',#641,5.5E-1);
#643=CARTESIAN_POINT('',(-1.34E1,-1.E-1,2.05E1));
#644=LINE('',#643,#642);
#645=DIRECTION('',(0.E0,0.E0,1.E0));
#646=VECTOR('',#645,1.8E0);
#647=CARTESIAN_POINT('',(-1.42E1,1.5E-1,2.05E1));
#648=LINE('',#647,#646);
#649=CARTESIAN_POINT('',(-1.395E1,1.5E-1,2.05E1));
#650=DIRECTION('',(0.E0,0.E0,-1.E0));
#651=DIRECTION('',(0.E0,-1.E0,0.E0));
#652=AXIS2_PLACEMENT_3D('',#649,#650,#651);
#654=DIRECTION('',(1.E0,0.E0,0.E0));
#655=VECTOR('',#654,2.E-1);
#656=CARTESIAN_POINT('',(-1.42E1,3.E-1,2.05E1));
#657=LINE('',#656,#655);
#658=DIRECTION('',(0.E0,0.E0,1.E0));
#659=VECTOR('',#658,2.05E1);
#660=CARTESIAN_POINT('',(-1.42E1,3.E-1,0.E0));
#661=LINE('',#660,#659);
#662=DIRECTION('',(0.E0,0.E0,-1.E0));
#663=VECTOR('',#662,2.05E1);
#664=CARTESIAN_POINT('',(-1.4E1,3.E-1,2.05E1));
#665=LINE('',#664,#663);
#666=DIRECTION('',(-1.E0,0.E0,0.E0));
#667=VECTOR('',#666,2.E-1);
#668=CARTESIAN_POINT('',(-1.4E1,3.E-1,0.E0));
#669=LINE('',#668,#667);
#670=DIRECTION('',(-1.E0,0.E0,0.E0));
#671=VECTOR('',#670,2.E-1);
#672=CARTESIAN_POINT('',(-1.4E1,2.45E0,0.E0));
#673=LINE('',#672,#671);
#674=CARTESIAN_POINT('',(-1.385E1,2.45E0,0.E0));
#675=DIRECTION('',(0.E0,0.E0,-1.E0));
#676=DIRECTION('',(-1.E0,0.E0,0.E0));
#677=AXIS2_PLACEMENT_3D('',#674,#675,#676);
#679=DIRECTION('',(0.E0,1.E0,0.E0));
#680=VECTOR('',#679,2.E-1);
#681=CARTESIAN_POINT('',(-1.385E1,2.6E0,0.E0));
#682=LINE('',#681,#680);
#683=CARTESIAN_POINT('',(-1.385E1,2.45E0,0.E0));
#684=DIRECTION('',(0.E0,0.E0,1.E0));
#685=DIRECTION('',(0.E0,1.E0,0.E0));
#686=AXIS2_PLACEMENT_3D('',#683,#684,#685);
#688=DIRECTION('',(0.E0,0.E0,-1.E0));
#689=VECTOR('',#688,2.67E1);
#690=CARTESIAN_POINT('',(-1.385E1,2.6E0,2.67E1));
#691=LINE('',#690,#689);
#692=DIRECTION('',(0.E0,0.E0,1.E0));
#693=VECTOR('',#692,2.67E1);
#694=CARTESIAN_POINT('',(-1.4E1,2.45E0,0.E0));
#695=LINE('',#694,#693);
#696=DIRECTION('',(0.E0,1.E0,0.E0));
#697=VECTOR('',#696,2.E-1);
#698=CARTESIAN_POINT('',(1.385E1,2.6E0,0.E0));
#699=LINE('',#698,#697);
#700=CARTESIAN_POINT('',(1.385E1,2.45E0,0.E0));
#701=DIRECTION('',(0.E0,0.E0,-1.E0));
#702=DIRECTION('',(0.E0,1.E0,0.E0));
#703=AXIS2_PLACEMENT_3D('',#700,#701,#702);
#705=DIRECTION('',(1.E0,0.E0,0.E0));
#706=VECTOR('',#705,2.E-1);
#707=CARTESIAN_POINT('',(1.4E1,2.45E0,0.E0));
#708=LINE('',#707,#706);
#709=CARTESIAN_POINT('',(1.385E1,2.45E0,0.E0));
#710=DIRECTION('',(0.E0,0.E0,1.E0));
#711=DIRECTION('',(1.E0,0.E0,0.E0));
#712=AXIS2_PLACEMENT_3D('',#709,#710,#711);
#714=DIRECTION('',(0.E0,0.E0,-1.E0));
#715=VECTOR('',#714,2.67E1);
#716=CARTESIAN_POINT('',(1.4E1,2.45E0,2.67E1));
#717=LINE('',#716,#715);
#718=DIRECTION('',(0.E0,0.E0,1.E0));
#719=VECTOR('',#718,2.67E1);
#720=CARTESIAN_POINT('',(1.385E1,2.6E0,0.E0));
#721=LINE('',#720,#719);
#722=DIRECTION('',(1.E0,0.E0,0.E0));
#723=VECTOR('',#722,2.E-1);
#724=CARTESIAN_POINT('',(1.4E1,3.E-1,0.E0));
#725=LINE('',#724,#723);
#726=DIRECTION('',(0.E0,1.E0,0.E0));
#727=VECTOR('',#726,2.15E0);
#728=CARTESIAN_POINT('',(1.42E1,3.E-1,0.E0));
#729=LINE('',#728,#727);
#730=DIRECTION('',(0.E0,0.E0,-1.E0));
#731=VECTOR('',#730,2.67E1);
#732=CARTESIAN_POINT('',(1.385E1,2.8E0,2.67E1));
#733=LINE('',#732,#731);
#734=DIRECTION('',(0.E0,0.E0,1.E0));
#735=VECTOR('',#734,2.67E1);
#736=CARTESIAN_POINT('',(1.42E1,2.45E0,0.E0));
#737=LINE('',#736,#735);
#738=DIRECTION('',(0.E0,0.E0,-1.E0));
#739=VECTOR('',#738,2.67E1);
#740=CARTESIAN_POINT('',(-1.42E1,2.45E0,2.67E1));
#741=LINE('',#740,#739);
#742=DIRECTION('',(0.E0,0.E0,1.E0));
#743=VECTOR('',#742,2.67E1);
#744=CARTESIAN_POINT('',(-1.385E1,2.8E0,0.E0));
#745=LINE('',#744,#743);
#746=DIRECTION('',(0.E0,1.E0,0.E0));
#747=VECTOR('',#746,2.E-1);
#748=CARTESIAN_POINT('',(1.326E1,2.6E0,2.736E1));
#749=LINE('',#748,#747);
#750=DIRECTION('',(0.E0,-1.E0,0.E0));
#751=VECTOR('',#750,2.E-1);
#752=CARTESIAN_POINT('',(1.326E1,2.8E0,2.67E1));
#753=LINE('',#752,#751);
#754=DIRECTION('',(0.E0,1.E0,0.E0));
#755=VECTOR('',#754,2.E-1);
#756=CARTESIAN_POINT('',(1.326E1,2.6E0,2.9E1));
#757=LINE('',#756,#755);
#758=DIRECTION('',(0.E0,0.E0,1.E0));
#759=VECTOR('',#758,2.846326469380E0);
#760=CARTESIAN_POINT('',(9.5E0,2.8E0,1.815367353062E1));
#761=LINE('',#760,#759);
#762=DIRECTION('',(0.E0,0.E0,-1.E0));
#763=VECTOR('',#762,2.846326469380E0);
#764=CARTESIAN_POINT('',(7.9E0,2.8E0,2.1E1));
#765=LINE('',#764,#763);
#766=DIRECTION('',(0.E0,0.E0,1.E0));
#767=VECTOR('',#766,2.846326469380E0);
#768=CARTESIAN_POINT('',(9.5E0,2.6E0,1.815367353062E1));
#769=LINE('',#768,#767);
#770=DIRECTION('',(0.E0,-1.E0,0.E0));
#771=VECTOR('',#770,2.E-1);
#772=CARTESIAN_POINT('',(9.5E0,2.8E0,1.815367353062E1));
#773=LINE('',#772,#771);
#774=DIRECTION('',(0.E0,0.E0,1.E0));
#775=VECTOR('',#774,2.846326469380E0);
#776=CARTESIAN_POINT('',(7.9E0,2.6E0,1.815367353062E1));
#777=LINE('',#776,#775);
#778=DIRECTION('',(-1.E0,3.969047313035E-14,2.398081733190E-13));
#779=VECTOR('',#778,1.6E0);
#780=CARTESIAN_POINT('',(9.5E0,2.579226431688E0,1.795090372152E1));
#781=LINE('',#780,#779);
#782=DIRECTION('',(1.E0,0.E0,0.E0));
#783=VECTOR('',#782,1.6E0);
#784=CARTESIAN_POINT('',(7.9E0,2.6E0,1.815367353062E1));
#785=LINE('',#784,#783);
#786=CARTESIAN_POINT('',(9.5E0,1.6E0,1.815367353062E1));
#787=DIRECTION('',(1.E0,0.E0,0.E0));
#788=DIRECTION('',(0.E0,9.792264316874E-1,-2.027698091057E-1));
#789=AXIS2_PLACEMENT_3D('',#786,#787,#788);
#791=CARTESIAN_POINT('',(9.5E0,1.6E0,1.815367353062E1));
#792=DIRECTION('',(-1.E0,0.E0,0.E0));
#793=DIRECTION('',(0.E0,1.E0,0.E0));
#794=AXIS2_PLACEMENT_3D('',#791,#792,#793);
#796=DIRECTION('',(0.E0,-9.792264316823E-1,2.027698091305E-1));
#797=VECTOR('',#796,1.999999999995E-1);
#798=CARTESIAN_POINT('',(9.5E0,2.775071718024E0,1.791034975969E1));
#799=LINE('',#798,#797);
#800=DIRECTION('',(-1.E0,0.E0,0.E0));
#801=VECTOR('',#800,1.6E0);
#802=CARTESIAN_POINT('',(9.5E0,2.8E0,1.815367353062E1));
#803=LINE('',#802,#801);
#804=DIRECTION('',(1.E0,-1.723621245731E-13,-5.462297281156E-13));
#805=VECTOR('',#804,1.6E0);
#806=CARTESIAN_POINT('',(7.9E0,2.775071718024E0,1.791034975969E1));
#807=LINE('',#806,#805);
#808=CARTESIAN_POINT('',(7.9E0,1.6E0,1.815367353062E1));
#809=DIRECTION('',(-1.E0,0.E0,0.E0));
#810=DIRECTION('',(0.E0,1.E0,0.E0));
#811=AXIS2_PLACEMENT_3D('',#808,#809,#810);
#813=DIRECTION('',(0.E0,9.792264316828E-1,-2.027698091279E-1));
#814=VECTOR('',#813,1.999999999996E-1);
#815=CARTESIAN_POINT('',(7.9E0,2.579226431688E0,1.795090372152E1));
#816=LINE('',#815,#814);
#817=CARTESIAN_POINT('',(7.9E0,1.6E0,1.815367353062E1));
#818=DIRECTION('',(1.E0,0.E0,0.E0));
#819=DIRECTION('',(0.E0,9.792264316872E-1,-2.027698091065E-1));
#820=AXIS2_PLACEMENT_3D('',#817,#818,#819);
#822=DIRECTION('',(0.E0,-1.E0,0.E0));
#823=VECTOR('',#822,2.E-1);
#824=CARTESIAN_POINT('',(7.9E0,2.8E0,1.815367353062E1));
#825=LINE('',#824,#823);
#826=DIRECTION('',(0.E0,-2.027698091090E-1,-9.792264316867E-1));
#827=VECTOR('',#826,1.274612155083E0);
#828=CARTESIAN_POINT('',(7.9E0,2.579226431688E0,1.795090372152E1));
#829=LINE('',#828,#827);
#830=DIRECTION('',(0.E0,2.027698091089E-1,9.792264316867E-1));
#831=VECTOR('',#830,1.274612155078E0);
#832=CARTESIAN_POINT('',(7.9E0,2.516618854651E0,1.666221584729E1));
#833=LINE('',#832,#831);
#834=DIRECTION('',(0.E0,-2.027698091090E-1,-9.792264316867E-1));
#835=VECTOR('',#834,1.274612155083E0);
#836=CARTESIAN_POINT('',(9.5E0,2.579226431688E0,1.795090372152E1));
#837=LINE('',#836,#835);
#838=DIRECTION('',(0.E0,-2.027698091089E-1,-9.792264316867E-1));
#839=VECTOR('',#838,1.274612155077E0);
#840=CARTESIAN_POINT('',(9.5E0,2.775071718024E0,1.791034975969E1));
#841=LINE('',#840,#839);
#842=DIRECTION('',(0.E0,-9.792264316875E-1,2.027698091050E-1));
#843=VECTOR('',#842,1.999999999997E-1);
#844=CARTESIAN_POINT('',(9.5E0,2.516618854651E0,1.666221584729E1));
#845=LINE('',#844,#843);
#846=DIRECTION('',(-1.E0,1.043609643148E-13,2.531308496145E-13));
#847=VECTOR('',#846,1.6E0);
#848=CARTESIAN_POINT('',(9.5E0,2.516618854651E0,1.666221584729E1));
#849=LINE('',#848,#847);
#850=DIRECTION('',(1.E0,6.855627177060E-14,-4.196643033083E-13));
#851=VECTOR('',#850,1.6E0);
#852=CARTESIAN_POINT('',(7.9E0,2.507362033324E0,1.639171771251E1));
#853=LINE('',#852,#851);
#854=CARTESIAN_POINT('',(9.5E0,3.3E0,1.65E1));
#855=DIRECTION('',(-1.E0,0.E0,0.E0));
#856=DIRECTION('',(0.E0,-9.907974583450E-1,-1.353528593609E-1));
#857=AXIS2_PLACEMENT_3D('',#854,#855,#856);
#859=CARTESIAN_POINT('',(9.5E0,3.3E0,1.65E1));
#860=DIRECTION('',(1.E0,0.E0,0.E0));
#861=DIRECTION('',(0.E0,-9.792264316863E-1,2.027698091109E-1));
#862=AXIS2_PLACEMENT_3D('',#859,#860,#861);
#864=DIRECTION('',(0.E0,-9.907974583456E-1,-1.353528593560E-1));
#865=VECTOR('',#864,1.999999999998E-1);
#866=CARTESIAN_POINT('',(9.5E0,2.507362033324E0,1.639171771251E1));
#867=LINE('',#866,#865);
#868=DIRECTION('',(-1.E0,-6.439293542826E-14,2.153832667773E-13));
#869=VECTOR('',#868,1.6E0);
#870=CARTESIAN_POINT('',(9.5E0,2.309202541655E0,1.636464714064E1));
#871=LINE('',#870,#869);
#872=DIRECTION('',(1.E0,0.E0,-2.220446049250E-14));
#873=VECTOR('',#872,1.6E0);
#874=CARTESIAN_POINT('',(7.9E0,2.320773568314E0,1.670276980911E1));
#875=LINE('',#874,#873);
#876=DIRECTION('',(0.E0,1.353528593618E-1,-9.907974583448E-1));
#877=VECTOR('',#876,6.708203932506E-1);
#878=CARTESIAN_POINT('',(9.5E0,2.309202541655E0,1.636464714064E1));
#879=LINE('',#878,#877);
#880=DIRECTION('',(-1.E0,1.443289932013E-14,-2.964295475749E-13));
#881=VECTOR('',#880,1.6E0);
#882=CARTESIAN_POINT('',(9.5E0,2.4E0,1.57E1));
#883=LINE('',#882,#881);
#884=DIRECTION('',(0.E0,-1.353528593619E-1,9.907974583448E-1));
#885=VECTOR('',#884,6.708203932514E-1);
#886=CARTESIAN_POINT('',(7.9E0,2.4E0,1.57E1));
#887=LINE('',#886,#885);
#888=DIRECTION('',(0.E0,1.353528593616E-1,-9.907974583449E-1));
#889=VECTOR('',#888,6.708203932494E-1);
#890=CARTESIAN_POINT('',(9.5E0,2.507362033324E0,1.639171771251E1));
#891=LINE('',#890,#889);
#892=DIRECTION('',(0.E0,-9.907974583448E-1,-1.353528593618E-1));
#893=VECTOR('',#892,1.999999999997E-1);
#894=CARTESIAN_POINT('',(9.5E0,2.598159491668E0,1.572707057187E1));
#895=LINE('',#894,#893);
#896=DIRECTION('',(0.E0,1.353528593616E-1,-9.907974583449E-1));
#897=VECTOR('',#896,6.708203932506E-1);
#898=CARTESIAN_POINT('',(7.9E0,2.507362033324E0,1.639171771251E1));
#899=LINE('',#898,#897);
#900=DIRECTION('',(1.E0,-3.302913498260E-14,2.964295475749E-13));
#901=VECTOR('',#900,1.6E0);
#902=CARTESIAN_POINT('',(7.9E0,2.598159491668E0,1.572707057187E1));
#903=LINE('',#902,#901);
#904=DIRECTION('',(0.E0,9.907974583448E-1,1.353528593618E-1));
#905=VECTOR('',#904,1.999999999997E-1);
#906=CARTESIAN_POINT('',(7.9E0,2.4E0,1.57E1));
#907=LINE('',#906,#905);
#908=DIRECTION('',(0.E0,-9.907974583454E-1,-1.353528593575E-1));
#909=VECTOR('',#908,1.999999999999E-1);
#910=CARTESIAN_POINT('',(7.9E0,2.507362033324E0,1.639171771251E1));
#911=LINE('',#910,#909);
#912=CARTESIAN_POINT('',(7.9E0,3.3E0,1.65E1));
#913=DIRECTION('',(1.E0,0.E0,0.E0));
#914=DIRECTION('',(0.E0,-9.792264316864E-1,2.027698091105E-1));
#915=AXIS2_PLACEMENT_3D('',#912,#913,#914);
#917=CARTESIAN_POINT('',(7.9E0,3.3E0,1.65E1));
#918=DIRECTION('',(-1.E0,0.E0,0.E0));
#919=DIRECTION('',(0.E0,-9.907974583450E-1,-1.353528593604E-1));
#920=AXIS2_PLACEMENT_3D('',#917,#918,#919);
#922=DIRECTION('',(0.E0,-9.792264316880E-1,2.027698091030E-1));
#923=VECTOR('',#922,1.999999999998E-1);
#924=CARTESIAN_POINT('',(7.9E0,2.516618854651E0,1.666221584729E1));
#925=LINE('',#924,#923);
#926=DIRECTION('',(0.E0,-1.E0,0.E0));
#927=VECTOR('',#926,2.E-1);
#928=CARTESIAN_POINT('',(7.5E0,2.8E0,2.1E1));
#929=LINE('',#928,#927);
#930=DIRECTION('',(0.E0,1.E0,0.E0));
#931=VECTOR('',#930,2.E-1);
#932=CARTESIAN_POINT('',(7.9E0,2.6E0,2.1E1));
#933=LINE('',#932,#931);
#934=DIRECTION('',(0.E0,-1.E0,0.E0));
#935=VECTOR('',#934,2.E-1);
#936=CARTESIAN_POINT('',(7.5E0,2.8E0,1.5E1));
#937=LINE('',#936,#935);
#938=DIRECTION('',(0.E0,0.E0,1.E0));
#939=VECTOR('',#938,6.E0);
#940=CARTESIAN_POINT('',(9.9E0,2.8E0,1.5E1));
#941=LINE('',#940,#939);
#942=DIRECTION('',(0.E0,1.E0,0.E0));
#943=VECTOR('',#942,2.E-1);
#944=CARTESIAN_POINT('',(9.9E0,2.6E0,1.5E1));
#945=LINE('',#944,#943);
#946=DIRECTION('',(0.E0,-1.E0,0.E0));
#947=VECTOR('',#946,2.E-1);
#948=CARTESIAN_POINT('',(9.5E0,2.8E0,2.1E1));
#949=LINE('',#948,#947);
#950=DIRECTION('',(0.E0,1.E0,0.E0));
#951=VECTOR('',#950,2.E-1);
#952=CARTESIAN_POINT('',(9.9E0,2.6E0,2.1E1));
#953=LINE('',#952,#951);
#954=DIRECTION('',(0.E0,0.E0,1.E0));
#955=VECTOR('',#954,2.846326469380E0);
#956=CARTESIAN_POINT('',(-7.9E0,2.8E0,1.815367353062E1));
#957=LINE('',#956,#955);
#958=DIRECTION('',(0.E0,0.E0,-1.E0));
#959=VECTOR('',#958,2.846326469380E0);
#960=CARTESIAN_POINT('',(-9.5E0,2.8E0,2.1E1));
#961=LINE('',#960,#959);
#962=DIRECTION('',(0.E0,0.E0,1.E0));
#963=VECTOR('',#962,2.846326469380E0);
#964=CARTESIAN_POINT('',(-7.9E0,2.6E0,1.815367353062E1));
#965=LINE('',#964,#963);
#966=DIRECTION('',(0.E0,-1.E0,0.E0));
#967=VECTOR('',#966,2.E-1);
#968=CARTESIAN_POINT('',(-7.9E0,2.8E0,1.815367353062E1));
#969=LINE('',#968,#967);
#970=DIRECTION('',(0.E0,0.E0,1.E0));
#971=VECTOR('',#970,2.846326469380E0);
#972=CARTESIAN_POINT('',(-9.5E0,2.6E0,1.815367353062E1));
#973=LINE('',#972,#971);
#974=DIRECTION('',(-1.E0,3.969047313035E-14,2.398081733190E-13));
#975=VECTOR('',#974,1.6E0);
#976=CARTESIAN_POINT('',(-7.9E0,2.579226431688E0,1.795090372152E1));
#977=LINE('',#976,#975);
#978=DIRECTION('',(1.E0,0.E0,0.E0));
#979=VECTOR('',#978,1.6E0);
#980=CARTESIAN_POINT('',(-9.5E0,2.6E0,1.815367353062E1));
#981=LINE('',#980,#979);
#982=CARTESIAN_POINT('',(-7.9E0,1.6E0,1.815367353062E1));
#983=DIRECTION('',(1.E0,0.E0,0.E0));
#984=DIRECTION('',(0.E0,9.792264316874E-1,-2.027698091057E-1));
#985=AXIS2_PLACEMENT_3D('',#982,#983,#984);
#987=CARTESIAN_POINT('',(-7.9E0,1.6E0,1.815367353062E1));
#988=DIRECTION('',(-1.E0,0.E0,0.E0));
#989=DIRECTION('',(0.E0,1.E0,0.E0));
#990=AXIS2_PLACEMENT_3D('',#987,#988,#989);
#992=DIRECTION('',(0.E0,-9.792264316823E-1,2.027698091305E-1));
#993=VECTOR('',#992,1.999999999995E-1);
#994=CARTESIAN_POINT('',(-7.9E0,2.775071718024E0,1.791034975969E1));
#995=LINE('',#994,#993);
#996=DIRECTION('',(-1.E0,0.E0,0.E0));
#997=VECTOR('',#996,1.6E0);
#998=CARTESIAN_POINT('',(-7.9E0,2.8E0,1.815367353062E1));
#999=LINE('',#998,#997);
#1000=DIRECTION('',(1.E0,-1.723621245731E-13,-5.462297281156E-13));
#1001=VECTOR('',#1000,1.6E0);
#1002=CARTESIAN_POINT('',(-9.5E0,2.775071718024E0,1.791034975969E1));
#1003=LINE('',#1002,#1001);
#1004=CARTESIAN_POINT('',(-9.5E0,1.6E0,1.815367353062E1));
#1005=DIRECTION('',(-1.E0,0.E0,0.E0));
#1006=DIRECTION('',(0.E0,1.E0,0.E0));
#1007=AXIS2_PLACEMENT_3D('',#1004,#1005,#1006);
#1009=DIRECTION('',(0.E0,9.792264316828E-1,-2.027698091279E-1));
#1010=VECTOR('',#1009,1.999999999996E-1);
#1011=CARTESIAN_POINT('',(-9.5E0,2.579226431688E0,1.795090372152E1));
#1012=LINE('',#1011,#1010);
#1013=CARTESIAN_POINT('',(-9.5E0,1.6E0,1.815367353062E1));
#1014=DIRECTION('',(1.E0,0.E0,0.E0));
#1015=DIRECTION('',(0.E0,9.792264316872E-1,-2.027698091065E-1));
#1016=AXIS2_PLACEMENT_3D('',#1013,#1014,#1015);
#1018=DIRECTION('',(0.E0,-1.E0,0.E0));
#1019=VECTOR('',#1018,2.E-1);
#1020=CARTESIAN_POINT('',(-9.5E0,2.8E0,1.815367353062E1));
#1021=LINE('',#1020,#1019);
#1022=DIRECTION('',(0.E0,-2.027698091090E-1,-9.792264316867E-1));
#1023=VECTOR('',#1022,1.274612155083E0);
#1024=CARTESIAN_POINT('',(-9.5E0,2.579226431688E0,1.795090372152E1));
#1025=LINE('',#1024,#1023);
#1026=DIRECTION('',(0.E0,2.027698091089E-1,9.792264316867E-1));
#1027=VECTOR('',#1026,1.274612155078E0);
#1028=CARTESIAN_POINT('',(-9.5E0,2.516618854651E0,1.666221584729E1));
#1029=LINE('',#1028,#1027);
#1030=DIRECTION('',(0.E0,-2.027698091090E-1,-9.792264316867E-1));
#1031=VECTOR('',#1030,1.274612155083E0);
#1032=CARTESIAN_POINT('',(-7.9E0,2.579226431688E0,1.795090372152E1));
#1033=LINE('',#1032,#1031);
#1034=DIRECTION('',(0.E0,-2.027698091089E-1,-9.792264316867E-1));
#1035=VECTOR('',#1034,1.274612155077E0);
#1036=CARTESIAN_POINT('',(-7.9E0,2.775071718024E0,1.791034975969E1));
#1037=LINE('',#1036,#1035);
#1038=DIRECTION('',(0.E0,-9.792264316875E-1,2.027698091050E-1));
#1039=VECTOR('',#1038,1.999999999997E-1);
#1040=CARTESIAN_POINT('',(-7.9E0,2.516618854651E0,1.666221584729E1));
#1041=LINE('',#1040,#1039);
#1042=DIRECTION('',(-1.E0,1.043609643148E-13,2.531308496145E-13));
#1043=VECTOR('',#1042,1.6E0);
#1044=CARTESIAN_POINT('',(-7.9E0,2.516618854651E0,1.666221584729E1));
#1045=LINE('',#1044,#1043);
#1046=DIRECTION('',(1.E0,6.883382752676E-14,-4.241051954068E-13));
#1047=VECTOR('',#1046,1.6E0);
#1048=CARTESIAN_POINT('',(-9.5E0,2.507362033324E0,1.639171771251E1));
#1049=LINE('',#1048,#1047);
#1050=CARTESIAN_POINT('',(-7.9E0,3.3E0,1.65E1));
#1051=DIRECTION('',(-1.E0,0.E0,0.E0));
#1052=DIRECTION('',(0.E0,-9.907974583450E-1,-1.353528593609E-1));
#1053=AXIS2_PLACEMENT_3D('',#1050,#1051,#1052);
#1055=CARTESIAN_POINT('',(-7.9E0,3.3E0,1.65E1));
#1056=DIRECTION('',(1.E0,0.E0,0.E0));
#1057=DIRECTION('',(0.E0,-9.792264316863E-1,2.027698091109E-1));
#1058=AXIS2_PLACEMENT_3D('',#1055,#1056,#1057);
#1060=DIRECTION('',(0.E0,-9.907974583456E-1,-1.353528593559E-1));
#1061=VECTOR('',#1060,1.999999999998E-1);
#1062=CARTESIAN_POINT('',(-7.9E0,2.507362033324E0,1.639171771251E1));
#1063=LINE('',#1062,#1061);
#1064=DIRECTION('',(-1.E0,-6.494804694057E-14,2.198241588758E-13));
#1065=VECTOR('',#1064,1.6E0);
#1066=CARTESIAN_POINT('',(-7.9E0,2.309202541655E0,1.636464714064E1));
#1067=LINE('',#1066,#1065);
#1068=DIRECTION('',(1.E0,0.E0,-2.220446049250E-14));
#1069=VECTOR('',#1068,1.6E0);
#1070=CARTESIAN_POINT('',(-9.5E0,2.320773568314E0,1.670276980911E1));
#1071=LINE('',#1070,#1069);
#1072=DIRECTION('',(0.E0,1.353528593618E-1,-9.907974583448E-1));
#1073=VECTOR('',#1072,6.708203932506E-1);
#1074=CARTESIAN_POINT('',(-7.9E0,2.309202541655E0,1.636464714064E1));
#1075=LINE('',#1074,#1073);
#1076=DIRECTION('',(-1.E0,1.443289932013E-14,-2.964295475749E-13));
#1077=VECTOR('',#1076,1.6E0);
#1078=CARTESIAN_POINT('',(-7.9E0,2.4E0,1.57E1));
#1079=LINE('',#1078,#1077);
#1080=DIRECTION('',(0.E0,-1.353528593618E-1,9.907974583448E-1));
#1081=VECTOR('',#1080,6.708203932514E-1);
#1082=CARTESIAN_POINT('',(-9.5E0,2.4E0,1.57E1));
#1083=LINE('',#1082,#1081);
#1084=DIRECTION('',(0.E0,1.353528593616E-1,-9.907974583449E-1));
#1085=VECTOR('',#1084,6.708203932494E-1);
#1086=CARTESIAN_POINT('',(-7.9E0,2.507362033324E0,1.639171771251E1));
#1087=LINE('',#1086,#1085);
#1088=DIRECTION('',(0.E0,-9.907974583448E-1,-1.353528593618E-1));
#1089=VECTOR('',#1088,1.999999999997E-1);
#1090=CARTESIAN_POINT('',(-7.9E0,2.598159491668E0,1.572707057187E1));
#1091=LINE('',#1090,#1089);
#1092=DIRECTION('',(0.E0,1.353528593616E-1,-9.907974583449E-1));
#1093=VECTOR('',#1092,6.708203932506E-1);
#1094=CARTESIAN_POINT('',(-9.5E0,2.507362033324E0,1.639171771251E1));
#1095=LINE('',#1094,#1093);
#1096=DIRECTION('',(1.E0,-3.302913498260E-14,2.964295475749E-13));
#1097=VECTOR('',#1096,1.6E0);
#1098=CARTESIAN_POINT('',(-9.5E0,2.598159491668E0,1.572707057187E1));
#1099=LINE('',#1098,#1097);
#1100=DIRECTION('',(0.E0,9.907974583448E-1,1.353528593618E-1));
#1101=VECTOR('',#1100,1.999999999997E-1);
#1102=CARTESIAN_POINT('',(-9.5E0,2.4E0,1.57E1));
#1103=LINE('',#1102,#1101);
#1104=DIRECTION('',(0.E0,-9.907974583454E-1,-1.353528593575E-1));
#1105=VECTOR('',#1104,1.999999999999E-1);
#1106=CARTESIAN_POINT('',(-9.5E0,2.507362033324E0,1.639171771251E1));
#1107=LINE('',#1106,#1105);
#1108=CARTESIAN_POINT('',(-9.5E0,3.3E0,1.65E1));
#1109=DIRECTION('',(1.E0,0.E0,0.E0));
#1110=DIRECTION('',(0.E0,-9.792264316864E-1,2.027698091105E-1));
#1111=AXIS2_PLACEMENT_3D('',#1108,#1109,#1110);
#1113=CARTESIAN_POINT('',(-9.5E0,3.3E0,1.65E1));
#1114=DIRECTION('',(-1.E0,0.E0,0.E0));
#1115=DIRECTION('',(0.E0,-9.907974583450E-1,-1.353528593604E-1));
#1116=AXIS2_PLACEMENT_3D('',#1113,#1114,#1115);
#1118=DIRECTION('',(0.E0,-9.792264316880E-1,2.027698091030E-1));
#1119=VECTOR('',#1118,1.999999999998E-1);
#1120=CARTESIAN_POINT('',(-9.5E0,2.516618854651E0,1.666221584729E1));
#1121=LINE('',#1120,#1119);
#1122=DIRECTION('',(0.E0,-1.E0,0.E0));
#1123=VECTOR('',#1122,2.E-1);
#1124=CARTESIAN_POINT('',(-9.9E0,2.8E0,2.1E1));
#1125=LINE('',#1124,#1123);
#1126=DIRECTION('',(0.E0,1.E0,0.E0));
#1127=VECTOR('',#1126,2.E-1);
#1128=CARTESIAN_POINT('',(-9.5E0,2.6E0,2.1E1));
#1129=LINE('',#1128,#1127);
#1130=DIRECTION('',(0.E0,-1.E0,0.E0));
#1131=VECTOR('',#1130,2.E-1);
#1132=CARTESIAN_POINT('',(-9.9E0,2.8E0,1.5E1));
#1133=LINE('',#1132,#1131);
#1134=DIRECTION('',(0.E0,-1.E0,0.E0));
#1135=VECTOR('',#1134,2.E-1);
#1136=CARTESIAN_POINT('',(-7.5E0,2.8E0,1.5E1));
#1137=LINE('',#1136,#1135);
#1138=DIRECTION('',(0.E0,-1.E0,0.E0));
#1139=VECTOR('',#1138,2.E-1);
#1140=CARTESIAN_POINT('',(-7.9E0,2.8E0,2.1E1));
#1141=LINE('',#1140,#1139);
#1142=DIRECTION('',(0.E0,1.E0,0.E0));
#1143=VECTOR('',#1142,2.E-1);
#1144=CARTESIAN_POINT('',(-7.5E0,2.6E0,2.1E1));
#1145=LINE('',#1144,#1143);
#1146=CARTESIAN_POINT('',(7.5E0,2.8E0,1.5E1));
#1147=CARTESIAN_POINT('',(7.5E0,2.8E0,2.1E1));
#1148=VERTEX_POINT('',#1146);
#1149=VERTEX_POINT('',#1147);
#1150=CARTESIAN_POINT('',(7.5E0,2.6E0,1.5E1));
#1151=VERTEX_POINT('',#1150);
#1152=CARTESIAN_POINT('',(7.5E0,2.6E0,2.1E1));
#1153=VERTEX_POINT('',#1152);
#1154=CARTESIAN_POINT('',(1.326E1,2.8E0,2.9E1));
#1155=CARTESIAN_POINT('',(-1.326E1,2.8E0,2.9E1));
#1156=VERTEX_POINT('',#1154);
#1157=VERTEX_POINT('',#1155);
#1158=CARTESIAN_POINT('',(-1.326E1,2.8E0,2.736E1));
#1159=VERTEX_POINT('',#1158);
#1160=CARTESIAN_POINT('',(-1.293E1,2.8E0,2.703E1));
#1161=VERTEX_POINT('',#1160);
#1162=CARTESIAN_POINT('',(-1.326E1,2.8E0,2.67E1));
#1163=VERTEX_POINT('',#1162);
#1164=CARTESIAN_POINT('',(-1.385E1,2.8E0,2.67E1));
#1165=VERTEX_POINT('',#1164);
#1166=CARTESIAN_POINT('',(-1.385E1,2.8E0,0.E0));
#1167=VERTEX_POINT('',#1166);
#1168=CARTESIAN_POINT('',(1.385E1,2.8E0,0.E0));
#1169=VERTEX_POINT('',#1168);
#1170=CARTESIAN_POINT('',(1.385E1,2.8E0,2.67E1));
#1171=VERTEX_POINT('',#1170);
#1172=CARTESIAN_POINT('',(1.326E1,2.8E0,2.67E1));
#1173=VERTEX_POINT('',#1172);
#1174=CARTESIAN_POINT('',(1.293E1,2.8E0,2.703E1));
#1175=VERTEX_POINT('',#1174);
#1176=CARTESIAN_POINT('',(1.326E1,2.8E0,2.736E1));
#1177=VERTEX_POINT('',#1176);
#1178=CARTESIAN_POINT('',(7.9E0,2.8E0,2.1E1));
#1179=CARTESIAN_POINT('',(9.5E0,2.8E0,2.1E1));
#1180=VERTEX_POINT('',#1178);
#1181=VERTEX_POINT('',#1179);
#1182=CARTESIAN_POINT('',(9.9E0,2.8E0,2.1E1));
#1183=VERTEX_POINT('',#1182);
#1184=CARTESIAN_POINT('',(9.9E0,2.8E0,1.5E1));
#1185=VERTEX_POINT('',#1184);
#1186=CARTESIAN_POINT('',(-9.5E0,2.8E0,2.1E1));
#1187=CARTESIAN_POINT('',(-7.9E0,2.8E0,2.1E1));
#1188=VERTEX_POINT('',#1186);
#1189=VERTEX_POINT('',#1187);
#1190=CARTESIAN_POINT('',(-7.5E0,2.8E0,2.1E1));
#1191=VERTEX_POINT('',#1190);
#1192=CARTESIAN_POINT('',(-7.5E0,2.8E0,1.5E1));
#1193=VERTEX_POINT('',#1192);
#1194=CARTESIAN_POINT('',(-9.9E0,2.8E0,1.5E1));
#1195=VERTEX_POINT('',#1194);
#1196=CARTESIAN_POINT('',(-9.9E0,2.8E0,2.1E1));
#1197=VERTEX_POINT('',#1196);
#1198=CARTESIAN_POINT('',(9.5E0,2.8E0,1.815367353062E1));
#1199=VERTEX_POINT('',#1198);
#1200=CARTESIAN_POINT('',(7.9E0,2.8E0,1.815367353062E1));
#1201=VERTEX_POINT('',#1200);
#1202=CARTESIAN_POINT('',(9.5E0,2.6E0,1.815367353062E1));
#1203=CARTESIAN_POINT('',(9.5E0,2.6E0,2.1E1));
#1204=VERTEX_POINT('',#1202);
#1205=VERTEX_POINT('',#1203);
#1206=CARTESIAN_POINT('',(7.9E0,2.6E0,1.815367353062E1));
#1207=VERTEX_POINT('',#1206);
#1208=CARTESIAN_POINT('',(7.9E0,2.6E0,2.1E1));
#1209=VERTEX_POINT('',#1208);
#1210=CARTESIAN_POINT('',(9.5E0,2.579226431687E0,1.795090372151E1));
#1211=VERTEX_POINT('',#1210);
#1212=CARTESIAN_POINT('',(7.9E0,2.579226431688E0,1.795090372152E1));
#1213=VERTEX_POINT('',#1212);
#1214=CARTESIAN_POINT('',(9.5E0,2.775071718024E0,1.791034975969E1));
#1215=VERTEX_POINT('',#1214);
#1216=CARTESIAN_POINT('',(7.9E0,2.775071718025E0,1.791034975969E1));
#1217=VERTEX_POINT('',#1216);
#1218=CARTESIAN_POINT('',(7.9E0,2.320773568314E0,1.670276980911E1));
#1219=VERTEX_POINT('',#1218);
#1220=CARTESIAN_POINT('',(7.9E0,2.516618854651E0,1.666221584729E1));
#1221=VERTEX_POINT('',#1220);
#1222=CARTESIAN_POINT('',(9.5E0,2.320773568314E0,1.670276980911E1));
#1223=VERTEX_POINT('',#1222);
#1224=CARTESIAN_POINT('',(9.5E0,2.516618854651E0,1.666221584729E1));
#1225=VERTEX_POINT('',#1224);
#1226=CARTESIAN_POINT('',(9.5E0,2.507362033324E0,1.639171771251E1));
#1227=VERTEX_POINT('',#1226);
#1228=CARTESIAN_POINT('',(7.9E0,2.507362033324E0,1.639171771251E1));
#1229=VERTEX_POINT('',#1228);
#1230=CARTESIAN_POINT('',(9.5E0,2.309202541655E0,1.636464714064E1));
#1231=VERTEX_POINT('',#1230);
#1232=CARTESIAN_POINT('',(7.9E0,2.309202541655E0,1.636464714064E1));
#1233=VERTEX_POINT('',#1232);
#1234=CARTESIAN_POINT('',(9.5E0,2.4E0,1.57E1));
#1235=VERTEX_POINT('',#1234);
#1236=CARTESIAN_POINT('',(7.9E0,2.4E0,1.57E1));
#1237=VERTEX_POINT('',#1236);
#1238=CARTESIAN_POINT('',(9.5E0,2.598159491668E0,1.572707057187E1));
#1239=VERTEX_POINT('',#1238);
#1240=CARTESIAN_POINT('',(7.9E0,2.598159491668E0,1.572707057187E1));
#1241=VERTEX_POINT('',#1240);
#1242=CARTESIAN_POINT('',(1.326E1,2.6E0,2.9E1));
#1243=CARTESIAN_POINT('',(-1.326E1,2.6E0,2.9E1));
#1244=VERTEX_POINT('',#1242);
#1245=VERTEX_POINT('',#1243);
#1246=CARTESIAN_POINT('',(1.326E1,2.6E0,2.736E1));
#1247=VERTEX_POINT('',#1246);
#1248=CARTESIAN_POINT('',(1.293E1,2.6E0,2.703E1));
#1249=VERTEX_POINT('',#1248);
#1250=CARTESIAN_POINT('',(1.326E1,2.6E0,2.67E1));
#1251=VERTEX_POINT('',#1250);
#1252=CARTESIAN_POINT('',(1.385E1,2.6E0,2.67E1));
#1253=VERTEX_POINT('',#1252);
#1254=CARTESIAN_POINT('',(1.385E1,2.6E0,0.E0));
#1255=VERTEX_POINT('',#1254);
#1256=CARTESIAN_POINT('',(-1.385E1,2.6E0,0.E0));
#1257=VERTEX_POINT('',#1256);
#1258=CARTESIAN_POINT('',(-1.385E1,2.6E0,2.67E1));
#1259=VERTEX_POINT('',#1258);
#1260=CARTESIAN_POINT('',(-1.326E1,2.6E0,2.67E1));
#1261=VERTEX_POINT('',#1260);
#1262=CARTESIAN_POINT('',(-1.293E1,2.6E0,2.703E1));
#1263=VERTEX_POINT('',#1262);
#1264=CARTESIAN_POINT('',(-1.326E1,2.6E0,2.736E1));
#1265=VERTEX_POINT('',#1264);
#1266=CARTESIAN_POINT('',(9.9E0,2.6E0,1.5E1));
#1267=CARTESIAN_POINT('',(9.9E0,2.6E0,2.1E1));
#1268=VERTEX_POINT('',#1266);
#1269=VERTEX_POINT('',#1267);
#1270=CARTESIAN_POINT('',(-9.9E0,2.6E0,1.5E1));
#1271=CARTESIAN_POINT('',(-7.5E0,2.6E0,1.5E1));
#1272=VERTEX_POINT('',#1270);
#1273=VERTEX_POINT('',#1271);
#1274=CARTESIAN_POINT('',(-7.5E0,2.6E0,2.1E1));
#1275=VERTEX_POINT('',#1274);
#1276=CARTESIAN_POINT('',(-7.9E0,2.6E0,2.1E1));
#1277=VERTEX_POINT('',#1276);
#1278=CARTESIAN_POINT('',(-9.5E0,2.6E0,2.1E1));
#1279=VERTEX_POINT('',#1278);
#1280=CARTESIAN_POINT('',(-9.9E0,2.6E0,2.1E1));
#1281=VERTEX_POINT('',#1280);
#1282=CARTESIAN_POINT('',(-7.9E0,2.6E0,1.815367353062E1));
#1283=VERTEX_POINT('',#1282);
#1284=CARTESIAN_POINT('',(-7.9E0,2.8E0,1.815367353062E1));
#1285=VERTEX_POINT('',#1284);
#1286=CARTESIAN_POINT('',(-9.5E0,2.6E0,1.815367353062E1));
#1287=VERTEX_POINT('',#1286);
#1288=CARTESIAN_POINT('',(-7.9E0,2.579226431687E0,1.795090372151E1));
#1289=VERTEX_POINT('',#1288);
#1290=CARTESIAN_POINT('',(-9.5E0,2.579226431688E0,1.795090372152E1));
#1291=VERTEX_POINT('',#1290);
#1292=CARTESIAN_POINT('',(-7.9E0,2.775071718024E0,1.791034975969E1));
#1293=VERTEX_POINT('',#1292);
#1294=CARTESIAN_POINT('',(-9.5E0,2.8E0,1.815367353062E1));
#1295=VERTEX_POINT('',#1294);
#1296=CARTESIAN_POINT('',(-9.5E0,2.775071718025E0,1.791034975969E1));
#1297=VERTEX_POINT('',#1296);
#1298=CARTESIAN_POINT('',(-9.5E0,2.320773568314E0,1.670276980911E1));
#1299=VERTEX_POINT('',#1298);
#1300=CARTESIAN_POINT('',(-9.5E0,2.516618854651E0,1.666221584729E1));
#1301=VERTEX_POINT('',#1300);
#1302=CARTESIAN_POINT('',(-7.9E0,2.320773568314E0,1.670276980911E1));
#1303=VERTEX_POINT('',#1302);
#1304=CARTESIAN_POINT('',(-7.9E0,2.516618854651E0,1.666221584729E1));
#1305=VERTEX_POINT('',#1304);
#1306=CARTESIAN_POINT('',(-7.9E0,2.507362033324E0,1.639171771251E1));
#1307=VERTEX_POINT('',#1306);
#1308=CARTESIAN_POINT('',(-9.5E0,2.507362033324E0,1.639171771251E1));
#1309=VERTEX_POINT('',#1308);
#1310=CARTESIAN_POINT('',(-7.9E0,2.309202541655E0,1.636464714064E1));
#1311=VERTEX_POINT('',#1310);
#1312=CARTESIAN_POINT('',(-9.5E0,2.309202541655E0,1.636464714064E1));
#1313=VERTEX_POINT('',#1312);
#1314=CARTESIAN_POINT('',(-7.9E0,2.4E0,1.57E1));
#1315=VERTEX_POINT('',#1314);
#1316=CARTESIAN_POINT('',(-9.5E0,2.4E0,1.57E1));
#1317=VERTEX_POINT('',#1316);
#1318=CARTESIAN_POINT('',(-7.9E0,2.598159491668E0,1.572707057187E1));
#1319=VERTEX_POINT('',#1318);
#1320=CARTESIAN_POINT('',(-9.5E0,2.598159491668E0,1.572707057187E1));
#1321=VERTEX_POINT('',#1320);
#1322=CARTESIAN_POINT('',(-1.4E1,3.E-1,2.67E1));
#1323=CARTESIAN_POINT('',(-1.4E1,2.45E0,2.67E1));
#1324=VERTEX_POINT('',#1322);
#1325=VERTEX_POINT('',#1323);
#1326=CARTESIAN_POINT('',(-1.42E1,3.E-1,2.67E1));
#1327=VERTEX_POINT('',#1326);
#1328=CARTESIAN_POINT('',(-1.42E1,2.45E0,2.67E1));
#1329=VERTEX_POINT('',#1328);
#1330=CARTESIAN_POINT('',(-1.4E1,2.45E0,0.E0));
#1331=VERTEX_POINT('',#1330);
#1332=CARTESIAN_POINT('',(-1.4E1,3.E-1,0.E0));
#1333=VERTEX_POINT('',#1332);
#1334=CARTESIAN_POINT('',(-1.4E1,7.E-1,2.36E1));
#1335=CARTESIAN_POINT('',(-1.4E1,1.9E0,2.36E1));
#1336=VERTEX_POINT('',#1334);
#1337=VERTEX_POINT('',#1335);
#1338=CARTESIAN_POINT('',(-1.4E1,1.9E0,5.9E0));
#1339=CARTESIAN_POINT('',(-1.4E1,7.E-1,5.9E0));
#1340=VERTEX_POINT('',#1338);
#1341=VERTEX_POINT('',#1339);
#1342=CARTESIAN_POINT('',(-1.4E1,7.E-1,4.1E0));
#1343=VERTEX_POINT('',#1342);
#1344=CARTESIAN_POINT('',(-1.4E1,1.9E0,4.1E0));
#1345=VERTEX_POINT('',#1344);
#1346=CARTESIAN_POINT('',(-1.42E1,1.9E0,2.36E1));
#1347=VERTEX_POINT('',#1346);
#1348=CARTESIAN_POINT('',(-1.42E1,7.E-1,2.36E1));
#1349=VERTEX_POINT('',#1348);
#1350=CARTESIAN_POINT('',(-1.42E1,3.E-1,0.E0));
#1351=CARTESIAN_POINT('',(-1.42E1,2.45E0,0.E0));
#1352=VERTEX_POINT('',#1350);
#1353=VERTEX_POINT('',#1351);
#1354=CARTESIAN_POINT('',(-1.42E1,7.E-1,5.9E0));
#1355=CARTESIAN_POINT('',(-1.42E1,1.9E0,5.9E0));
#1356=VERTEX_POINT('',#1354);
#1357=VERTEX_POINT('',#1355);
#1358=CARTESIAN_POINT('',(-1.42E1,1.9E0,4.1E0));
#1359=VERTEX_POINT('',#1358);
#1360=CARTESIAN_POINT('',(-1.42E1,7.E-1,4.1E0));
#1361=VERTEX_POINT('',#1360);
#1362=CARTESIAN_POINT('',(1.4E1,2.45E0,0.E0));
#1363=VERTEX_POINT('',#1362);
#1364=CARTESIAN_POINT('',(1.42E1,2.45E0,0.E0));
#1365=VERTEX_POINT('',#1364);
#1366=CARTESIAN_POINT('',(1.4E1,2.45E0,2.67E1));
#1367=VERTEX_POINT('',#1366);
#1368=CARTESIAN_POINT('',(1.42E1,2.45E0,2.67E1));
#1369=VERTEX_POINT('',#1368);
#1370=CARTESIAN_POINT('',(1.42E1,3.E-1,2.67E1));
#1371=VERTEX_POINT('',#1370);
#1372=CARTESIAN_POINT('',(1.4E1,3.E-1,2.67E1));
#1373=VERTEX_POINT('',#1372);
#1374=CARTESIAN_POINT('',(1.42E1,3.E-1,0.E0));
#1375=VERTEX_POINT('',#1374);
#1376=CARTESIAN_POINT('',(1.42E1,1.9E0,2.36E1));
#1377=CARTESIAN_POINT('',(1.42E1,7.E-1,2.36E1));
#1378=VERTEX_POINT('',#1376);
#1379=VERTEX_POINT('',#1377);
#1380=CARTESIAN_POINT('',(1.42E1,7.E-1,5.9E0));
#1381=CARTESIAN_POINT('',(1.42E1,1.9E0,5.9E0));
#1382=VERTEX_POINT('',#1380);
#1383=VERTEX_POINT('',#1381);
#1384=CARTESIAN_POINT('',(1.42E1,7.E-1,4.1E0));
#1385=VERTEX_POINT('',#1384);
#1386=CARTESIAN_POINT('',(1.42E1,1.9E0,4.1E0));
#1387=VERTEX_POINT('',#1386);
#1388=CARTESIAN_POINT('',(1.4E1,3.E-1,0.E0));
#1389=VERTEX_POINT('',#1388);
#1390=CARTESIAN_POINT('',(1.4E1,7.E-1,2.36E1));
#1391=CARTESIAN_POINT('',(1.4E1,1.9E0,2.36E1));
#1392=VERTEX_POINT('',#1390);
#1393=VERTEX_POINT('',#1391);
#1394=CARTESIAN_POINT('',(1.4E1,1.9E0,5.9E0));
#1395=CARTESIAN_POINT('',(1.4E1,7.E-1,5.9E0));
#1396=VERTEX_POINT('',#1394);
#1397=VERTEX_POINT('',#1395);
#1398=CARTESIAN_POINT('',(1.4E1,1.9E0,4.1E0));
#1399=VERTEX_POINT('',#1398);
#1400=CARTESIAN_POINT('',(1.4E1,7.E-1,4.1E0));
#1401=VERTEX_POINT('',#1400);
#1402=CARTESIAN_POINT('',(1.4E1,1.5E-1,2.11E1));
#1403=CARTESIAN_POINT('',(1.395E1,1.E-1,2.11E1));
#1404=VERTEX_POINT('',#1402);
#1405=VERTEX_POINT('',#1403);
#1406=CARTESIAN_POINT('',(1.34E1,1.E-1,2.11E1));
#1407=VERTEX_POINT('',#1406);
#1408=CARTESIAN_POINT('',(1.34E1,-1.E-1,2.11E1));
#1409=VERTEX_POINT('',#1408);
#1410=CARTESIAN_POINT('',(1.395E1,-1.E-1,2.11E1));
#1411=VERTEX_POINT('',#1410);
#1412=CARTESIAN_POINT('',(1.42E1,1.5E-1,2.11E1));
#1413=VERTEX_POINT('',#1412);
#1414=CARTESIAN_POINT('',(1.4E1,1.5E-1,1.93E1));
#1415=CARTESIAN_POINT('',(1.395E1,1.E-1,1.93E1));
#1416=VERTEX_POINT('',#1414);
#1417=VERTEX_POINT('',#1415);
#1418=CARTESIAN_POINT('',(1.34E1,1.E-1,1.93E1));
#1419=VERTEX_POINT('',#1418);
#1420=CARTESIAN_POINT('',(1.34E1,-1.E-1,1.93E1));
#1421=VERTEX_POINT('',#1420);
#1422=CARTESIAN_POINT('',(1.395E1,-1.E-1,1.93E1));
#1423=VERTEX_POINT('',#1422);
#1424=CARTESIAN_POINT('',(1.42E1,1.5E-1,1.93E1));
#1425=VERTEX_POINT('',#1424);
#1426=CARTESIAN_POINT('',(1.4E1,3.E-1,2.11E1));
#1427=CARTESIAN_POINT('',(1.42E1,3.E-1,2.11E1));
#1428=VERTEX_POINT('',#1426);
#1429=VERTEX_POINT('',#1427);
#1430=CARTESIAN_POINT('',(1.4E1,3.E-1,1.93E1));
#1431=CARTESIAN_POINT('',(1.42E1,3.E-1,1.93E1));
#1432=VERTEX_POINT('',#1430);
#1433=VERTEX_POINT('',#1431);
#1434=CARTESIAN_POINT('',(-1.4E1,7.E-1,2.64E1));
#1435=CARTESIAN_POINT('',(-1.4E1,1.9E0,2.64E1));
#1436=VERTEX_POINT('',#1434);
#1437=VERTEX_POINT('',#1435);
#1438=CARTESIAN_POINT('',(-1.42E1,7.E-1,2.64E1));
#1439=CARTESIAN_POINT('',(-1.42E1,1.9E0,2.64E1));
#1440=VERTEX_POINT('',#1438);
#1441=VERTEX_POINT('',#1439);
#1442=CARTESIAN_POINT('',(1.42E1,7.E-1,2.64E1));
#1443=CARTESIAN_POINT('',(1.42E1,1.9E0,2.64E1));
#1444=VERTEX_POINT('',#1442);
#1445=VERTEX_POINT('',#1443);
#1446=CARTESIAN_POINT('',(1.4E1,7.E-1,2.64E1));
#1447=CARTESIAN_POINT('',(1.4E1,1.9E0,2.64E1));
#1448=VERTEX_POINT('',#1446);
#1449=VERTEX_POINT('',#1447);
#1450=CARTESIAN_POINT('',(-1.4E1,1.5E-1,2.05E1));
#1451=CARTESIAN_POINT('',(-1.4E1,3.E-1,2.05E1));
#1452=VERTEX_POINT('',#1450);
#1453=VERTEX_POINT('',#1451);
#1454=CARTESIAN_POINT('',(-1.42E1,1.5E-1,2.05E1));
#1455=CARTESIAN_POINT('',(-1.42E1,3.E-1,2.05E1));
#1456=VERTEX_POINT('',#1454);
#1457=VERTEX_POINT('',#1455);
#1458=CARTESIAN_POINT('',(-1.395E1,1.E-1,2.05E1));
#1459=VERTEX_POINT('',#1458);
#1460=CARTESIAN_POINT('',(-1.395E1,-1.E-1,2.05E1));
#1461=VERTEX_POINT('',#1460);
#1462=CARTESIAN_POINT('',(-1.34E1,-1.E-1,2.05E1));
#1463=VERTEX_POINT('',#1462);
#1464=CARTESIAN_POINT('',(-1.34E1,1.E-1,2.05E1));
#1465=VERTEX_POINT('',#1464);
#1466=CARTESIAN_POINT('',(-1.42E1,1.5E-1,2.23E1));
#1467=CARTESIAN_POINT('',(-1.395E1,-1.E-1,2.23E1));
#1468=VERTEX_POINT('',#1466);
#1469=VERTEX_POINT('',#1467);
#1470=CARTESIAN_POINT('',(-1.34E1,-1.E-1,2.23E1));
#1471=VERTEX_POINT('',#1470);
#1472=CARTESIAN_POINT('',(-1.34E1,1.E-1,2.23E1));
#1473=VERTEX_POINT('',#1472);
#1474=CARTESIAN_POINT('',(-1.395E1,1.E-1,2.23E1));
#1475=VERTEX_POINT('',#1474);
#1476=CARTESIAN_POINT('',(-1.4E1,1.5E-1,2.23E1));
#1477=VERTEX_POINT('',#1476);
#1478=CARTESIAN_POINT('',(-1.42E1,3.E-1,2.23E1));
#1479=CARTESIAN_POINT('',(-1.4E1,3.E-1,2.23E1));
#1480=VERTEX_POINT('',#1478);
#1481=VERTEX_POINT('',#1479);
#1482=CARTESIAN_POINT('',(1.4E1,1.375E0,1.335E1));
#1483=DIRECTION('',(1.E0,0.E0,0.E0));
#1484=DIRECTION('',(0.E0,-1.E0,0.E0));
#1485=AXIS2_PLACEMENT_3D('',#1482,#1483,#1484);
#1486=PLANE('',#1485);
#1488=ORIENTED_EDGE('',*,*,#1487,.T.);
#1490=ORIENTED_EDGE('',*,*,#1489,.T.);
#1492=ORIENTED_EDGE('',*,*,#1491,.T.);
#1494=ORIENTED_EDGE('',*,*,#1493,.F.);
#1496=ORIENTED_EDGE('',*,*,#1495,.T.);
#1498=ORIENTED_EDGE('',*,*,#1497,.T.);
#1500=ORIENTED_EDGE('',*,*,#1499,.F.);
#1502=ORIENTED_EDGE('',*,*,#1501,.T.);
#1503=EDGE_LOOP('',(#1488,#1490,#1492,#1494,#1496,#1498,#1500,#1502));
#1504=FACE_OUTER_BOUND('',#1503,.F.);
#1506=ORIENTED_EDGE('',*,*,#1505,.F.);
#1508=ORIENTED_EDGE('',*,*,#1507,.F.);
#1510=ORIENTED_EDGE('',*,*,#1509,.F.);
#1512=ORIENTED_EDGE('',*,*,#1511,.F.);
#1513=EDGE_LOOP('',(#1506,#1508,#1510,#1512));
#1514=FACE_BOUND('',#1513,.F.);
#1516=ORIENTED_EDGE('',*,*,#1515,.T.);
#1518=ORIENTED_EDGE('',*,*,#1517,.F.);
#1520=ORIENTED_EDGE('',*,*,#1519,.F.);
#1522=ORIENTED_EDGE('',*,*,#1521,.F.);
#1523=EDGE_LOOP('',(#1516,#1518,#1520,#1522));
#1524=FACE_BOUND('',#1523,.F.);
#1525=ADVANCED_FACE('',(#1504,#1514,#1524),#1486,.F.);
#1526=CARTESIAN_POINT('',(1.41E1,1.3E0,5.9E0));
#1527=DIRECTION('',(0.E0,0.E0,1.E0));
#1528=DIRECTION('',(0.E0,-1.E0,0.E0));
#1529=AXIS2_PLACEMENT_3D('',#1526,#1527,#1528);
#1530=PLANE('',#1529);
#1531=ORIENTED_EDGE('',*,*,#1505,.T.);
#1533=ORIENTED_EDGE('',*,*,#1532,.T.);
#1535=ORIENTED_EDGE('',*,*,#1534,.T.);
#1537=ORIENTED_EDGE('',*,*,#1536,.T.);
#1538=EDGE_LOOP('',(#1531,#1533,#1535,#1537));
#1539=FACE_OUTER_BOUND('',#1538,.F.);
#1540=ADVANCED_FACE('',(#1539),#1530,.F.);
#1541=CARTESIAN_POINT('',(1.41E1,7.E-1,5.E0));
#1542=DIRECTION('',(0.E0,1.E0,0.E0));
#1543=DIRECTION('',(0.E0,0.E0,-1.E0));
#1544=AXIS2_PLACEMENT_3D('',#1541,#1542,#1543);
#1545=PLANE('',#1544);
#1546=ORIENTED_EDGE('',*,*,#1511,.T.);
#1548=ORIENTED_EDGE('',*,*,#1547,.F.);
#1550=ORIENTED_EDGE('',*,*,#1549,.T.);
#1551=ORIENTED_EDGE('',*,*,#1532,.F.);
#1552=EDGE_LOOP('',(#1546,#1548,#1550,#1551));
#1553=FACE_OUTER_BOUND('',#1552,.F.);
#1554=ADVANCED_FACE('',(#1553),#1545,.T.);
#1555=CARTESIAN_POINT('',(1.41E1,1.3E0,4.1E0));
#1556=DIRECTION('',(0.E0,0.E0,1.E0));
#1557=DIRECTION('',(0.E0,1.E0,0.E0));
#1558=AXIS2_PLACEMENT_3D('',#1555,#1556,#1557);
#1559=PLANE('',#1558);
#1560=ORIENTED_EDGE('',*,*,#1509,.T.);
#1562=ORIENTED_EDGE('',*,*,#1561,.F.);
#1564=ORIENTED_EDGE('',*,*,#1563,.T.);
#1565=ORIENTED_EDGE('',*,*,#1547,.T.);
#1566=EDGE_LOOP('',(#1560,#1562,#1564,#1565));
#1567=FACE_OUTER_BOUND('',#1566,.F.);
#1568=ADVANCED_FACE('',(#1567),#1559,.T.);
#1569=CARTESIAN_POINT('',(1.41E1,1.9E0,5.E0));
#1570=DIRECTION('',(0.E0,1.E0,0.E0));
#1571=DIRECTION('',(0.E0,0.E0,1.E0));
#1572=AXIS2_PLACEMENT_3D('',#1569,#1570,#1571);
#1573=PLANE('',#1572);
#1574=ORIENTED_EDGE('',*,*,#1507,.T.);
#1575=ORIENTED_EDGE('',*,*,#1536,.F.);
#1577=ORIENTED_EDGE('',*,*,#1576,.T.);
#1578=ORIENTED_EDGE('',*,*,#1561,.T.);
#1579=EDGE_LOOP('',(#1574,#1575,#1577,#1578));
#1580=FACE_OUTER_BOUND('',#1579,.F.);
#1581=ADVANCED_FACE('',(#1580),#1573,.F.);
#1582=CARTESIAN_POINT('',(1.42E1,1.375E0,1.335E1));
#1583=DIRECTION('',(1.E0,0.E0,0.E0));
#1584=DIRECTION('',(0.E0,-1.E0,0.E0));
#1585=AXIS2_PLACEMENT_3D('',#1582,#1583,#1584);
#1586=PLANE('',#1585);
#1588=ORIENTED_EDGE('',*,*,#1587,.F.);
#1590=ORIENTED_EDGE('',*,*,#1589,.F.);
#1592=ORIENTED_EDGE('',*,*,#1591,.F.);
#1594=ORIENTED_EDGE('',*,*,#1593,.T.);
#1596=ORIENTED_EDGE('',*,*,#1595,.F.);
#1598=ORIENTED_EDGE('',*,*,#1597,.F.);
#1600=ORIENTED_EDGE('',*,*,#1599,.F.);
#1602=ORIENTED_EDGE('',*,*,#1601,.F.);
#1603=EDGE_LOOP('',(#1588,#1590,#1592,#1594,#1596,#1598,#1600,#1602));
#1604=FACE_OUTER_BOUND('',#1603,.F.);
#1605=ORIENTED_EDGE('',*,*,#1534,.F.);
#1606=ORIENTED_EDGE('',*,*,#1549,.F.);
#1607=ORIENTED_EDGE('',*,*,#1563,.F.);
#1608=ORIENTED_EDGE('',*,*,#1576,.F.);
#1609=EDGE_LOOP('',(#1605,#1606,#1607,#1608));
#1610=FACE_BOUND('',#1609,.F.);
#1612=ORIENTED_EDGE('',*,*,#1611,.F.);
#1614=ORIENTED_EDGE('',*,*,#1613,.F.);
#1616=ORIENTED_EDGE('',*,*,#1615,.F.);
#1618=ORIENTED_EDGE('',*,*,#1617,.F.);
#1619=EDGE_LOOP('',(#1612,#1614,#1616,#1618));
#1620=FACE_BOUND('',#1619,.F.);
#1621=ADVANCED_FACE('',(#1604,#1610,#1620),#1586,.T.);
#1622=CARTESIAN_POINT('',(1.41E1,3.E-1,1.335E1));
#1623=DIRECTION('',(0.E0,1.E0,0.E0));
#1624=DIRECTION('',(0.E0,0.E0,1.E0));
#1625=AXIS2_PLACEMENT_3D('',#1622,#1623,#1624);
#1626=PLANE('',#1625);
#1628=ORIENTED_EDGE('',*,*,#1627,.F.);
#1629=ORIENTED_EDGE('',*,*,#1487,.F.);
#1631=ORIENTED_EDGE('',*,*,#1630,.F.);
#1632=ORIENTED_EDGE('',*,*,#1595,.T.);
#1633=EDGE_LOOP('',(#1628,#1629,#1631,#1632));
#1634=FACE_OUTER_BOUND('',#1633,.F.);
#1635=ADVANCED_FACE('',(#1634),#1626,.F.);
#1636=CARTESIAN_POINT('',(1.41E1,3.E-1,1.335E1));
#1637=DIRECTION('',(0.E0,1.E0,0.E0));
#1638=DIRECTION('',(0.E0,0.E0,1.E0));
#1639=AXIS2_PLACEMENT_3D('',#1636,#1637,#1638);
#1640=PLANE('',#1639);
#1642=ORIENTED_EDGE('',*,*,#1641,.T.);
#1643=ORIENTED_EDGE('',*,*,#1587,.T.);
#1645=ORIENTED_EDGE('',*,*,#1644,.F.);
#1646=ORIENTED_EDGE('',*,*,#1495,.F.);
#1647=EDGE_LOOP('',(#1642,#1643,#1645,#1646));
#1648=FACE_OUTER_BOUND('',#1647,.F.);
#1649=ADVANCED_FACE('',(#1648),#1640,.F.);
#1650=CARTESIAN_POINT('',(0.E0,0.E0,2.11E1));
#1651=DIRECTION('',(0.E0,0.E0,1.E0));
#1652=DIRECTION('',(1.E0,0.E0,0.E0));
#1653=AXIS2_PLACEMENT_3D('',#1650,#1651,#1652);
#1654=PLANE('',#1653);
#1655=ORIENTED_EDGE('',*,*,#1593,.F.);
#1657=ORIENTED_EDGE('',*,*,#1656,.F.);
#1659=ORIENTED_EDGE('',*,*,#1658,.F.);
#1661=ORIENTED_EDGE('',*,*,#1660,.F.);
#1663=ORIENTED_EDGE('',*,*,#1662,.F.);
#1665=ORIENTED_EDGE('',*,*,#1664,.F.);
#1666=ORIENTED_EDGE('',*,*,#1489,.F.);
#1667=ORIENTED_EDGE('',*,*,#1627,.T.);
#1668=EDGE_LOOP('',(#1655,#1657,#1659,#1661,#1663,#1665,#1666,#1667));
#1669=FACE_OUTER_BOUND('',#1668,.F.);
#1670=ADVANCED_FACE('',(#1669),#1654,.T.);
#1671=CARTESIAN_POINT('',(1.395E1,1.5E-1,2.11E1));
#1672=DIRECTION('',(0.E0,0.E0,1.E0));
#1673=DIRECTION('',(1.E0,0.E0,0.E0));
#1674=AXIS2_PLACEMENT_3D('',#1671,#1672,#1673);
#1675=CYLINDRICAL_SURFACE('',#1674,2.5E-1);
#1676=ORIENTED_EDGE('',*,*,#1656,.T.);
#1677=ORIENTED_EDGE('',*,*,#1591,.T.);
#1679=ORIENTED_EDGE('',*,*,#1678,.F.);
#1681=ORIENTED_EDGE('',*,*,#1680,.F.);
#1682=EDGE_LOOP('',(#1676,#1677,#1679,#1681));
#1683=FACE_OUTER_BOUND('',#1682,.F.);
#1684=ADVANCED_FACE('',(#1683),#1675,.T.);
#1685=CARTESIAN_POINT('',(0.E0,0.E0,1.93E1));
#1686=DIRECTION('',(0.E0,0.E0,-1.E0));
#1687=DIRECTION('',(-1.E0,0.E0,0.E0));
#1688=AXIS2_PLACEMENT_3D('',#1685,#1686,#1687);
#1689=PLANE('',#1688);
#1690=ORIENTED_EDGE('',*,*,#1493,.T.);
#1692=ORIENTED_EDGE('',*,*,#1691,.T.);
#1694=ORIENTED_EDGE('',*,*,#1693,.T.);
#1696=ORIENTED_EDGE('',*,*,#1695,.T.);
#1698=ORIENTED_EDGE('',*,*,#1697,.T.);
#1699=ORIENTED_EDGE('',*,*,#1678,.T.);
#1700=ORIENTED_EDGE('',*,*,#1589,.T.);
#1701=ORIENTED_EDGE('',*,*,#1641,.F.);
#1702=EDGE_LOOP('',(#1690,#1692,#1694,#1696,#1698,#1699,#1700,#1701));
#1703=FACE_OUTER_BOUND('',#1702,.F.);
#1704=ADVANCED_FACE('',(#1703),#1689,.T.);
#1705=CARTESIAN_POINT('',(1.395E1,1.5E-1,2.11E1));
#1706=DIRECTION('',(0.E0,0.E0,1.E0));
#1707=DIRECTION('',(1.E0,0.E0,0.E0));
#1708=AXIS2_PLACEMENT_3D('',#1705,#1706,#1707);
#1709=CYLINDRICAL_SURFACE('',#1708,5.E-2);
#1710=ORIENTED_EDGE('',*,*,#1664,.T.);
#1712=ORIENTED_EDGE('',*,*,#1711,.T.);
#1713=ORIENTED_EDGE('',*,*,#1691,.F.);
#1714=ORIENTED_EDGE('',*,*,#1491,.F.);
#1715=EDGE_LOOP('',(#1710,#1712,#1713,#1714));
#1716=FACE_OUTER_BOUND('',#1715,.F.);
#1717=ADVANCED_FACE('',(#1716),#1709,.F.);
#1718=CARTESIAN_POINT('',(1.395E1,1.E-1,2.11E1));
#1719=DIRECTION('',(0.E0,1.E0,0.E0));
#1720=DIRECTION('',(-1.E0,0.E0,0.E0));
#1721=AXIS2_PLACEMENT_3D('',#1718,#1719,#1720);
#1722=PLANE('',#1721);
#1723=ORIENTED_EDGE('',*,*,#1662,.T.);
#1725=ORIENTED_EDGE('',*,*,#1724,.T.);
#1726=ORIENTED_EDGE('',*,*,#1693,.F.);
#1727=ORIENTED_EDGE('',*,*,#1711,.F.);
#1728=EDGE_LOOP('',(#1723,#1725,#1726,#1727));
#1729=FACE_OUTER_BOUND('',#1728,.F.);
#1730=ADVANCED_FACE('',(#1729),#1722,.T.);
#1731=CARTESIAN_POINT('',(1.34E1,1.E-1,2.11E1));
#1732=DIRECTION('',(-1.E0,0.E0,0.E0));
#1733=DIRECTION('',(0.E0,-1.E0,0.E0));
#1734=AXIS2_PLACEMENT_3D('',#1731,#1732,#1733);
#1735=PLANE('',#1734);
#1736=ORIENTED_EDGE('',*,*,#1660,.T.);
#1738=ORIENTED_EDGE('',*,*,#1737,.T.);
#1739=ORIENTED_EDGE('',*,*,#1695,.F.);
#1740=ORIENTED_EDGE('',*,*,#1724,.F.);
#1741=EDGE_LOOP('',(#1736,#1738,#1739,#1740));
#1742=FACE_OUTER_BOUND('',#1741,.F.);
#1743=ADVANCED_FACE('',(#1742),#1735,.T.);
#1744=CARTESIAN_POINT('',(1.34E1,-1.E-1,2.11E1));
#1745=DIRECTION('',(0.E0,-1.E0,0.E0));
#1746=DIRECTION('',(1.E0,0.E0,0.E0));
#1747=AXIS2_PLACEMENT_3D('',#1744,#1745,#1746);
#1748=PLANE('',#1747);
#1749=ORIENTED_EDGE('',*,*,#1658,.T.);
#1750=ORIENTED_EDGE('',*,*,#1680,.T.);
#1751=ORIENTED_EDGE('',*,*,#1697,.F.);
#1752=ORIENTED_EDGE('',*,*,#1737,.F.);
#1753=EDGE_LOOP('',(#1749,#1750,#1751,#1752));
#1754=FACE_OUTER_BOUND('',#1753,.F.);
#1755=ADVANCED_FACE('',(#1754),#1748,.T.);
#1756=CARTESIAN_POINT('',(1.373E1,1.55E0,2.67E1));
#1757=DIRECTION('',(0.E0,0.E0,1.E0));
#1758=DIRECTION('',(-1.E0,0.E0,0.E0));
#1759=AXIS2_PLACEMENT_3D('',#1756,#1757,#1758);
#1760=PLANE('',#1759);
#1762=ORIENTED_EDGE('',*,*,#1761,.T.);
#1764=ORIENTED_EDGE('',*,*,#1763,.F.);
#1766=ORIENTED_EDGE('',*,*,#1765,.T.);
#1768=ORIENTED_EDGE('',*,*,#1767,.T.);
#1769=ORIENTED_EDGE('',*,*,#1597,.T.);
#1770=ORIENTED_EDGE('',*,*,#1630,.T.);
#1771=ORIENTED_EDGE('',*,*,#1501,.F.);
#1773=ORIENTED_EDGE('',*,*,#1772,.T.);
#1774=EDGE_LOOP('',(#1762,#1764,#1766,#1768,#1769,#1770,#1771,#1773));
#1775=FACE_OUTER_BOUND('',#1774,.F.);
#1776=ADVANCED_FACE('',(#1775),#1760,.T.);
#1777=CARTESIAN_POINT('',(0.E0,2.6E0,1.45E1));
#1778=DIRECTION('',(0.E0,1.E0,0.E0));
#1779=DIRECTION('',(1.E0,0.E0,0.E0));
#1780=AXIS2_PLACEMENT_3D('',#1777,#1778,#1779);
#1781=PLANE('',#1780);
#1783=ORIENTED_EDGE('',*,*,#1782,.F.);
#1785=ORIENTED_EDGE('',*,*,#1784,.T.);
#1787=ORIENTED_EDGE('',*,*,#1786,.T.);
#1789=ORIENTED_EDGE('',*,*,#1788,.T.);
#1790=ORIENTED_EDGE('',*,*,#1761,.F.);
#1792=ORIENTED_EDGE('',*,*,#1791,.F.);
#1794=ORIENTED_EDGE('',*,*,#1793,.T.);
#1796=ORIENTED_EDGE('',*,*,#1795,.F.);
#1798=ORIENTED_EDGE('',*,*,#1797,.T.);
#1800=ORIENTED_EDGE('',*,*,#1799,.T.);
#1802=ORIENTED_EDGE('',*,*,#1801,.T.);
#1804=ORIENTED_EDGE('',*,*,#1803,.T.);
#1805=EDGE_LOOP('',(#1783,#1785,#1787,#1789,#1790,#1792,#1794,#1796,#1798,#1800,
#1802,#1804));
#1806=FACE_OUTER_BOUND('',#1805,.F.);
#1808=ORIENTED_EDGE('',*,*,#1807,.T.);
#1810=ORIENTED_EDGE('',*,*,#1809,.T.);
#1812=ORIENTED_EDGE('',*,*,#1811,.T.);
#1814=ORIENTED_EDGE('',*,*,#1813,.T.);
#1816=ORIENTED_EDGE('',*,*,#1815,.T.);
#1818=ORIENTED_EDGE('',*,*,#1817,.T.);
#1819=EDGE_LOOP('',(#1808,#1810,#1812,#1814,#1816,#1818));
#1820=FACE_BOUND('',#1819,.F.);
#1822=ORIENTED_EDGE('',*,*,#1821,.T.);
#1824=ORIENTED_EDGE('',*,*,#1823,.T.);
#1826=ORIENTED_EDGE('',*,*,#1825,.T.);
#1828=ORIENTED_EDGE('',*,*,#1827,.T.);
#1830=ORIENTED_EDGE('',*,*,#1829,.T.);
#1832=ORIENTED_EDGE('',*,*,#1831,.T.);
#1833=EDGE_LOOP('',(#1822,#1824,#1826,#1828,#1830,#1832));
#1834=FACE_BOUND('',#1833,.F.);
#1835=ADVANCED_FACE('',(#1806,#1820,#1834),#1781,.F.);
#1836=CARTESIAN_POINT('',(1.239628129733E1,2.7E0,2.9E1));
#1837=DIRECTION('',(0.E0,0.E0,1.E0));
#1838=DIRECTION('',(1.E0,0.E0,0.E0));
#1839=AXIS2_PLACEMENT_3D('',#1836,#1837,#1838);
#1840=PLANE('',#1839);
#1841=ORIENTED_EDGE('',*,*,#1782,.T.);
#1843=ORIENTED_EDGE('',*,*,#1842,.T.);
#1845=ORIENTED_EDGE('',*,*,#1844,.F.);
#1847=ORIENTED_EDGE('',*,*,#1846,.F.);
#1848=EDGE_LOOP('',(#1841,#1843,#1845,#1847));
#1849=FACE_OUTER_BOUND('',#1848,.F.);
#1850=ADVANCED_FACE('',(#1849),#1840,.T.);
#1851=CARTESIAN_POINT('',(-1.326E1,2.7E0,2.818E1));
#1852=DIRECTION('',(1.E0,0.E0,0.E0));
#1853=DIRECTION('',(0.E0,0.E0,-1.E0));
#1854=AXIS2_PLACEMENT_3D('',#1851,#1852,#1853);
#1855=PLANE('',#1854);
#1857=ORIENTED_EDGE('',*,*,#1856,.F.);
#1858=ORIENTED_EDGE('',*,*,#1842,.F.);
#1859=ORIENTED_EDGE('',*,*,#1803,.F.);
#1861=ORIENTED_EDGE('',*,*,#1860,.F.);
#1862=EDGE_LOOP('',(#1857,#1858,#1859,#1861));
#1863=FACE_OUTER_BOUND('',#1862,.F.);
#1864=ADVANCED_FACE('',(#1863),#1855,.F.);
#1865=CARTESIAN_POINT('',(0.E0,2.8E0,1.45E1));
#1866=DIRECTION('',(0.E0,1.E0,0.E0));
#1867=DIRECTION('',(1.E0,0.E0,0.E0));
#1868=AXIS2_PLACEMENT_3D('',#1865,#1866,#1867);
#1869=PLANE('',#1868);
#1870=ORIENTED_EDGE('',*,*,#1844,.T.);
#1871=ORIENTED_EDGE('',*,*,#1856,.T.);
#1873=ORIENTED_EDGE('',*,*,#1872,.T.);
#1875=ORIENTED_EDGE('',*,*,#1874,.T.);
#1877=ORIENTED_EDGE('',*,*,#1876,.T.);
#1879=ORIENTED_EDGE('',*,*,#1878,.F.);
#1881=ORIENTED_EDGE('',*,*,#1880,.T.);
#1883=ORIENTED_EDGE('',*,*,#1882,.F.);
#1884=ORIENTED_EDGE('',*,*,#1765,.F.);
#1886=ORIENTED_EDGE('',*,*,#1885,.T.);
#1888=ORIENTED_EDGE('',*,*,#1887,.T.);
#1890=ORIENTED_EDGE('',*,*,#1889,.T.);
#1891=EDGE_LOOP('',(#1870,#1871,#1873,#1875,#1877,#1879,#1881,#1883,#1884,#1886,
#1888,#1890));
#1892=FACE_OUTER_BOUND('',#1891,.F.);
#1894=ORIENTED_EDGE('',*,*,#1893,.T.);
#1896=ORIENTED_EDGE('',*,*,#1895,.T.);
#1898=ORIENTED_EDGE('',*,*,#1897,.F.);
#1900=ORIENTED_EDGE('',*,*,#1899,.T.);
#1902=ORIENTED_EDGE('',*,*,#1901,.T.);
#1904=ORIENTED_EDGE('',*,*,#1903,.T.);
#1905=EDGE_LOOP('',(#1894,#1896,#1898,#1900,#1902,#1904));
#1906=FACE_BOUND('',#1905,.F.);
#1908=ORIENTED_EDGE('',*,*,#1907,.T.);
#1910=ORIENTED_EDGE('',*,*,#1909,.T.);
#1912=ORIENTED_EDGE('',*,*,#1911,.T.);
#1914=ORIENTED_EDGE('',*,*,#1913,.T.);
#1916=ORIENTED_EDGE('',*,*,#1915,.T.);
#1918=ORIENTED_EDGE('',*,*,#1917,.T.);
#1919=EDGE_LOOP('',(#1908,#1910,#1912,#1914,#1916,#1918));
#1920=FACE_BOUND('',#1919,.F.);
#1921=ADVANCED_FACE('',(#1892,#1906,#1920),#1869,.T.);
#1922=CARTESIAN_POINT('',(-1.326E1,2.551197715083E0,2.703E1));
#1923=DIRECTION('',(0.E0,1.E0,0.E0));
#1924=DIRECTION('',(1.E0,0.E0,0.E0));
#1925=AXIS2_PLACEMENT_3D('',#1922,#1923,#1924);
#1926=CYLINDRICAL_SURFACE('',#1925,3.3E-1);
#1927=ORIENTED_EDGE('',*,*,#1801,.F.);
#1928=ORIENTED_EDGE('',*,*,#1799,.F.);
#1930=ORIENTED_EDGE('',*,*,#1929,.T.);
#1931=ORIENTED_EDGE('',*,*,#1874,.F.);
#1932=ORIENTED_EDGE('',*,*,#1872,.F.);
#1933=ORIENTED_EDGE('',*,*,#1860,.T.);
#1934=EDGE_LOOP('',(#1927,#1928,#1930,#1931,#1932,#1933));
#1935=FACE_OUTER_BOUND('',#1934,.F.);
#1936=ADVANCED_FACE('',(#1935),#1926,.F.);
#1937=CARTESIAN_POINT('',(-1.373E1,1.55E0,2.67E1));
#1938=DIRECTION('',(0.E0,0.E0,1.E0));
#1939=DIRECTION('',(-1.E0,0.E0,0.E0));
#1940=AXIS2_PLACEMENT_3D('',#1937,#1938,#1939);
#1941=PLANE('',#1940);
#1943=ORIENTED_EDGE('',*,*,#1942,.F.);
#1945=ORIENTED_EDGE('',*,*,#1944,.T.);
#1947=ORIENTED_EDGE('',*,*,#1946,.F.);
#1949=ORIENTED_EDGE('',*,*,#1948,.T.);
#1950=ORIENTED_EDGE('',*,*,#1876,.F.);
#1951=ORIENTED_EDGE('',*,*,#1929,.F.);
#1952=ORIENTED_EDGE('',*,*,#1797,.F.);
#1954=ORIENTED_EDGE('',*,*,#1953,.T.);
#1955=EDGE_LOOP('',(#1943,#1945,#1947,#1949,#1950,#1951,#1952,#1954));
#1956=FACE_OUTER_BOUND('',#1955,.F.);
#1957=ADVANCED_FACE('',(#1956),#1941,.T.);
#1958=CARTESIAN_POINT('',(-1.4E1,1.375E0,1.335E1));
#1959=DIRECTION('',(1.E0,0.E0,0.E0));
#1960=DIRECTION('',(0.E0,1.E0,0.E0));
#1961=AXIS2_PLACEMENT_3D('',#1958,#1959,#1960);
#1962=PLANE('',#1961);
#1964=ORIENTED_EDGE('',*,*,#1963,.F.);
#1966=ORIENTED_EDGE('',*,*,#1965,.T.);
#1968=ORIENTED_EDGE('',*,*,#1967,.T.);
#1969=ORIENTED_EDGE('',*,*,#1942,.T.);
#1971=ORIENTED_EDGE('',*,*,#1970,.F.);
#1973=ORIENTED_EDGE('',*,*,#1972,.T.);
#1975=ORIENTED_EDGE('',*,*,#1974,.F.);
#1977=ORIENTED_EDGE('',*,*,#1976,.F.);
#1978=EDGE_LOOP('',(#1964,#1966,#1968,#1969,#1971,#1973,#1975,#1977));
#1979=FACE_OUTER_BOUND('',#1978,.F.);
#1981=ORIENTED_EDGE('',*,*,#1980,.T.);
#1983=ORIENTED_EDGE('',*,*,#1982,.T.);
#1985=ORIENTED_EDGE('',*,*,#1984,.T.);
#1987=ORIENTED_EDGE('',*,*,#1986,.T.);
#1988=EDGE_LOOP('',(#1981,#1983,#1985,#1987));
#1989=FACE_BOUND('',#1988,.F.);
#1991=ORIENTED_EDGE('',*,*,#1990,.F.);
#1993=ORIENTED_EDGE('',*,*,#1992,.F.);
#1995=ORIENTED_EDGE('',*,*,#1994,.T.);
#1997=ORIENTED_EDGE('',*,*,#1996,.F.);
#1998=EDGE_LOOP('',(#1991,#1993,#1995,#1997));
#1999=FACE_BOUND('',#1998,.F.);
#2000=ADVANCED_FACE('',(#1979,#1989,#1999),#1962,.T.);
#2001=CARTESIAN_POINT('',(-1.41E1,1.3E0,5.9E0));
#2002=DIRECTION('',(0.E0,0.E0,1.E0));
#2003=DIRECTION('',(0.E0,-1.E0,0.E0));
#2004=AXIS2_PLACEMENT_3D('',#2001,#2002,#2003);
#2005=PLANE('',#2004);
#2006=ORIENTED_EDGE('',*,*,#1980,.F.);
#2008=ORIENTED_EDGE('',*,*,#2007,.T.);
#2010=ORIENTED_EDGE('',*,*,#2009,.F.);
#2012=ORIENTED_EDGE('',*,*,#2011,.T.);
#2013=EDGE_LOOP('',(#2006,#2008,#2010,#2012));
#2014=FACE_OUTER_BOUND('',#2013,.F.);
#2015=ADVANCED_FACE('',(#2014),#2005,.F.);
#2016=CARTESIAN_POINT('',(-1.41E1,1.9E0,5.E0));
#2017=DIRECTION('',(0.E0,1.E0,0.E0));
#2018=DIRECTION('',(0.E0,0.E0,1.E0));
#2019=AXIS2_PLACEMENT_3D('',#2016,#2017,#2018);
#2020=PLANE('',#2019);
#2021=ORIENTED_EDGE('',*,*,#1986,.F.);
#2023=ORIENTED_EDGE('',*,*,#2022,.T.);
#2025=ORIENTED_EDGE('',*,*,#2024,.F.);
#2026=ORIENTED_EDGE('',*,*,#2007,.F.);
#2027=EDGE_LOOP('',(#2021,#2023,#2025,#2026));
#2028=FACE_OUTER_BOUND('',#2027,.F.);
#2029=ADVANCED_FACE('',(#2028),#2020,.F.);
#2030=CARTESIAN_POINT('',(-1.41E1,1.3E0,4.1E0));
#2031=DIRECTION('',(0.E0,0.E0,1.E0));
#2032=DIRECTION('',(0.E0,1.E0,0.E0));
#2033=AXIS2_PLACEMENT_3D('',#2030,#2031,#2032);
#2034=PLANE('',#2033);
#2035=ORIENTED_EDGE('',*,*,#1984,.F.);
#2037=ORIENTED_EDGE('',*,*,#2036,.T.);
#2039=ORIENTED_EDGE('',*,*,#2038,.F.);
#2040=ORIENTED_EDGE('',*,*,#2022,.F.);
#2041=EDGE_LOOP('',(#2035,#2037,#2039,#2040));
#2042=FACE_OUTER_BOUND('',#2041,.F.);
#2043=ADVANCED_FACE('',(#2042),#2034,.T.);
#2044=CARTESIAN_POINT('',(-1.41E1,7.E-1,5.E0));
#2045=DIRECTION('',(0.E0,1.E0,0.E0));
#2046=DIRECTION('',(0.E0,0.E0,-1.E0));
#2047=AXIS2_PLACEMENT_3D('',#2044,#2045,#2046);
#2048=PLANE('',#2047);
#2049=ORIENTED_EDGE('',*,*,#1982,.F.);
#2050=ORIENTED_EDGE('',*,*,#2011,.F.);
#2052=ORIENTED_EDGE('',*,*,#2051,.F.);
#2053=ORIENTED_EDGE('',*,*,#2036,.F.);
#2054=EDGE_LOOP('',(#2049,#2050,#2052,#2053));
#2055=FACE_OUTER_BOUND('',#2054,.F.);
#2056=ADVANCED_FACE('',(#2055),#2048,.T.);
#2057=CARTESIAN_POINT('',(-1.42E1,1.375E0,1.335E1));
#2058=DIRECTION('',(1.E0,0.E0,0.E0));
#2059=DIRECTION('',(0.E0,1.E0,0.E0));
#2060=AXIS2_PLACEMENT_3D('',#2057,#2058,#2059);
#2061=PLANE('',#2060);
#2063=ORIENTED_EDGE('',*,*,#2062,.T.);
#2065=ORIENTED_EDGE('',*,*,#2064,.T.);
#2067=ORIENTED_EDGE('',*,*,#2066,.F.);
#2069=ORIENTED_EDGE('',*,*,#2068,.T.);
#2071=ORIENTED_EDGE('',*,*,#2070,.F.);
#2073=ORIENTED_EDGE('',*,*,#2072,.T.);
#2075=ORIENTED_EDGE('',*,*,#2074,.F.);
#2076=ORIENTED_EDGE('',*,*,#1946,.T.);
#2077=EDGE_LOOP('',(#2063,#2065,#2067,#2069,#2071,#2073,#2075,#2076));
#2078=FACE_OUTER_BOUND('',#2077,.F.);
#2079=ORIENTED_EDGE('',*,*,#2009,.T.);
#2080=ORIENTED_EDGE('',*,*,#2024,.T.);
#2081=ORIENTED_EDGE('',*,*,#2038,.T.);
#2082=ORIENTED_EDGE('',*,*,#2051,.T.);
#2083=EDGE_LOOP('',(#2079,#2080,#2081,#2082));
#2084=FACE_BOUND('',#2083,.F.);
#2086=ORIENTED_EDGE('',*,*,#2085,.T.);
#2088=ORIENTED_EDGE('',*,*,#2087,.F.);
#2090=ORIENTED_EDGE('',*,*,#2089,.F.);
#2092=ORIENTED_EDGE('',*,*,#2091,.F.);
#2093=EDGE_LOOP('',(#2086,#2088,#2090,#2092));
#2094=FACE_BOUND('',#2093,.F.);
#2095=ADVANCED_FACE('',(#2078,#2084,#2094),#2061,.F.);
#2096=CARTESIAN_POINT('',(-1.42E1,7.E-1,2.64E1));
#2097=DIRECTION('',(0.E0,0.E0,1.E0));
#2098=DIRECTION('',(0.E0,1.E0,0.E0));
#2099=AXIS2_PLACEMENT_3D('',#2096,#2097,#2098);
#2100=PLANE('',#2099);
#2101=ORIENTED_EDGE('',*,*,#1990,.T.);
#2103=ORIENTED_EDGE('',*,*,#2102,.F.);
#2104=ORIENTED_EDGE('',*,*,#2085,.F.);
#2106=ORIENTED_EDGE('',*,*,#2105,.T.);
#2107=EDGE_LOOP('',(#2101,#2103,#2104,#2106));
#2108=FACE_OUTER_BOUND('',#2107,.F.);
#2109=ADVANCED_FACE('',(#2108),#2100,.F.);
#2110=CARTESIAN_POINT('',(-1.42E1,7.E-1,2.64E1));
#2111=DIRECTION('',(0.E0,0.E0,1.E0));
#2112=DIRECTION('',(0.E0,1.E0,0.E0));
#2113=AXIS2_PLACEMENT_3D('',#2110,#2111,#2112);
#2114=PLANE('',#2113);
#2115=ORIENTED_EDGE('',*,*,#1611,.T.);
#2117=ORIENTED_EDGE('',*,*,#2116,.F.);
#2118=ORIENTED_EDGE('',*,*,#1515,.F.);
#2120=ORIENTED_EDGE('',*,*,#2119,.T.);
#2121=EDGE_LOOP('',(#2115,#2117,#2118,#2120));
#2122=FACE_OUTER_BOUND('',#2121,.F.);
#2123=ADVANCED_FACE('',(#2122),#2114,.F.);
#2124=CARTESIAN_POINT('',(-1.41E1,1.9E0,2.45E1));
#2125=DIRECTION('',(0.E0,1.E0,0.E0));
#2126=DIRECTION('',(0.E0,0.E0,1.E0));
#2127=AXIS2_PLACEMENT_3D('',#2124,#2125,#2126);
#2128=PLANE('',#2127);
#2129=ORIENTED_EDGE('',*,*,#1617,.T.);
#2131=ORIENTED_EDGE('',*,*,#2130,.T.);
#2132=ORIENTED_EDGE('',*,*,#1517,.T.);
#2133=ORIENTED_EDGE('',*,*,#2116,.T.);
#2134=EDGE_LOOP('',(#2129,#2131,#2132,#2133));
#2135=FACE_OUTER_BOUND('',#2134,.F.);
#2136=ADVANCED_FACE('',(#2135),#2128,.F.);
#2137=CARTESIAN_POINT('',(-1.41E1,1.9E0,2.45E1));
#2138=DIRECTION('',(0.E0,1.E0,0.E0));
#2139=DIRECTION('',(0.E0,0.E0,1.E0));
#2140=AXIS2_PLACEMENT_3D('',#2137,#2138,#2139);
#2141=PLANE('',#2140);
#2142=ORIENTED_EDGE('',*,*,#2087,.T.);
#2143=ORIENTED_EDGE('',*,*,#2102,.T.);
#2144=ORIENTED_EDGE('',*,*,#1996,.T.);
#2146=ORIENTED_EDGE('',*,*,#2145,.T.);
#2147=EDGE_LOOP('',(#2142,#2143,#2144,#2146));
#2148=FACE_OUTER_BOUND('',#2147,.F.);
#2149=ADVANCED_FACE('',(#2148),#2141,.F.);
#2150=CARTESIAN_POINT('',(1.41E1,1.3E0,2.36E1));
#2151=DIRECTION('',(0.E0,0.E0,1.E0));
#2152=DIRECTION('',(0.E0,1.E0,0.E0));
#2153=AXIS2_PLACEMENT_3D('',#2150,#2151,#2152);
#2154=PLANE('',#2153);
#2155=ORIENTED_EDGE('',*,*,#1519,.T.);
#2156=ORIENTED_EDGE('',*,*,#2130,.F.);
#2157=ORIENTED_EDGE('',*,*,#1615,.T.);
#2159=ORIENTED_EDGE('',*,*,#2158,.T.);
#2160=EDGE_LOOP('',(#2155,#2156,#2157,#2159));
#2161=FACE_OUTER_BOUND('',#2160,.F.);
#2162=ADVANCED_FACE('',(#2161),#2154,.T.);
#2163=CARTESIAN_POINT('',(-1.41E1,7.E-1,2.45E1));
#2164=DIRECTION('',(0.E0,1.E0,0.E0));
#2165=DIRECTION('',(0.E0,0.E0,-1.E0));
#2166=AXIS2_PLACEMENT_3D('',#2163,#2164,#2165);
#2167=PLANE('',#2166);
#2168=ORIENTED_EDGE('',*,*,#1521,.T.);
#2169=ORIENTED_EDGE('',*,*,#2158,.F.);
#2170=ORIENTED_EDGE('',*,*,#1613,.T.);
#2171=ORIENTED_EDGE('',*,*,#2119,.F.);
#2172=EDGE_LOOP('',(#2168,#2169,#2170,#2171));
#2173=FACE_OUTER_BOUND('',#2172,.F.);
#2174=ADVANCED_FACE('',(#2173),#2167,.T.);
#2175=CARTESIAN_POINT('',(-1.41E1,7.E-1,2.45E1));
#2176=DIRECTION('',(0.E0,1.E0,0.E0));
#2177=DIRECTION('',(0.E0,0.E0,-1.E0));
#2178=AXIS2_PLACEMENT_3D('',#2175,#2176,#2177);
#2179=PLANE('',#2178);
#2180=ORIENTED_EDGE('',*,*,#1992,.T.);
#2181=ORIENTED_EDGE('',*,*,#2105,.F.);
#2182=ORIENTED_EDGE('',*,*,#2091,.T.);
#2184=ORIENTED_EDGE('',*,*,#2183,.F.);
#2185=EDGE_LOOP('',(#2180,#2181,#2182,#2184));
#2186=FACE_OUTER_BOUND('',#2185,.F.);
#2187=ADVANCED_FACE('',(#2186),#2179,.T.);
#2188=CARTESIAN_POINT('',(-1.41E1,1.3E0,2.36E1));
#2189=DIRECTION('',(0.E0,0.E0,1.E0));
#2190=DIRECTION('',(0.E0,1.E0,0.E0));
#2191=AXIS2_PLACEMENT_3D('',#2188,#2189,#2190);
#2192=PLANE('',#2191);
#2193=ORIENTED_EDGE('',*,*,#1994,.F.);
#2194=ORIENTED_EDGE('',*,*,#2183,.T.);
#2195=ORIENTED_EDGE('',*,*,#2089,.T.);
#2196=ORIENTED_EDGE('',*,*,#2145,.F.);
#2197=EDGE_LOOP('',(#2193,#2194,#2195,#2196));
#2198=FACE_OUTER_BOUND('',#2197,.F.);
#2199=ADVANCED_FACE('',(#2198),#2192,.T.);
#2200=CARTESIAN_POINT('',(-1.41E1,3.E-1,1.335E1));
#2201=DIRECTION('',(0.E0,1.E0,0.E0));
#2202=DIRECTION('',(0.E0,0.E0,1.E0));
#2203=AXIS2_PLACEMENT_3D('',#2200,#2201,#2202);
#2204=PLANE('',#2203);
#2206=ORIENTED_EDGE('',*,*,#2205,.F.);
#2207=ORIENTED_EDGE('',*,*,#2062,.F.);
#2208=ORIENTED_EDGE('',*,*,#1944,.F.);
#2209=ORIENTED_EDGE('',*,*,#1967,.F.);
#2210=EDGE_LOOP('',(#2206,#2207,#2208,#2209));
#2211=FACE_OUTER_BOUND('',#2210,.F.);
#2212=ADVANCED_FACE('',(#2211),#2204,.F.);
#2213=CARTESIAN_POINT('',(0.E0,0.E0,2.23E1));
#2214=DIRECTION('',(0.E0,0.E0,1.E0));
#2215=DIRECTION('',(1.E0,0.E0,0.E0));
#2216=AXIS2_PLACEMENT_3D('',#2213,#2214,#2215);
#2217=PLANE('',#2216);
#2218=ORIENTED_EDGE('',*,*,#2205,.T.);
#2219=ORIENTED_EDGE('',*,*,#1965,.F.);
#2221=ORIENTED_EDGE('',*,*,#2220,.F.);
#2223=ORIENTED_EDGE('',*,*,#2222,.F.);
#2225=ORIENTED_EDGE('',*,*,#2224,.F.);
#2227=ORIENTED_EDGE('',*,*,#2226,.F.);
#2229=ORIENTED_EDGE('',*,*,#2228,.F.);
#2230=ORIENTED_EDGE('',*,*,#2064,.F.);
#2231=EDGE_LOOP('',(#2218,#2219,#2221,#2223,#2225,#2227,#2229,#2230));
#2232=FACE_OUTER_BOUND('',#2231,.F.);
#2233=ADVANCED_FACE('',(#2232),#2217,.T.);
#2234=CARTESIAN_POINT('',(-1.395E1,1.5E-1,2.11E1));
#2235=DIRECTION('',(0.E0,0.E0,-1.E0));
#2236=DIRECTION('',(-1.E0,0.E0,0.E0));
#2237=AXIS2_PLACEMENT_3D('',#2234,#2235,#2236);
#2238=CYLINDRICAL_SURFACE('',#2237,5.E-2);
#2240=ORIENTED_EDGE('',*,*,#2239,.T.);
#2241=ORIENTED_EDGE('',*,*,#2220,.T.);
#2242=ORIENTED_EDGE('',*,*,#1963,.T.);
#2244=ORIENTED_EDGE('',*,*,#2243,.F.);
#2245=EDGE_LOOP('',(#2240,#2241,#2242,#2244));
#2246=FACE_OUTER_BOUND('',#2245,.F.);
#2247=ADVANCED_FACE('',(#2246),#2238,.F.);
#2248=CARTESIAN_POINT('',(-1.395E1,1.E-1,2.11E1));
#2249=DIRECTION('',(0.E0,1.E0,0.E0));
#2250=DIRECTION('',(1.E0,0.E0,0.E0));
#2251=AXIS2_PLACEMENT_3D('',#2248,#2249,#2250);
#2252=PLANE('',#2251);
#2254=ORIENTED_EDGE('',*,*,#2253,.T.);
#2255=ORIENTED_EDGE('',*,*,#2222,.T.);
#2256=ORIENTED_EDGE('',*,*,#2239,.F.);
#2258=ORIENTED_EDGE('',*,*,#2257,.T.);
#2259=EDGE_LOOP('',(#2254,#2255,#2256,#2258));
#2260=FACE_OUTER_BOUND('',#2259,.F.);
#2261=ADVANCED_FACE('',(#2260),#2252,.T.);
#2262=CARTESIAN_POINT('',(-1.34E1,1.E-1,2.11E1));
#2263=DIRECTION('',(1.E0,0.E0,0.E0));
#2264=DIRECTION('',(0.E0,-1.E0,0.E0));
#2265=AXIS2_PLACEMENT_3D('',#2262,#2263,#2264);
#2266=PLANE('',#2265);
#2268=ORIENTED_EDGE('',*,*,#2267,.T.);
#2269=ORIENTED_EDGE('',*,*,#2224,.T.);
#2270=ORIENTED_EDGE('',*,*,#2253,.F.);
#2272=ORIENTED_EDGE('',*,*,#2271,.T.);
#2273=EDGE_LOOP('',(#2268,#2269,#2270,#2272));
#2274=FACE_OUTER_BOUND('',#2273,.F.);
#2275=ADVANCED_FACE('',(#2274),#2266,.T.);
#2276=CARTESIAN_POINT('',(-1.34E1,-1.E-1,2.11E1));
#2277=DIRECTION('',(0.E0,-1.E0,0.E0));
#2278=DIRECTION('',(-1.E0,0.E0,0.E0));
#2279=AXIS2_PLACEMENT_3D('',#2276,#2277,#2278);
#2280=PLANE('',#2279);
#2282=ORIENTED_EDGE('',*,*,#2281,.T.);
#2283=ORIENTED_EDGE('',*,*,#2226,.T.);
#2284=ORIENTED_EDGE('',*,*,#2267,.F.);
#2286=ORIENTED_EDGE('',*,*,#2285,.T.);
#2287=EDGE_LOOP('',(#2282,#2283,#2284,#2286));
#2288=FACE_OUTER_BOUND('',#2287,.F.);
#2289=ADVANCED_FACE('',(#2288),#2280,.T.);
#2290=CARTESIAN_POINT('',(-1.395E1,1.5E-1,2.11E1));
#2291=DIRECTION('',(0.E0,0.E0,-1.E0));
#2292=DIRECTION('',(-1.E0,0.E0,0.E0));
#2293=AXIS2_PLACEMENT_3D('',#2290,#2291,#2292);
#2294=CYLINDRICAL_SURFACE('',#2293,2.5E-1);
#2295=ORIENTED_EDGE('',*,*,#2066,.T.);
#2296=ORIENTED_EDGE('',*,*,#2228,.T.);
#2297=ORIENTED_EDGE('',*,*,#2281,.F.);
#2299=ORIENTED_EDGE('',*,*,#2298,.T.);
#2300=EDGE_LOOP('',(#2295,#2296,#2297,#2299));
#2301=FACE_OUTER_BOUND('',#2300,.F.);
#2302=ADVANCED_FACE('',(#2301),#2294,.T.);
#2303=CARTESIAN_POINT('',(0.E0,0.E0,2.05E1));
#2304=DIRECTION('',(0.E0,0.E0,-1.E0));
#2305=DIRECTION('',(-1.E0,0.E0,0.E0));
#2306=AXIS2_PLACEMENT_3D('',#2303,#2304,#2305);
#2307=PLANE('',#2306);
#2308=ORIENTED_EDGE('',*,*,#1976,.T.);
#2310=ORIENTED_EDGE('',*,*,#2309,.F.);
#2311=ORIENTED_EDGE('',*,*,#2068,.F.);
#2312=ORIENTED_EDGE('',*,*,#2298,.F.);
#2313=ORIENTED_EDGE('',*,*,#2285,.F.);
#2314=ORIENTED_EDGE('',*,*,#2271,.F.);
#2315=ORIENTED_EDGE('',*,*,#2257,.F.);
#2316=ORIENTED_EDGE('',*,*,#2243,.T.);
#2317=EDGE_LOOP('',(#2308,#2310,#2311,#2312,#2313,#2314,#2315,#2316));
#2318=FACE_OUTER_BOUND('',#2317,.F.);
#2319=ADVANCED_FACE('',(#2318),#2307,.T.);
#2320=CARTESIAN_POINT('',(-1.41E1,3.E-1,1.335E1));
#2321=DIRECTION('',(0.E0,1.E0,0.E0));
#2322=DIRECTION('',(0.E0,0.E0,1.E0));
#2323=AXIS2_PLACEMENT_3D('',#2320,#2321,#2322);
#2324=PLANE('',#2323);
#2325=ORIENTED_EDGE('',*,*,#2070,.T.);
#2326=ORIENTED_EDGE('',*,*,#2309,.T.);
#2327=ORIENTED_EDGE('',*,*,#1974,.T.);
#2329=ORIENTED_EDGE('',*,*,#2328,.T.);
#2330=EDGE_LOOP('',(#2325,#2326,#2327,#2329));
#2331=FACE_OUTER_BOUND('',#2330,.F.);
#2332=ADVANCED_FACE('',(#2331),#2324,.F.);
#2333=CARTESIAN_POINT('',(-1.41E1,1.375E0,0.E0));
#2334=DIRECTION('',(0.E0,0.E0,1.E0));
#2335=DIRECTION('',(0.E0,1.E0,0.E0));
#2336=AXIS2_PLACEMENT_3D('',#2333,#2334,#2335);
#2337=PLANE('',#2336);
#2338=ORIENTED_EDGE('',*,*,#1972,.F.);
#2340=ORIENTED_EDGE('',*,*,#2339,.T.);
#2341=ORIENTED_EDGE('',*,*,#2072,.F.);
#2342=ORIENTED_EDGE('',*,*,#2328,.F.);
#2343=EDGE_LOOP('',(#2338,#2340,#2341,#2342));
#2344=FACE_OUTER_BOUND('',#2343,.F.);
#2345=ADVANCED_FACE('',(#2344),#2337,.F.);
#2346=CARTESIAN_POINT('',(-1.4025E1,2.625E0,0.E0));
#2347=DIRECTION('',(0.E0,0.E0,1.E0));
#2348=DIRECTION('',(0.E0,1.E0,0.E0));
#2349=AXIS2_PLACEMENT_3D('',#2346,#2347,#2348);
#2350=PLANE('',#2349);
#2352=ORIENTED_EDGE('',*,*,#2351,.T.);
#2354=ORIENTED_EDGE('',*,*,#2353,.T.);
#2356=ORIENTED_EDGE('',*,*,#2355,.T.);
#2357=ORIENTED_EDGE('',*,*,#2339,.F.);
#2358=EDGE_LOOP('',(#2352,#2354,#2356,#2357));
#2359=FACE_OUTER_BOUND('',#2358,.F.);
#2360=ADVANCED_FACE('',(#2359),#2350,.F.);
#2361=CARTESIAN_POINT('',(-1.385E1,2.45E0,-5.34E-1));
#2362=DIRECTION('',(0.E0,0.E0,1.E0));
#2363=DIRECTION('',(1.E0,0.E0,0.E0));
#2364=AXIS2_PLACEMENT_3D('',#2361,#2362,#2363);
#2365=CYLINDRICAL_SURFACE('',#2364,1.5E-1);
#2366=ORIENTED_EDGE('',*,*,#1953,.F.);
#2367=ORIENTED_EDGE('',*,*,#1795,.T.);
#2368=ORIENTED_EDGE('',*,*,#2351,.F.);
#2369=ORIENTED_EDGE('',*,*,#1970,.T.);
#2370=EDGE_LOOP('',(#2366,#2367,#2368,#2369));
#2371=FACE_OUTER_BOUND('',#2370,.F.);
#2372=ADVANCED_FACE('',(#2371),#2365,.F.);
#2373=CARTESIAN_POINT('',(0.E0,2.7E0,0.E0));
#2374=DIRECTION('',(0.E0,0.E0,1.E0));
#2375=DIRECTION('',(1.E0,0.E0,0.E0));
#2376=AXIS2_PLACEMENT_3D('',#2373,#2374,#2375);
#2377=PLANE('',#2376);
#2378=ORIENTED_EDGE('',*,*,#1793,.F.);
#2380=ORIENTED_EDGE('',*,*,#2379,.T.);
#2381=ORIENTED_EDGE('',*,*,#1880,.F.);
#2382=ORIENTED_EDGE('',*,*,#2353,.F.);
#2383=EDGE_LOOP('',(#2378,#2380,#2381,#2382));
#2384=FACE_OUTER_BOUND('',#2383,.F.);
#2385=ADVANCED_FACE('',(#2384),#2377,.F.);
#2386=CARTESIAN_POINT('',(1.4025E1,2.625E0,0.E0));
#2387=DIRECTION('',(0.E0,0.E0,1.E0));
#2388=DIRECTION('',(1.E0,0.E0,0.E0));
#2389=AXIS2_PLACEMENT_3D('',#2386,#2387,#2388);
#2390=PLANE('',#2389);
#2392=ORIENTED_EDGE('',*,*,#2391,.T.);
#2394=ORIENTED_EDGE('',*,*,#2393,.T.);
#2396=ORIENTED_EDGE('',*,*,#2395,.T.);
#2397=ORIENTED_EDGE('',*,*,#2379,.F.);
#2398=EDGE_LOOP('',(#2392,#2394,#2396,#2397));
#2399=FACE_OUTER_BOUND('',#2398,.F.);
#2400=ADVANCED_FACE('',(#2399),#2390,.F.);
#2401=CARTESIAN_POINT('',(1.385E1,2.45E0,-5.34E-1));
#2402=DIRECTION('',(0.E0,0.E0,1.E0));
#2403=DIRECTION('',(1.E0,0.E0,0.E0));
#2404=AXIS2_PLACEMENT_3D('',#2401,#2402,#2403);
#2405=CYLINDRICAL_SURFACE('',#2404,1.5E-1);
#2406=ORIENTED_EDGE('',*,*,#1772,.F.);
#2407=ORIENTED_EDGE('',*,*,#1499,.T.);
#2408=ORIENTED_EDGE('',*,*,#2391,.F.);
#2409=ORIENTED_EDGE('',*,*,#1791,.T.);
#2410=EDGE_LOOP('',(#2406,#2407,#2408,#2409));
#2411=FACE_OUTER_BOUND('',#2410,.F.);
#2412=ADVANCED_FACE('',(#2411),#2405,.F.);
#2413=CARTESIAN_POINT('',(1.41E1,1.375E0,0.E0));
#2414=DIRECTION('',(0.E0,0.E0,1.E0));
#2415=DIRECTION('',(0.E0,-1.E0,0.E0));
#2416=AXIS2_PLACEMENT_3D('',#2413,#2414,#2415);
#2417=PLANE('',#2416);
#2418=ORIENTED_EDGE('',*,*,#1497,.F.);
#2419=ORIENTED_EDGE('',*,*,#1644,.T.);
#2420=ORIENTED_EDGE('',*,*,#1601,.T.);
#2421=ORIENTED_EDGE('',*,*,#2393,.F.);
#2422=EDGE_LOOP('',(#2418,#2419,#2420,#2421));
#2423=FACE_OUTER_BOUND('',#2422,.F.);
#2424=ADVANCED_FACE('',(#2423),#2417,.F.);
#2425=CARTESIAN_POINT('',(1.385E1,2.45E0,-5.34E-1));
#2426=DIRECTION('',(0.E0,0.E0,1.E0));
#2427=DIRECTION('',(1.E0,0.E0,0.E0));
#2428=AXIS2_PLACEMENT_3D('',#2425,#2426,#2427);
#2429=CYLINDRICAL_SURFACE('',#2428,3.5E-1);
#2430=ORIENTED_EDGE('',*,*,#1767,.F.);
#2431=ORIENTED_EDGE('',*,*,#1882,.T.);
#2432=ORIENTED_EDGE('',*,*,#2395,.F.);
#2433=ORIENTED_EDGE('',*,*,#1599,.T.);
#2434=EDGE_LOOP('',(#2430,#2431,#2432,#2433));
#2435=FACE_OUTER_BOUND('',#2434,.F.);
#2436=ADVANCED_FACE('',(#2435),#2429,.T.);
#2437=CARTESIAN_POINT('',(-1.385E1,2.45E0,-5.34E-1));
#2438=DIRECTION('',(0.E0,0.E0,1.E0));
#2439=DIRECTION('',(1.E0,0.E0,0.E0));
#2440=AXIS2_PLACEMENT_3D('',#2437,#2438,#2439);
#2441=CYLINDRICAL_SURFACE('',#2440,3.5E-1);
#2442=ORIENTED_EDGE('',*,*,#1948,.F.);
#2443=ORIENTED_EDGE('',*,*,#2074,.T.);
#2444=ORIENTED_EDGE('',*,*,#2355,.F.);
#2445=ORIENTED_EDGE('',*,*,#1878,.T.);
#2446=EDGE_LOOP('',(#2442,#2443,#2444,#2445));
#2447=FACE_OUTER_BOUND('',#2446,.F.);
#2448=ADVANCED_FACE('',(#2447),#2441,.T.);
#2449=CARTESIAN_POINT('',(1.326E1,2.551197715083E0,2.703E1));
#2450=DIRECTION('',(0.E0,1.E0,0.E0));
#2451=DIRECTION('',(1.E0,0.E0,0.E0));
#2452=AXIS2_PLACEMENT_3D('',#2449,#2450,#2451);
#2453=CYLINDRICAL_SURFACE('',#2452,3.3E-1);
#2454=ORIENTED_EDGE('',*,*,#1788,.F.);
#2455=ORIENTED_EDGE('',*,*,#1786,.F.);
#2457=ORIENTED_EDGE('',*,*,#2456,.T.);
#2458=ORIENTED_EDGE('',*,*,#1887,.F.);
#2459=ORIENTED_EDGE('',*,*,#1885,.F.);
#2460=ORIENTED_EDGE('',*,*,#1763,.T.);
#2461=EDGE_LOOP('',(#2454,#2455,#2457,#2458,#2459,#2460));
#2462=FACE_OUTER_BOUND('',#2461,.F.);
#2463=ADVANCED_FACE('',(#2462),#2453,.F.);
#2464=CARTESIAN_POINT('',(1.326E1,2.7E0,2.818E1));
#2465=DIRECTION('',(1.E0,0.E0,0.E0));
#2466=DIRECTION('',(0.E0,0.E0,1.E0));
#2467=AXIS2_PLACEMENT_3D('',#2464,#2465,#2466);
#2468=PLANE('',#2467);
#2469=ORIENTED_EDGE('',*,*,#1784,.F.);
#2470=ORIENTED_EDGE('',*,*,#1846,.T.);
#2471=ORIENTED_EDGE('',*,*,#1889,.F.);
#2472=ORIENTED_EDGE('',*,*,#2456,.F.);
#2473=EDGE_LOOP('',(#2469,#2470,#2471,#2472));
#2474=FACE_OUTER_BOUND('',#2473,.F.);
#2475=ADVANCED_FACE('',(#2474),#2468,.T.);
#2476=CARTESIAN_POINT('',(8.7E0,2.8E0,1.957683676531E1));
#2477=DIRECTION('',(0.E0,1.E0,0.E0));
#2478=DIRECTION('',(0.E0,0.E0,-1.E0));
#2479=AXIS2_PLACEMENT_3D('',#2476,#2477,#2478);
#2480=PLANE('',#2479);
#2482=ORIENTED_EDGE('',*,*,#2481,.T.);
#2483=ORIENTED_EDGE('',*,*,#1893,.F.);
#2485=ORIENTED_EDGE('',*,*,#2484,.T.);
#2487=ORIENTED_EDGE('',*,*,#2486,.F.);
#2488=EDGE_LOOP('',(#2482,#2483,#2485,#2487));
#2489=FACE_OUTER_BOUND('',#2488,.F.);
#2490=ADVANCED_FACE('',(#2489),#2480,.T.);
#2491=CARTESIAN_POINT('',(9.5E0,2.7E0,1.957683676531E1));
#2492=DIRECTION('',(1.E0,0.E0,0.E0));
#2493=DIRECTION('',(0.E0,0.E0,-1.E0));
#2494=AXIS2_PLACEMENT_3D('',#2491,#2492,#2493);
#2495=PLANE('',#2494);
#2497=ORIENTED_EDGE('',*,*,#2496,.T.);
#2499=ORIENTED_EDGE('',*,*,#2498,.F.);
#2500=ORIENTED_EDGE('',*,*,#2481,.F.);
#2502=ORIENTED_EDGE('',*,*,#2501,.T.);
#2503=EDGE_LOOP('',(#2497,#2499,#2500,#2502));
#2504=FACE_OUTER_BOUND('',#2503,.F.);
#2505=ADVANCED_FACE('',(#2504),#2495,.T.);
#2506=CARTESIAN_POINT('',(8.7E0,2.6E0,1.957683676531E1));
#2507=DIRECTION('',(0.E0,1.E0,0.E0));
#2508=DIRECTION('',(0.E0,0.E0,-1.E0));
#2509=AXIS2_PLACEMENT_3D('',#2506,#2507,#2508);
#2510=PLANE('',#2509);
#2511=ORIENTED_EDGE('',*,*,#2496,.F.);
#2513=ORIENTED_EDGE('',*,*,#2512,.F.);
#2515=ORIENTED_EDGE('',*,*,#2514,.T.);
#2516=ORIENTED_EDGE('',*,*,#1811,.F.);
#2517=EDGE_LOOP('',(#2511,#2513,#2515,#2516));
#2518=FACE_OUTER_BOUND('',#2517,.F.);
#2519=ADVANCED_FACE('',(#2518),#2510,.F.);
#2520=CARTESIAN_POINT('',(9.548802284917E0,1.6E0,1.815367353062E1));
#2521=DIRECTION('',(-1.E0,0.E0,0.E0));
#2522=DIRECTION('',(0.E0,0.E0,-1.E0));
#2523=AXIS2_PLACEMENT_3D('',#2520,#2521,#2522);
#2524=CYLINDRICAL_SURFACE('',#2523,1.E0);
#2526=ORIENTED_EDGE('',*,*,#2525,.F.);
#2528=ORIENTED_EDGE('',*,*,#2527,.T.);
#2530=ORIENTED_EDGE('',*,*,#2529,.F.);
#2531=ORIENTED_EDGE('',*,*,#2512,.T.);
#2532=EDGE_LOOP('',(#2526,#2528,#2530,#2531));
#2533=FACE_OUTER_BOUND('',#2532,.F.);
#2534=ADVANCED_FACE('',(#2533),#2524,.F.);
#2535=CARTESIAN_POINT('',(9.5E0,2.689613215843E0,1.803201164515E1));
#2536=DIRECTION('',(1.E0,0.E0,0.E0));
#2537=DIRECTION('',(0.E0,0.E0,-1.E0));
#2538=AXIS2_PLACEMENT_3D('',#2535,#2536,#2537);
#2539=PLANE('',#2538);
#2540=ORIENTED_EDGE('',*,*,#2525,.T.);
#2541=ORIENTED_EDGE('',*,*,#2501,.F.);
#2543=ORIENTED_EDGE('',*,*,#2542,.T.);
#2545=ORIENTED_EDGE('',*,*,#2544,.T.);
#2546=EDGE_LOOP('',(#2540,#2541,#2543,#2545));
#2547=FACE_OUTER_BOUND('',#2546,.F.);
#2548=ADVANCED_FACE('',(#2547),#2539,.T.);
#2549=CARTESIAN_POINT('',(9.548802284917E0,1.6E0,1.815367353062E1));
#2550=DIRECTION('',(-1.E0,0.E0,0.E0));
#2551=DIRECTION('',(0.E0,0.E0,-1.E0));
#2552=AXIS2_PLACEMENT_3D('',#2549,#2550,#2551);
#2553=CYLINDRICAL_SURFACE('',#2552,1.2E0);
#2554=ORIENTED_EDGE('',*,*,#2542,.F.);
#2555=ORIENTED_EDGE('',*,*,#2486,.T.);
#2557=ORIENTED_EDGE('',*,*,#2556,.F.);
#2559=ORIENTED_EDGE('',*,*,#2558,.T.);
#2560=EDGE_LOOP('',(#2554,#2555,#2557,#2559));
#2561=FACE_OUTER_BOUND('',#2560,.F.);
#2562=ADVANCED_FACE('',(#2561),#2553,.T.);
#2563=CARTESIAN_POINT('',(7.9E0,2.691647418560E0,1.805186740082E1));
#2564=DIRECTION('',(1.E0,0.E0,0.E0));
#2565=DIRECTION('',(0.E0,2.027698091115E-1,9.792264316862E-1));
#2566=AXIS2_PLACEMENT_3D('',#2563,#2564,#2565);
#2567=PLANE('',#2566);
#2568=ORIENTED_EDGE('',*,*,#2529,.T.);
#2570=ORIENTED_EDGE('',*,*,#2569,.T.);
#2571=ORIENTED_EDGE('',*,*,#2556,.T.);
#2573=ORIENTED_EDGE('',*,*,#2572,.T.);
#2574=EDGE_LOOP('',(#2568,#2570,#2571,#2573));
#2575=FACE_OUTER_BOUND('',#2574,.F.);
#2576=ADVANCED_FACE('',(#2575),#2567,.F.);
#2577=CARTESIAN_POINT('',(7.9E0,2.547922643169E0,1.730655978440E1));
#2578=DIRECTION('',(1.E0,0.E0,0.E0));
#2579=DIRECTION('',(0.E0,2.027698091084E-1,9.792264316868E-1));
#2580=AXIS2_PLACEMENT_3D('',#2577,#2578,#2579);
#2581=PLANE('',#2580);
#2583=ORIENTED_EDGE('',*,*,#2582,.T.);
#2585=ORIENTED_EDGE('',*,*,#2584,.F.);
#2587=ORIENTED_EDGE('',*,*,#2586,.T.);
#2588=ORIENTED_EDGE('',*,*,#2569,.F.);
#2589=EDGE_LOOP('',(#2583,#2585,#2587,#2588));
#2590=FACE_OUTER_BOUND('',#2589,.F.);
#2591=ADVANCED_FACE('',(#2590),#2581,.F.);
#2592=CARTESIAN_POINT('',(8.7E0,2.450000000001E0,1.732683676531E1));
#2593=DIRECTION('',(0.E0,9.792264316866E-1,-2.027698091095E-1));
#2594=DIRECTION('',(0.E0,-2.027698091095E-1,-9.792264316866E-1));
#2595=AXIS2_PLACEMENT_3D('',#2592,#2593,#2594);
#2596=PLANE('',#2595);
#2598=ORIENTED_EDGE('',*,*,#2597,.T.);
#2600=ORIENTED_EDGE('',*,*,#2599,.F.);
#2601=ORIENTED_EDGE('',*,*,#2582,.F.);
#2602=ORIENTED_EDGE('',*,*,#2527,.F.);
#2603=EDGE_LOOP('',(#2598,#2600,#2601,#2602));
#2604=FACE_OUTER_BOUND('',#2603,.F.);
#2605=ADVANCED_FACE('',(#2604),#2596,.F.);
#2606=CARTESIAN_POINT('',(9.5E0,2.547922643169E0,1.730655978440E1));
#2607=DIRECTION('',(1.E0,0.E0,0.E0));
#2608=DIRECTION('',(0.E0,-2.027698091084E-1,-9.792264316868E-1));
#2609=AXIS2_PLACEMENT_3D('',#2606,#2607,#2608);
#2610=PLANE('',#2609);
#2611=ORIENTED_EDGE('',*,*,#2597,.F.);
#2612=ORIENTED_EDGE('',*,*,#2544,.F.);
#2614=ORIENTED_EDGE('',*,*,#2613,.T.);
#2616=ORIENTED_EDGE('',*,*,#2615,.T.);
#2617=EDGE_LOOP('',(#2611,#2612,#2614,#2616));
#2618=FACE_OUTER_BOUND('',#2617,.F.);
#2619=ADVANCED_FACE('',(#2618),#2610,.T.);
#2620=CARTESIAN_POINT('',(8.7E0,2.645845286337E0,1.728628280349E1));
#2621=DIRECTION('',(0.E0,9.792264316868E-1,-2.027698091088E-1));
#2622=DIRECTION('',(0.E0,-2.027698091088E-1,-9.792264316868E-1));
#2623=AXIS2_PLACEMENT_3D('',#2620,#2621,#2622);
#2624=PLANE('',#2623);
#2625=ORIENTED_EDGE('',*,*,#2613,.F.);
#2626=ORIENTED_EDGE('',*,*,#2558,.F.);
#2627=ORIENTED_EDGE('',*,*,#2586,.F.);
#2629=ORIENTED_EDGE('',*,*,#2628,.F.);
#2630=EDGE_LOOP('',(#2625,#2626,#2627,#2629));
#2631=FACE_OUTER_BOUND('',#2630,.F.);
#2632=ADVANCED_FACE('',(#2631),#2624,.T.);
#2633=CARTESIAN_POINT('',(9.548802284917E0,3.3E0,1.65E1));
#2634=DIRECTION('',(-1.E0,0.E0,0.E0));
#2635=DIRECTION('',(0.E0,0.E0,-1.E0));
#2636=AXIS2_PLACEMENT_3D('',#2633,#2634,#2635);
#2637=CYLINDRICAL_SURFACE('',#2636,8.E-1);
#2639=ORIENTED_EDGE('',*,*,#2638,.F.);
#2640=ORIENTED_EDGE('',*,*,#2628,.T.);
#2642=ORIENTED_EDGE('',*,*,#2641,.F.);
#2644=ORIENTED_EDGE('',*,*,#2643,.T.);
#2645=EDGE_LOOP('',(#2639,#2640,#2642,#2644));
#2646=FACE_OUTER_BOUND('',#2645,.F.);
#2647=ADVANCED_FACE('',(#2646),#2637,.F.);
#2648=CARTESIAN_POINT('',(9.5E0,2.407306544764E0,1.651459195397E1));
#2649=DIRECTION('',(1.E0,0.E0,0.E0));
#2650=DIRECTION('',(0.E0,-2.027698091106E-1,-9.792264316864E-1));
#2651=AXIS2_PLACEMENT_3D('',#2648,#2649,#2650);
#2652=PLANE('',#2651);
#2654=ORIENTED_EDGE('',*,*,#2653,.T.);
#2655=ORIENTED_EDGE('',*,*,#2615,.F.);
#2656=ORIENTED_EDGE('',*,*,#2638,.T.);
#2658=ORIENTED_EDGE('',*,*,#2657,.T.);
#2659=EDGE_LOOP('',(#2654,#2655,#2656,#2658));
#2660=FACE_OUTER_BOUND('',#2659,.F.);
#2661=ADVANCED_FACE('',(#2660),#2652,.T.);
#2662=CARTESIAN_POINT('',(9.548802284917E0,3.3E0,1.65E1));
#2663=DIRECTION('',(-1.E0,0.E0,0.E0));
#2664=DIRECTION('',(0.E0,0.E0,-1.E0));
#2665=AXIS2_PLACEMENT_3D('',#2662,#2663,#2664);
#2666=CYLINDRICAL_SURFACE('',#2665,1.E0);
#2667=ORIENTED_EDGE('',*,*,#2653,.F.);
#2669=ORIENTED_EDGE('',*,*,#2668,.T.);
#2671=ORIENTED_EDGE('',*,*,#2670,.F.);
#2672=ORIENTED_EDGE('',*,*,#2599,.T.);
#2673=EDGE_LOOP('',(#2667,#2669,#2671,#2672));
#2674=FACE_OUTER_BOUND('',#2673,.F.);
#2675=ADVANCED_FACE('',(#2674),#2666,.T.);
#2676=CARTESIAN_POINT('',(8.7E0,2.354601270827E0,1.603232357032E1));
#2677=DIRECTION('',(0.E0,9.907974583449E-1,1.353528593612E-1));
#2678=DIRECTION('',(0.E0,1.353528593612E-1,-9.907974583449E-1));
#2679=AXIS2_PLACEMENT_3D('',#2676,#2677,#2678);
#2680=PLANE('',#2679);
#2682=ORIENTED_EDGE('',*,*,#2681,.T.);
#2684=ORIENTED_EDGE('',*,*,#2683,.T.);
#2686=ORIENTED_EDGE('',*,*,#2685,.T.);
#2687=ORIENTED_EDGE('',*,*,#2668,.F.);
#2688=EDGE_LOOP('',(#2682,#2684,#2686,#2687));
#2689=FACE_OUTER_BOUND('',#2688,.F.);
#2690=ADVANCED_FACE('',(#2689),#2680,.F.);
#2691=CARTESIAN_POINT('',(9.5E0,2.453681016662E0,1.604585885625E1));
#2692=DIRECTION('',(1.E0,0.E0,0.E0));
#2693=DIRECTION('',(0.E0,1.353528593623E-1,-9.907974583448E-1));
#2694=AXIS2_PLACEMENT_3D('',#2691,#2692,#2693);
#2695=PLANE('',#2694);
#2696=ORIENTED_EDGE('',*,*,#2681,.F.);
#2697=ORIENTED_EDGE('',*,*,#2657,.F.);
#2699=ORIENTED_EDGE('',*,*,#2698,.T.);
#2701=ORIENTED_EDGE('',*,*,#2700,.T.);
#2702=EDGE_LOOP('',(#2696,#2697,#2699,#2701));
#2703=FACE_OUTER_BOUND('',#2702,.F.);
#2704=ADVANCED_FACE('',(#2703),#2695,.T.);
#2705=CARTESIAN_POINT('',(8.7E0,2.552760762496E0,1.605939414219E1));
#2706=DIRECTION('',(0.E0,9.907974583449E-1,1.353528593612E-1));
#2707=DIRECTION('',(0.E0,1.353528593612E-1,-9.907974583449E-1));
#2708=AXIS2_PLACEMENT_3D('',#2705,#2706,#2707);
#2709=PLANE('',#2708);
#2710=ORIENTED_EDGE('',*,*,#2698,.F.);
#2711=ORIENTED_EDGE('',*,*,#2643,.F.);
#2713=ORIENTED_EDGE('',*,*,#2712,.T.);
#2715=ORIENTED_EDGE('',*,*,#2714,.T.);
#2716=EDGE_LOOP('',(#2710,#2711,#2713,#2715));
#2717=FACE_OUTER_BOUND('',#2716,.F.);
#2718=ADVANCED_FACE('',(#2717),#2709,.T.);
#2719=CARTESIAN_POINT('',(7.9E0,2.453681016662E0,1.604585885625E1));
#2720=DIRECTION('',(1.E0,0.E0,0.E0));
#2721=DIRECTION('',(0.E0,-1.353528593623E-1,9.907974583448E-1));
#2722=AXIS2_PLACEMENT_3D('',#2719,#2720,#2721);
#2723=PLANE('',#2722);
#2724=ORIENTED_EDGE('',*,*,#2685,.F.);
#2726=ORIENTED_EDGE('',*,*,#2725,.T.);
#2727=ORIENTED_EDGE('',*,*,#2712,.F.);
#2729=ORIENTED_EDGE('',*,*,#2728,.T.);
#2730=EDGE_LOOP('',(#2724,#2726,#2727,#2729));
#2731=FACE_OUTER_BOUND('',#2730,.F.);
#2732=ADVANCED_FACE('',(#2731),#2723,.F.);
#2733=CARTESIAN_POINT('',(8.7E0,2.499079745835E0,1.571353528594E1));
#2734=DIRECTION('',(0.E0,-1.353528593737E-1,9.907974583432E-1));
#2735=DIRECTION('',(-1.E0,0.E0,0.E0));
#2736=AXIS2_PLACEMENT_3D('',#2733,#2734,#2735);
#2737=PLANE('',#2736);
#2738=ORIENTED_EDGE('',*,*,#2683,.F.);
#2739=ORIENTED_EDGE('',*,*,#2700,.F.);
#2740=ORIENTED_EDGE('',*,*,#2714,.F.);
#2741=ORIENTED_EDGE('',*,*,#2725,.F.);
#2742=EDGE_LOOP('',(#2738,#2739,#2740,#2741));
#2743=FACE_OUTER_BOUND('',#2742,.F.);
#2744=ADVANCED_FACE('',(#2743),#2737,.F.);
#2745=CARTESIAN_POINT('',(7.9E0,2.408397425966E0,1.654646913080E1));
#2746=DIRECTION('',(1.E0,0.E0,0.E0));
#2747=DIRECTION('',(0.E0,-1.353528593612E-1,9.907974583449E-1));
#2748=AXIS2_PLACEMENT_3D('',#2745,#2746,#2747);
#2749=PLANE('',#2748);
#2750=ORIENTED_EDGE('',*,*,#2670,.T.);
#2751=ORIENTED_EDGE('',*,*,#2728,.F.);
#2752=ORIENTED_EDGE('',*,*,#2641,.T.);
#2753=ORIENTED_EDGE('',*,*,#2584,.T.);
#2754=EDGE_LOOP('',(#2750,#2751,#2752,#2753));
#2755=FACE_OUTER_BOUND('',#2754,.F.);
#2756=ADVANCED_FACE('',(#2755),#2749,.F.);
#2757=CARTESIAN_POINT('',(7.9E0,2.7E0,1.957683676531E1));
#2758=DIRECTION('',(1.E0,0.E0,0.E0));
#2759=DIRECTION('',(0.E0,0.E0,1.E0));
#2760=AXIS2_PLACEMENT_3D('',#2757,#2758,#2759);
#2761=PLANE('',#2760);
#2762=ORIENTED_EDGE('',*,*,#2514,.F.);
#2763=ORIENTED_EDGE('',*,*,#2572,.F.);
#2764=ORIENTED_EDGE('',*,*,#2484,.F.);
#2766=ORIENTED_EDGE('',*,*,#2765,.F.);
#2767=EDGE_LOOP('',(#2762,#2763,#2764,#2766));
#2768=FACE_OUTER_BOUND('',#2767,.F.);
#2769=ADVANCED_FACE('',(#2768),#2761,.F.);
#2770=CARTESIAN_POINT('',(7.7E0,2.551197715083E0,2.1E1));
#2771=DIRECTION('',(0.E0,1.E0,0.E0));
#2772=DIRECTION('',(-1.E0,0.E0,0.E0));
#2773=AXIS2_PLACEMENT_3D('',#2770,#2771,#2772);
#2774=CYLINDRICAL_SURFACE('',#2773,2.E-1);
#2775=ORIENTED_EDGE('',*,*,#1903,.F.);
#2777=ORIENTED_EDGE('',*,*,#2776,.T.);
#2778=ORIENTED_EDGE('',*,*,#1813,.F.);
#2779=ORIENTED_EDGE('',*,*,#2765,.T.);
#2780=EDGE_LOOP('',(#2775,#2777,#2778,#2779));
#2781=FACE_OUTER_BOUND('',#2780,.F.);
#2782=ADVANCED_FACE('',(#2781),#2774,.F.);
#2783=CARTESIAN_POINT('',(7.5E0,2.7E0,1.8E1));
#2784=DIRECTION('',(1.E0,0.E0,0.E0));
#2785=DIRECTION('',(0.E0,0.E0,-1.E0));
#2786=AXIS2_PLACEMENT_3D('',#2783,#2784,#2785);
#2787=PLANE('',#2786);
#2788=ORIENTED_EDGE('',*,*,#1901,.F.);
#2790=ORIENTED_EDGE('',*,*,#2789,.T.);
#2791=ORIENTED_EDGE('',*,*,#1815,.F.);
#2792=ORIENTED_EDGE('',*,*,#2776,.F.);
#2793=EDGE_LOOP('',(#2788,#2790,#2791,#2792));
#2794=FACE_OUTER_BOUND('',#2793,.F.);
#2795=ADVANCED_FACE('',(#2794),#2787,.T.);
#2796=CARTESIAN_POINT('',(8.7E0,2.7E0,1.5E1));
#2797=DIRECTION('',(0.E0,0.E0,1.E0));
#2798=DIRECTION('',(1.E0,0.E0,0.E0));
#2799=AXIS2_PLACEMENT_3D('',#2796,#2797,#2798);
#2800=PLANE('',#2799);
#2801=ORIENTED_EDGE('',*,*,#1899,.F.);
#2803=ORIENTED_EDGE('',*,*,#2802,.F.);
#2804=ORIENTED_EDGE('',*,*,#1817,.F.);
#2805=ORIENTED_EDGE('',*,*,#2789,.F.);
#2806=EDGE_LOOP('',(#2801,#2803,#2804,#2805));
#2807=FACE_OUTER_BOUND('',#2806,.F.);
#2808=ADVANCED_FACE('',(#2807),#2800,.T.);
#2809=CARTESIAN_POINT('',(9.9E0,2.7E0,1.8E1));
#2810=DIRECTION('',(1.E0,0.E0,0.E0));
#2811=DIRECTION('',(0.E0,0.E0,1.E0));
#2812=AXIS2_PLACEMENT_3D('',#2809,#2810,#2811);
#2813=PLANE('',#2812);
#2814=ORIENTED_EDGE('',*,*,#1897,.T.);
#2816=ORIENTED_EDGE('',*,*,#2815,.F.);
#2817=ORIENTED_EDGE('',*,*,#1807,.F.);
#2818=ORIENTED_EDGE('',*,*,#2802,.T.);
#2819=EDGE_LOOP('',(#2814,#2816,#2817,#2818));
#2820=FACE_OUTER_BOUND('',#2819,.F.);
#2821=ADVANCED_FACE('',(#2820),#2813,.F.);
#2822=CARTESIAN_POINT('',(9.7E0,2.551197715083E0,2.1E1));
#2823=DIRECTION('',(0.E0,1.E0,0.E0));
#2824=DIRECTION('',(-1.E0,0.E0,0.E0));
#2825=AXIS2_PLACEMENT_3D('',#2822,#2823,#2824);
#2826=CYLINDRICAL_SURFACE('',#2825,2.E-1);
#2827=ORIENTED_EDGE('',*,*,#1895,.F.);
#2828=ORIENTED_EDGE('',*,*,#2498,.T.);
#2829=ORIENTED_EDGE('',*,*,#1809,.F.);
#2830=ORIENTED_EDGE('',*,*,#2815,.T.);
#2831=EDGE_LOOP('',(#2827,#2828,#2829,#2830));
#2832=FACE_OUTER_BOUND('',#2831,.F.);
#2833=ADVANCED_FACE('',(#2832),#2826,.F.);
#2834=CARTESIAN_POINT('',(-8.7E0,2.8E0,1.957683676531E1));
#2835=DIRECTION('',(0.E0,1.E0,0.E0));
#2836=DIRECTION('',(0.E0,0.E0,-1.E0));
#2837=AXIS2_PLACEMENT_3D('',#2834,#2835,#2836);
#2838=PLANE('',#2837);
#2840=ORIENTED_EDGE('',*,*,#2839,.T.);
#2841=ORIENTED_EDGE('',*,*,#1907,.F.);
#2843=ORIENTED_EDGE('',*,*,#2842,.T.);
#2845=ORIENTED_EDGE('',*,*,#2844,.F.);
#2846=EDGE_LOOP('',(#2840,#2841,#2843,#2845));
#2847=FACE_OUTER_BOUND('',#2846,.F.);
#2848=ADVANCED_FACE('',(#2847),#2838,.T.);
#2849=CARTESIAN_POINT('',(-7.9E0,2.7E0,1.957683676531E1));
#2850=DIRECTION('',(1.E0,0.E0,0.E0));
#2851=DIRECTION('',(0.E0,0.E0,-1.E0));
#2852=AXIS2_PLACEMENT_3D('',#2849,#2850,#2851);
#2853=PLANE('',#2852);
#2855=ORIENTED_EDGE('',*,*,#2854,.T.);
#2857=ORIENTED_EDGE('',*,*,#2856,.F.);
#2858=ORIENTED_EDGE('',*,*,#2839,.F.);
#2860=ORIENTED_EDGE('',*,*,#2859,.T.);
#2861=EDGE_LOOP('',(#2855,#2857,#2858,#2860));
#2862=FACE_OUTER_BOUND('',#2861,.F.);
#2863=ADVANCED_FACE('',(#2862),#2853,.T.);
#2864=CARTESIAN_POINT('',(-8.7E0,2.6E0,1.957683676531E1));
#2865=DIRECTION('',(0.E0,1.E0,0.E0));
#2866=DIRECTION('',(0.E0,0.E0,-1.E0));
#2867=AXIS2_PLACEMENT_3D('',#2864,#2865,#2866);
#2868=PLANE('',#2867);
#2869=ORIENTED_EDGE('',*,*,#2854,.F.);
#2871=ORIENTED_EDGE('',*,*,#2870,.F.);
#2873=ORIENTED_EDGE('',*,*,#2872,.T.);
#2874=ORIENTED_EDGE('',*,*,#1827,.F.);
#2875=EDGE_LOOP('',(#2869,#2871,#2873,#2874));
#2876=FACE_OUTER_BOUND('',#2875,.F.);
#2877=ADVANCED_FACE('',(#2876),#2868,.F.);
#2878=CARTESIAN_POINT('',(-7.851197715083E0,1.6E0,1.815367353062E1));
#2879=DIRECTION('',(-1.E0,0.E0,0.E0));
#2880=DIRECTION('',(0.E0,0.E0,-1.E0));
#2881=AXIS2_PLACEMENT_3D('',#2878,#2879,#2880);
#2882=CYLINDRICAL_SURFACE('',#2881,1.E0);
#2884=ORIENTED_EDGE('',*,*,#2883,.F.);
#2886=ORIENTED_EDGE('',*,*,#2885,.T.);
#2888=ORIENTED_EDGE('',*,*,#2887,.F.);
#2889=ORIENTED_EDGE('',*,*,#2870,.T.);
#2890=EDGE_LOOP('',(#2884,#2886,#2888,#2889));
#2891=FACE_OUTER_BOUND('',#2890,.F.);
#2892=ADVANCED_FACE('',(#2891),#2882,.F.);
#2893=CARTESIAN_POINT('',(-7.9E0,2.689613215843E0,1.803201164515E1));
#2894=DIRECTION('',(1.E0,0.E0,0.E0));
#2895=DIRECTION('',(0.E0,0.E0,-1.E0));
#2896=AXIS2_PLACEMENT_3D('',#2893,#2894,#2895);
#2897=PLANE('',#2896);
#2898=ORIENTED_EDGE('',*,*,#2883,.T.);
#2899=ORIENTED_EDGE('',*,*,#2859,.F.);
#2901=ORIENTED_EDGE('',*,*,#2900,.T.);
#2903=ORIENTED_EDGE('',*,*,#2902,.T.);
#2904=EDGE_LOOP('',(#2898,#2899,#2901,#2903));
#2905=FACE_OUTER_BOUND('',#2904,.F.);
#2906=ADVANCED_FACE('',(#2905),#2897,.T.);
#2907=CARTESIAN_POINT('',(-7.851197715083E0,1.6E0,1.815367353062E1));
#2908=DIRECTION('',(-1.E0,0.E0,0.E0));
#2909=DIRECTION('',(0.E0,0.E0,-1.E0));
#2910=AXIS2_PLACEMENT_3D('',#2907,#2908,#2909);
#2911=CYLINDRICAL_SURFACE('',#2910,1.2E0);
#2912=ORIENTED_EDGE('',*,*,#2900,.F.);
#2913=ORIENTED_EDGE('',*,*,#2844,.T.);
#2915=ORIENTED_EDGE('',*,*,#2914,.F.);
#2917=ORIENTED_EDGE('',*,*,#2916,.T.);
#2918=EDGE_LOOP('',(#2912,#2913,#2915,#2917));
#2919=FACE_OUTER_BOUND('',#2918,.F.);
#2920=ADVANCED_FACE('',(#2919),#2911,.T.);
#2921=CARTESIAN_POINT('',(-9.5E0,2.691647418560E0,1.805186740082E1));
#2922=DIRECTION('',(1.E0,0.E0,0.E0));
#2923=DIRECTION('',(0.E0,2.027698091115E-1,9.792264316862E-1));
#2924=AXIS2_PLACEMENT_3D('',#2921,#2922,#2923);
#2925=PLANE('',#2924);
#2926=ORIENTED_EDGE('',*,*,#2887,.T.);
#2928=ORIENTED_EDGE('',*,*,#2927,.T.);
#2929=ORIENTED_EDGE('',*,*,#2914,.T.);
#2931=ORIENTED_EDGE('',*,*,#2930,.T.);
#2932=EDGE_LOOP('',(#2926,#2928,#2929,#2931));
#2933=FACE_OUTER_BOUND('',#2932,.F.);
#2934=ADVANCED_FACE('',(#2933),#2925,.F.);
#2935=CARTESIAN_POINT('',(-9.5E0,2.547922643169E0,1.730655978440E1));
#2936=DIRECTION('',(1.E0,0.E0,0.E0));
#2937=DIRECTION('',(0.E0,2.027698091084E-1,9.792264316868E-1));
#2938=AXIS2_PLACEMENT_3D('',#2935,#2936,#2937);
#2939=PLANE('',#2938);
#2941=ORIENTED_EDGE('',*,*,#2940,.T.);
#2943=ORIENTED_EDGE('',*,*,#2942,.F.);
#2945=ORIENTED_EDGE('',*,*,#2944,.T.);
#2946=ORIENTED_EDGE('',*,*,#2927,.F.);
#2947=EDGE_LOOP('',(#2941,#2943,#2945,#2946));
#2948=FACE_OUTER_BOUND('',#2947,.F.);
#2949=ADVANCED_FACE('',(#2948),#2939,.F.);
#2950=CARTESIAN_POINT('',(-8.7E0,2.450000000001E0,1.732683676531E1));
#2951=DIRECTION('',(0.E0,9.792264316866E-1,-2.027698091095E-1));
#2952=DIRECTION('',(0.E0,-2.027698091095E-1,-9.792264316866E-1));
#2953=AXIS2_PLACEMENT_3D('',#2950,#2951,#2952);
#2954=PLANE('',#2953);
#2956=ORIENTED_EDGE('',*,*,#2955,.T.);
#2958=ORIENTED_EDGE('',*,*,#2957,.F.);
#2959=ORIENTED_EDGE('',*,*,#2940,.F.);
#2960=ORIENTED_EDGE('',*,*,#2885,.F.);
#2961=EDGE_LOOP('',(#2956,#2958,#2959,#2960));
#2962=FACE_OUTER_BOUND('',#2961,.F.);
#2963=ADVANCED_FACE('',(#2962),#2954,.F.);
#2964=CARTESIAN_POINT('',(-7.9E0,2.547922643169E0,1.730655978440E1));
#2965=DIRECTION('',(1.E0,0.E0,0.E0));
#2966=DIRECTION('',(0.E0,-2.027698091084E-1,-9.792264316868E-1));
#2967=AXIS2_PLACEMENT_3D('',#2964,#2965,#2966);
#2968=PLANE('',#2967);
#2969=ORIENTED_EDGE('',*,*,#2955,.F.);
#2970=ORIENTED_EDGE('',*,*,#2902,.F.);
#2972=ORIENTED_EDGE('',*,*,#2971,.T.);
#2974=ORIENTED_EDGE('',*,*,#2973,.T.);
#2975=EDGE_LOOP('',(#2969,#2970,#2972,#2974));
#2976=FACE_OUTER_BOUND('',#2975,.F.);
#2977=ADVANCED_FACE('',(#2976),#2968,.T.);
#2978=CARTESIAN_POINT('',(-8.7E0,2.645845286337E0,1.728628280349E1));
#2979=DIRECTION('',(0.E0,9.792264316868E-1,-2.027698091088E-1));
#2980=DIRECTION('',(0.E0,-2.027698091088E-1,-9.792264316868E-1));
#2981=AXIS2_PLACEMENT_3D('',#2978,#2979,#2980);
#2982=PLANE('',#2981);
#2983=ORIENTED_EDGE('',*,*,#2971,.F.);
#2984=ORIENTED_EDGE('',*,*,#2916,.F.);
#2985=ORIENTED_EDGE('',*,*,#2944,.F.);
#2987=ORIENTED_EDGE('',*,*,#2986,.F.);
#2988=EDGE_LOOP('',(#2983,#2984,#2985,#2987));
#2989=FACE_OUTER_BOUND('',#2988,.F.);
#2990=ADVANCED_FACE('',(#2989),#2982,.T.);
#2991=CARTESIAN_POINT('',(-7.851197715083E0,3.3E0,1.65E1));
#2992=DIRECTION('',(-1.E0,0.E0,0.E0));
#2993=DIRECTION('',(0.E0,0.E0,-1.E0));
#2994=AXIS2_PLACEMENT_3D('',#2991,#2992,#2993);
#2995=CYLINDRICAL_SURFACE('',#2994,8.E-1);
#2997=ORIENTED_EDGE('',*,*,#2996,.F.);
#2998=ORIENTED_EDGE('',*,*,#2986,.T.);
#3000=ORIENTED_EDGE('',*,*,#2999,.F.);
#3002=ORIENTED_EDGE('',*,*,#3001,.T.);
#3003=EDGE_LOOP('',(#2997,#2998,#3000,#3002));
#3004=FACE_OUTER_BOUND('',#3003,.F.);
#3005=ADVANCED_FACE('',(#3004),#2995,.F.);
#3006=CARTESIAN_POINT('',(-7.9E0,2.407306544764E0,1.651459195397E1));
#3007=DIRECTION('',(1.E0,0.E0,0.E0));
#3008=DIRECTION('',(0.E0,-2.027698091106E-1,-9.792264316864E-1));
#3009=AXIS2_PLACEMENT_3D('',#3006,#3007,#3008);
#3010=PLANE('',#3009);
#3012=ORIENTED_EDGE('',*,*,#3011,.T.);
#3013=ORIENTED_EDGE('',*,*,#2973,.F.);
#3014=ORIENTED_EDGE('',*,*,#2996,.T.);
#3016=ORIENTED_EDGE('',*,*,#3015,.T.);
#3017=EDGE_LOOP('',(#3012,#3013,#3014,#3016));
#3018=FACE_OUTER_BOUND('',#3017,.F.);
#3019=ADVANCED_FACE('',(#3018),#3010,.T.);
#3020=CARTESIAN_POINT('',(-7.851197715083E0,3.3E0,1.65E1));
#3021=DIRECTION('',(-1.E0,0.E0,0.E0));
#3022=DIRECTION('',(0.E0,0.E0,-1.E0));
#3023=AXIS2_PLACEMENT_3D('',#3020,#3021,#3022);
#3024=CYLINDRICAL_SURFACE('',#3023,1.E0);
#3025=ORIENTED_EDGE('',*,*,#3011,.F.);
#3027=ORIENTED_EDGE('',*,*,#3026,.T.);
#3029=ORIENTED_EDGE('',*,*,#3028,.F.);
#3030=ORIENTED_EDGE('',*,*,#2957,.T.);
#3031=EDGE_LOOP('',(#3025,#3027,#3029,#3030));
#3032=FACE_OUTER_BOUND('',#3031,.F.);
#3033=ADVANCED_FACE('',(#3032),#3024,.T.);
#3034=CARTESIAN_POINT('',(-8.7E0,2.354601270827E0,1.603232357032E1));
#3035=DIRECTION('',(0.E0,9.907974583449E-1,1.353528593612E-1));
#3036=DIRECTION('',(0.E0,1.353528593612E-1,-9.907974583449E-1));
#3037=AXIS2_PLACEMENT_3D('',#3034,#3035,#3036);
#3038=PLANE('',#3037);
#3040=ORIENTED_EDGE('',*,*,#3039,.T.);
#3042=ORIENTED_EDGE('',*,*,#3041,.T.);
#3044=ORIENTED_EDGE('',*,*,#3043,.T.);
#3045=ORIENTED_EDGE('',*,*,#3026,.F.);
#3046=EDGE_LOOP('',(#3040,#3042,#3044,#3045));
#3047=FACE_OUTER_BOUND('',#3046,.F.);
#3048=ADVANCED_FACE('',(#3047),#3038,.F.);
#3049=CARTESIAN_POINT('',(-7.9E0,2.453681016662E0,1.604585885625E1));
#3050=DIRECTION('',(1.E0,0.E0,0.E0));
#3051=DIRECTION('',(0.E0,1.353528593623E-1,-9.907974583448E-1));
#3052=AXIS2_PLACEMENT_3D('',#3049,#3050,#3051);
#3053=PLANE('',#3052);
#3054=ORIENTED_EDGE('',*,*,#3039,.F.);
#3055=ORIENTED_EDGE('',*,*,#3015,.F.);
#3057=ORIENTED_EDGE('',*,*,#3056,.T.);
#3059=ORIENTED_EDGE('',*,*,#3058,.T.);
#3060=EDGE_LOOP('',(#3054,#3055,#3057,#3059));
#3061=FACE_OUTER_BOUND('',#3060,.F.);
#3062=ADVANCED_FACE('',(#3061),#3053,.T.);
#3063=CARTESIAN_POINT('',(-8.7E0,2.552760762496E0,1.605939414219E1));
#3064=DIRECTION('',(0.E0,9.907974583449E-1,1.353528593612E-1));
#3065=DIRECTION('',(0.E0,1.353528593612E-1,-9.907974583449E-1));
#3066=AXIS2_PLACEMENT_3D('',#3063,#3064,#3065);
#3067=PLANE('',#3066);
#3068=ORIENTED_EDGE('',*,*,#3056,.F.);
#3069=ORIENTED_EDGE('',*,*,#3001,.F.);
#3071=ORIENTED_EDGE('',*,*,#3070,.T.);
#3073=ORIENTED_EDGE('',*,*,#3072,.T.);
#3074=EDGE_LOOP('',(#3068,#3069,#3071,#3073));
#3075=FACE_OUTER_BOUND('',#3074,.F.);
#3076=ADVANCED_FACE('',(#3075),#3067,.T.);
#3077=CARTESIAN_POINT('',(-9.5E0,2.453681016662E0,1.604585885625E1));
#3078=DIRECTION('',(1.E0,0.E0,0.E0));
#3079=DIRECTION('',(0.E0,-1.353528593623E-1,9.907974583448E-1));
#3080=AXIS2_PLACEMENT_3D('',#3077,#3078,#3079);
#3081=PLANE('',#3080);
#3082=ORIENTED_EDGE('',*,*,#3043,.F.);
#3084=ORIENTED_EDGE('',*,*,#3083,.T.);
#3085=ORIENTED_EDGE('',*,*,#3070,.F.);
#3087=ORIENTED_EDGE('',*,*,#3086,.T.);
#3088=EDGE_LOOP('',(#3082,#3084,#3085,#3087));
#3089=FACE_OUTER_BOUND('',#3088,.F.);
#3090=ADVANCED_FACE('',(#3089),#3081,.F.);
#3091=CARTESIAN_POINT('',(-8.7E0,2.499079745835E0,1.571353528594E1));
#3092=DIRECTION('',(0.E0,-1.353528593737E-1,9.907974583432E-1));
#3093=DIRECTION('',(-1.E0,0.E0,0.E0));
#3094=AXIS2_PLACEMENT_3D('',#3091,#3092,#3093);
#3095=PLANE('',#3094);
#3096=ORIENTED_EDGE('',*,*,#3041,.F.);
#3097=ORIENTED_EDGE('',*,*,#3058,.F.);
#3098=ORIENTED_EDGE('',*,*,#3072,.F.);
#3099=ORIENTED_EDGE('',*,*,#3083,.F.);
#3100=EDGE_LOOP('',(#3096,#3097,#3098,#3099));
#3101=FACE_OUTER_BOUND('',#3100,.F.);
#3102=ADVANCED_FACE('',(#3101),#3095,.F.);
#3103=CARTESIAN_POINT('',(-9.5E0,2.408397425966E0,1.654646913080E1));
#3104=DIRECTION('',(1.E0,0.E0,0.E0));
#3105=DIRECTION('',(0.E0,-1.353528593612E-1,9.907974583449E-1));
#3106=AXIS2_PLACEMENT_3D('',#3103,#3104,#3105);
#3107=PLANE('',#3106);
#3108=ORIENTED_EDGE('',*,*,#3028,.T.);
#3109=ORIENTED_EDGE('',*,*,#3086,.F.);
#3110=ORIENTED_EDGE('',*,*,#2999,.T.);
#3111=ORIENTED_EDGE('',*,*,#2942,.T.);
#3112=EDGE_LOOP('',(#3108,#3109,#3110,#3111));
#3113=FACE_OUTER_BOUND('',#3112,.F.);
#3114=ADVANCED_FACE('',(#3113),#3107,.F.);
#3115=CARTESIAN_POINT('',(-9.5E0,2.7E0,1.957683676531E1));
#3116=DIRECTION('',(1.E0,0.E0,0.E0));
#3117=DIRECTION('',(0.E0,0.E0,1.E0));
#3118=AXIS2_PLACEMENT_3D('',#3115,#3116,#3117);
#3119=PLANE('',#3118);
#3120=ORIENTED_EDGE('',*,*,#2872,.F.);
#3121=ORIENTED_EDGE('',*,*,#2930,.F.);
#3122=ORIENTED_EDGE('',*,*,#2842,.F.);
#3124=ORIENTED_EDGE('',*,*,#3123,.F.);
#3125=EDGE_LOOP('',(#3120,#3121,#3122,#3124));
#3126=FACE_OUTER_BOUND('',#3125,.F.);
#3127=ADVANCED_FACE('',(#3126),#3119,.F.);
#3128=CARTESIAN_POINT('',(-9.7E0,2.551197715083E0,2.1E1));
#3129=DIRECTION('',(0.E0,1.E0,0.E0));
#3130=DIRECTION('',(-1.E0,0.E0,0.E0));
#3131=AXIS2_PLACEMENT_3D('',#3128,#3129,#3130);
#3132=CYLINDRICAL_SURFACE('',#3131,2.E-1);
#3133=ORIENTED_EDGE('',*,*,#1917,.F.);
#3135=ORIENTED_EDGE('',*,*,#3134,.T.);
#3136=ORIENTED_EDGE('',*,*,#1829,.F.);
#3137=ORIENTED_EDGE('',*,*,#3123,.T.);
#3138=EDGE_LOOP('',(#3133,#3135,#3136,#3137));
#3139=FACE_OUTER_BOUND('',#3138,.F.);
#3140=ADVANCED_FACE('',(#3139),#3132,.F.);
#3141=CARTESIAN_POINT('',(-9.9E0,2.7E0,1.8E1));
#3142=DIRECTION('',(1.E0,0.E0,0.E0));
#3143=DIRECTION('',(0.E0,0.E0,-1.E0));
#3144=AXIS2_PLACEMENT_3D('',#3141,#3142,#3143);
#3145=PLANE('',#3144);
#3146=ORIENTED_EDGE('',*,*,#1915,.F.);
#3148=ORIENTED_EDGE('',*,*,#3147,.T.);
#3149=ORIENTED_EDGE('',*,*,#1831,.F.);
#3150=ORIENTED_EDGE('',*,*,#3134,.F.);
#3151=EDGE_LOOP('',(#3146,#3148,#3149,#3150));
#3152=FACE_OUTER_BOUND('',#3151,.F.);
#3153=ADVANCED_FACE('',(#3152),#3145,.T.);
#3154=CARTESIAN_POINT('',(-8.7E0,2.7E0,1.5E1));
#3155=DIRECTION('',(0.E0,0.E0,1.E0));
#3156=DIRECTION('',(1.E0,0.E0,0.E0));
#3157=AXIS2_PLACEMENT_3D('',#3154,#3155,#3156);
#3158=PLANE('',#3157);
#3159=ORIENTED_EDGE('',*,*,#1913,.F.);
#3161=ORIENTED_EDGE('',*,*,#3160,.T.);
#3162=ORIENTED_EDGE('',*,*,#1821,.F.);
#3163=ORIENTED_EDGE('',*,*,#3147,.F.);
#3164=EDGE_LOOP('',(#3159,#3161,#3162,#3163));
#3165=FACE_OUTER_BOUND('',#3164,.F.);
#3166=ADVANCED_FACE('',(#3165),#3158,.T.);
#3167=CARTESIAN_POINT('',(-7.5E0,2.7E0,1.8E1));
#3168=DIRECTION('',(1.E0,0.E0,0.E0));
#3169=DIRECTION('',(0.E0,0.E0,1.E0));
#3170=AXIS2_PLACEMENT_3D('',#3167,#3168,#3169);
#3171=PLANE('',#3170);
#3172=ORIENTED_EDGE('',*,*,#1911,.F.);
#3174=ORIENTED_EDGE('',*,*,#3173,.F.);
#3175=ORIENTED_EDGE('',*,*,#1823,.F.);
#3176=ORIENTED_EDGE('',*,*,#3160,.F.);
#3177=EDGE_LOOP('',(#3172,#3174,#3175,#3176));
#3178=FACE_OUTER_BOUND('',#3177,.F.);
#3179=ADVANCED_FACE('',(#3178),#3171,.F.);
#3180=CARTESIAN_POINT('',(-7.7E0,2.551197715083E0,2.1E1));
#3181=DIRECTION('',(0.E0,1.E0,0.E0));
#3182=DIRECTION('',(-1.E0,0.E0,0.E0));
#3183=AXIS2_PLACEMENT_3D('',#3180,#3181,#3182);
#3184=CYLINDRICAL_SURFACE('',#3183,2.E-1);
#3185=ORIENTED_EDGE('',*,*,#1909,.F.);
#3186=ORIENTED_EDGE('',*,*,#2856,.T.);
#3187=ORIENTED_EDGE('',*,*,#1825,.F.);
#3188=ORIENTED_EDGE('',*,*,#3173,.T.);
#3189=EDGE_LOOP('',(#3185,#3186,#3187,#3188));
#3190=FACE_OUTER_BOUND('',#3189,.F.);
#3191=ADVANCED_FACE('',(#3190),#3184,.F.);
#3192=CLOSED_SHELL('',(#1525,#1540,#1554,#1568,#1581,#1621,#1635,#1649,#1670,
#1684,#1704,#1717,#1730,#1743,#1755,#1776,#1835,#1850,#1864,#1921,#1936,#1957,
#2000,#2015,#2029,#2043,#2056,#2095,#2109,#2123,#2136,#2149,#2162,#2174,#2187,
#2199,#2212,#2233,#2247,#2261,#2275,#2289,#2302,#2319,#2332,#2345,#2360,#2372,
#2385,#2400,#2412,#2424,#2436,#2448,#2463,#2475,#2490,#2505,#2519,#2534,#2548,
#2562,#2576,#2591,#2605,#2619,#2632,#2647,#2661,#2675,#2690,#2704,#2718,#2732,
#2744,#2756,#2769,#2782,#2795,#2808,#2821,#2833,#2848,#2863,#2877,#2892,#2906,
#2920,#2934,#2949,#2963,#2977,#2990,#3005,#3019,#3033,#3048,#3062,#3076,#3090,
#3102,#3114,#3127,#3140,#3153,#3166,#3179,#3191));
#3193=MANIFOLD_SOLID_BREP('',#3192);
#3194=(LENGTH_UNIT()NAMED_UNIT(*)SI_UNIT(.MILLI.,.METRE.));
#3195=DIMENSIONAL_EXPONENTS(0.E0,0.E0,0.E0,0.E0,0.E0,0.E0,0.E0);
#3196=(NAMED_UNIT(*)PLANE_ANGLE_UNIT()SI_UNIT($,.RADIAN.));
#3197=PLANE_ANGLE_MEASURE_WITH_UNIT(PLANE_ANGLE_MEASURE(1.745329251994E-2),
#3196);
#3198=(CONVERSION_BASED_UNIT('DEGREE',#3197)NAMED_UNIT(#3195)PLANE_ANGLE_UNIT(
));
#3199=(NAMED_UNIT(*)SI_UNIT($,.STERADIAN.)SOLID_ANGLE_UNIT());
#3200=UNCERTAINTY_MEASURE_WITH_UNIT(LENGTH_MEASURE(4.069373035314E-3),#3194,
'closure',
'Maximum model space distance between geometric entities at asserted connectivities');
#3201=(GEOMETRIC_REPRESENTATION_CONTEXT(3)GLOBAL_UNCERTAINTY_ASSIGNED_CONTEXT((
#3200))GLOBAL_UNIT_ASSIGNED_CONTEXT((#3194,#3198,#3199))REPRESENTATION_CONTEXT(
'ID1','3'));
#3202=CARTESIAN_POINT('',(0.E0,0.E0,0.E0));
#3203=DIRECTION('',(0.E0,0.E0,1.E0));
#3204=DIRECTION('',(1.E0,0.E0,0.E0));
#3207=APPLICATION_CONTEXT(
'CONFIGURATION CONTROLLED 3D DESIGNS OF MECHANICAL PARTS AND ASSEMBLIES');
#3208=APPLICATION_PROTOCOL_DEFINITION('international standard',
'config_control_design',1994,#3207);
#3209=DESIGN_CONTEXT('',#3207,'design');
#3210=MECHANICAL_CONTEXT('',#3207,'mechanical');
#3211=PRODUCT('PRT0003','PRT0003','NOT SPECIFIED',(#3210));
#3212=PRODUCT_DEFINITION_FORMATION_WITH_SPECIFIED_SOURCE('1','LAST_VERSION',
#3211,.MADE.);
#3221=CARTESIAN_POINT('',(0.E0,0.E0,0.E0));
#3222=DIRECTION('',(0.E0,0.E0,1.E0));
#3223=DIRECTION('',(1.E0,0.E0,0.E0));
#3224=AXIS2_PLACEMENT_3D('',#3221,#3222,#3223);
#3225=ITEM_DEFINED_TRANSFORMATION('','',#3205,#3224);
#3226=CARTESIAN_POINT('',(0.E0,0.E0,0.E0));
#3227=DIRECTION('',(0.E0,0.E0,1.E0));
#3228=DIRECTION('',(1.E0,0.E0,0.E0));
#3230=(REPRESENTATION_RELATIONSHIP('','',#3206,#3218)REPRESENTATION_RELATIONSHIP_WITH_TRANSFORMATION(#3225)SHAPE_REPRESENTATION_RELATIONSHIP());
#3231=CONTEXT_DEPENDENT_SHAPE_REPRESENTATION(#3230,#3220);
#3232=(LENGTH_UNIT()NAMED_UNIT(*)SI_UNIT(.MILLI.,.METRE.));
#3233=DIMENSIONAL_EXPONENTS(0.E0,0.E0,0.E0,0.E0,0.E0,0.E0,0.E0);
#3234=(NAMED_UNIT(*)PLANE_ANGLE_UNIT()SI_UNIT($,.RADIAN.));
#3235=PLANE_ANGLE_MEASURE_WITH_UNIT(PLANE_ANGLE_MEASURE(1.745329251994E-2),
#3234);
#3236=(CONVERSION_BASED_UNIT('DEGREE',#3235)NAMED_UNIT(#3233)PLANE_ANGLE_UNIT(
));
#3237=(NAMED_UNIT(*)SI_UNIT($,.STERADIAN.)SOLID_ANGLE_UNIT());
#3238=UNCERTAINTY_MEASURE_WITH_UNIT(LENGTH_MEASURE(4.069373035314E-3),#3232,
'closure',
'Maximum model space distance between geometric entities at asserted connectivities');
#3239=(GEOMETRIC_REPRESENTATION_CONTEXT(3)GLOBAL_UNCERTAINTY_ASSIGNED_CONTEXT((
#3238))GLOBAL_UNIT_ASSIGNED_CONTEXT((#3232,#3236,#3237))REPRESENTATION_CONTEXT(
'ID2','3'));
#3240=CARTESIAN_POINT('',(0.E0,0.E0,0.E0));
#3241=DIRECTION('',(0.E0,0.E0,1.E0));
#3242=DIRECTION('',(1.E0,0.E0,0.E0));
#3244=MECHANICAL_CONTEXT('',#3207,'mechanical');
#3245=PRODUCT('ASM0003_ASM','ASM0003_ASM','NOT SPECIFIED',(#3244));
#3246=PRODUCT_DEFINITION_FORMATION_WITH_SPECIFIED_SOURCE('1','LAST_VERSION',
#3245,.MADE.);
#3253=CARTESIAN_POINT('',(0.E0,0.E0,0.E0));
#3254=DIRECTION('',(0.E0,0.E0,1.E0));
#3255=DIRECTION('',(1.E0,0.E0,0.E0));
#3256=AXIS2_PLACEMENT_3D('',#3253,#3254,#3255);
#3257=ITEM_DEFINED_TRANSFORMATION('','',#3229,#3256);
#3258=CARTESIAN_POINT('',(0.E0,0.E0,0.E0));
#3259=DIRECTION('',(0.E0,0.E0,1.E0));
#3260=DIRECTION('',(1.E0,0.E0,0.E0));
#3262=(REPRESENTATION_RELATIONSHIP('','',#3218,#3250)REPRESENTATION_RELATIONSHIP_WITH_TRANSFORMATION(#3257)SHAPE_REPRESENTATION_RELATIONSHIP());
#3263=CONTEXT_DEPENDENT_SHAPE_REPRESENTATION(#3262,#3252);
#3265=DIRECTION('',(-1.E0,0.E0,0.E0));
#3266=VECTOR('',#3265,2.795E1);
#3267=CARTESIAN_POINT('',(1.3975E1,0.E0,0.E0));
#3268=LINE('',#3267,#3266);
#3269=DIRECTION('',(0.E0,0.E0,1.E0));
#3270=VECTOR('',#3269,2.015E1);
#3271=CARTESIAN_POINT('',(-1.3975E1,0.E0,0.E0));
#3272=LINE('',#3271,#3270);
#3273=DIRECTION('',(1.E0,0.E0,0.E0));
#3274=VECTOR('',#3273,1.E0);
#3275=CARTESIAN_POINT('',(-1.3975E1,0.E0,2.015E1));
#3276=LINE('',#3275,#3274);
#3277=DIRECTION('',(0.E0,0.E0,1.E0));
#3278=VECTOR('',#3277,2.5E0);
#3279=CARTESIAN_POINT('',(-1.2975E1,0.E0,2.015E1));
#3280=LINE('',#3279,#3278);
#3281=DIRECTION('',(-1.E0,0.E0,0.E0));
#3282=VECTOR('',#3281,1.E0);
#3283=CARTESIAN_POINT('',(-1.2975E1,0.E0,2.265E1));
#3284=LINE('',#3283,#3282);
#3285=DIRECTION('',(0.E0,0.E0,1.E0));
#3286=VECTOR('',#3285,4.35E0);
#3287=CARTESIAN_POINT('',(-1.3975E1,0.E0,2.265E1));
#3288=LINE('',#3287,#3286);
#3289=DIRECTION('',(-1.E0,0.E0,0.E0));
#3290=VECTOR('',#3289,2.5E-1);
#3291=CARTESIAN_POINT('',(-1.3975E1,0.E0,2.7E1));
#3292=LINE('',#3291,#3290);
#3293=DIRECTION('',(0.E0,0.E0,1.E0));
#3294=VECTOR('',#3293,2.E0);
#3295=CARTESIAN_POINT('',(-1.4225E1,0.E0,2.7E1));
#3296=LINE('',#3295,#3294);
#3297=DIRECTION('',(1.E0,0.E0,0.E0));
#3298=VECTOR('',#3297,2.5E0);
#3299=CARTESIAN_POINT('',(-1.4225E1,0.E0,2.9E1));
#3300=LINE('',#3299,#3298);
#3301=DIRECTION('',(0.E0,0.E0,-1.E0));
#3302=VECTOR('',#3301,8.1E0);
#3303=CARTESIAN_POINT('',(-1.1725E1,0.E0,2.9E1));
#3304=LINE('',#3303,#3302);
#3305=CARTESIAN_POINT('',(-1.1225E1,0.E0,2.09E1));
#3306=DIRECTION('',(0.E0,-1.E0,0.E0));
#3307=DIRECTION('',(-1.E0,0.E0,0.E0));
#3308=AXIS2_PLACEMENT_3D('',#3305,#3306,#3307);
#3310=DIRECTION('',(1.E0,0.E0,0.E0));
#3311=VECTOR('',#3310,1.E0);
#3312=CARTESIAN_POINT('',(-1.1225E1,0.E0,2.04E1));
#3313=LINE('',#3312,#3311);
#3314=CARTESIAN_POINT('',(-1.0225E1,0.E0,1.99E1));
#3315=DIRECTION('',(0.E0,1.E0,0.E0));
#3316=DIRECTION('',(0.E0,0.E0,1.E0));
#3317=AXIS2_PLACEMENT_3D('',#3314,#3315,#3316);
#3319=DIRECTION('',(1.795932559653E-13,0.E0,-1.E0));
#3320=VECTOR('',#3319,3.719015884114E0);
#3321=CARTESIAN_POINT('',(-9.725E0,0.E0,1.99E1));
#3322=LINE('',#3321,#3320);
#3323=CARTESIAN_POINT('',(-6.725E0,0.E0,1.618098411588E1));
#3324=DIRECTION('',(0.E0,-1.E0,0.E0));
#3325=DIRECTION('',(-1.E0,0.E0,4.829322127386E-12));
#3326=AXIS2_PLACEMENT_3D('',#3323,#3324,#3325);
#3328=CARTESIAN_POINT('',(-3.75E-1,0.E0,2.977059411765E1));
#3329=DIRECTION('',(0.E0,-1.E0,0.E0));
#3330=DIRECTION('',(-4.233333333347E-1,0.E0,-9.059740001169E-1));
#3331=AXIS2_PLACEMENT_3D('',#3328,#3329,#3330);
#3333=CARTESIAN_POINT('',(5.975E0,0.E0,1.618098411588E1));
#3334=DIRECTION('',(0.E0,-1.E0,0.E0));
#3335=DIRECTION('',(4.233333333432E-1,0.E0,-9.059740001129E-1));
#3336=AXIS2_PLACEMENT_3D('',#3333,#3334,#3335);
#3338=DIRECTION('',(1.801008640160E-13,0.E0,1.E0));
#3339=VECTOR('',#3338,3.708533966584E0);
#3340=CARTESIAN_POINT('',(8.974999999999E0,0.E0,1.618098411589E1));
#3341=LINE('',#3340,#3339);
#3342=CARTESIAN_POINT('',(9.475E0,0.E0,1.988951808247E1));
#3343=DIRECTION('',(0.E0,1.E0,0.E0));
#3344=DIRECTION('',(-1.E0,0.E0,-4.718003765447E-12));
#3345=AXIS2_PLACEMENT_3D('',#3342,#3343,#3344);
#3347=DIRECTION('',(1.E0,0.E0,0.E0));
#3348=VECTOR('',#3347,1.E0);
#3349=CARTESIAN_POINT('',(9.475E0,0.E0,2.038951808247E1));
#3350=LINE('',#3349,#3348);
#3351=CARTESIAN_POINT('',(1.0475E1,0.E0,2.088951808247E1));
#3352=DIRECTION('',(0.E0,-1.E0,0.E0));
#3353=DIRECTION('',(0.E0,0.E0,-1.E0));
#3354=AXIS2_PLACEMENT_3D('',#3351,#3352,#3353);
#3356=DIRECTION('',(0.E0,0.E0,1.E0));
#3357=VECTOR('',#3356,8.110481917530E0);
#3358=CARTESIAN_POINT('',(1.0975E1,0.E0,2.088951808247E1));
#3359=LINE('',#3358,#3357);
#3360=DIRECTION('',(1.E0,0.E0,0.E0));
#3361=VECTOR('',#3360,3.25E0);
#3362=CARTESIAN_POINT('',(1.0975E1,0.E0,2.9E1));
#3363=LINE('',#3362,#3361);
#3364=DIRECTION('',(0.E0,0.E0,-1.E0));
#3365=VECTOR('',#3364,2.E0);
#3366=CARTESIAN_POINT('',(1.4225E1,0.E0,2.9E1));
#3367=LINE('',#3366,#3365);
#3368=DIRECTION('',(-1.E0,0.E0,0.E0));
#3369=VECTOR('',#3368,2.5E-1);
#3370=CARTESIAN_POINT('',(1.4225E1,0.E0,2.7E1));
#3371=LINE('',#3370,#3369);
#3372=DIRECTION('',(0.E0,0.E0,-1.E0));
#3373=VECTOR('',#3372,5.55E0);
#3374=CARTESIAN_POINT('',(1.3975E1,0.E0,2.7E1));
#3375=LINE('',#3374,#3373);
#3376=DIRECTION('',(-1.E0,0.E0,0.E0));
#3377=VECTOR('',#3376,1.E0);
#3378=CARTESIAN_POINT('',(1.3975E1,0.E0,2.145E1));
#3379=LINE('',#3378,#3377);
#3380=DIRECTION('',(0.E0,0.E0,-1.E0));
#3381=VECTOR('',#3380,2.5E0);
#3382=CARTESIAN_POINT('',(1.2975E1,0.E0,2.145E1));
#3383=LINE('',#3382,#3381);
#3384=DIRECTION('',(1.E0,0.E0,0.E0));
#3385=VECTOR('',#3384,1.E0);
#3386=CARTESIAN_POINT('',(1.2975E1,0.E0,1.895E1));
#3387=LINE('',#3386,#3385);
#3388=DIRECTION('',(0.E0,0.E0,-1.E0));
#3389=VECTOR('',#3388,1.895E1);
#3390=CARTESIAN_POINT('',(1.3975E1,0.E0,1.895E1));
#3391=LINE('',#3390,#3389);
#3392=DIRECTION('',(0.E0,0.E0,-1.E0));
#3393=VECTOR('',#3392,4.2E0);
#3394=CARTESIAN_POINT('',(-1.475E0,0.E0,7.7E0));
#3395=LINE('',#3394,#3393);
#3396=DIRECTION('',(1.E0,0.E0,0.E0));
#3397=VECTOR('',#3396,9.E-1);
#3398=CARTESIAN_POINT('',(-1.475E0,0.E0,3.5E0));
#3399=LINE('',#3398,#3397);
#3400=DIRECTION('',(0.E0,0.E0,1.E0));
#3401=VECTOR('',#3400,4.2E0);
#3402=CARTESIAN_POINT('',(-5.75E-1,0.E0,3.5E0));
#3403=LINE('',#3402,#3401);
#3404=DIRECTION('',(-1.E0,0.E0,0.E0));
#3405=VECTOR('',#3404,9.E-1);
#3406=CARTESIAN_POINT('',(-5.75E-1,0.E0,7.7E0));
#3407=LINE('',#3406,#3405);
#3408=DIRECTION('',(0.E0,0.E0,-1.E0));
#3409=VECTOR('',#3408,4.2E0);
#3410=CARTESIAN_POINT('',(1.025E0,0.E0,7.7E0));
#3411=LINE('',#3410,#3409);
#3412=DIRECTION('',(1.E0,0.E0,0.E0));
#3413=VECTOR('',#3412,9.E-1);
#3414=CARTESIAN_POINT('',(1.025E0,0.E0,3.5E0));
#3415=LINE('',#3414,#3413);
#3416=DIRECTION('',(0.E0,0.E0,1.E0));
#3417=VECTOR('',#3416,4.2E0);
#3418=CARTESIAN_POINT('',(1.925E0,0.E0,3.5E0));
#3419=LINE('',#3418,#3417);
#3420=DIRECTION('',(-1.E0,0.E0,0.E0));
#3421=VECTOR('',#3420,9.E-1);
#3422=CARTESIAN_POINT('',(1.925E0,0.E0,7.7E0));
#3423=LINE('',#3422,#3421);
#3424=DIRECTION('',(0.E0,0.E0,-1.E0));
#3425=VECTOR('',#3424,4.2E0);
#3426=CARTESIAN_POINT('',(3.525E0,0.E0,7.7E0));
#3427=LINE('',#3426,#3425);
#3428=DIRECTION('',(1.E0,0.E0,0.E0));
#3429=VECTOR('',#3428,9.E-1);
#3430=CARTESIAN_POINT('',(3.525E0,0.E0,3.5E0));
#3431=LINE('',#3430,#3429);
#3432=DIRECTION('',(0.E0,0.E0,1.E0));
#3433=VECTOR('',#3432,4.2E0);
#3434=CARTESIAN_POINT('',(4.425E0,0.E0,3.5E0));
#3435=LINE('',#3434,#3433);
#3436=DIRECTION('',(-1.E0,0.E0,0.E0));
#3437=VECTOR('',#3436,9.E-1);
#3438=CARTESIAN_POINT('',(4.425E0,0.E0,7.7E0));
#3439=LINE('',#3438,#3437);
#3440=DIRECTION('',(0.E0,0.E0,-1.E0));
#3441=VECTOR('',#3440,4.2E0);
#3442=CARTESIAN_POINT('',(6.025E0,0.E0,7.7E0));
#3443=LINE('',#3442,#3441);
#3444=DIRECTION('',(1.E0,0.E0,0.E0));
#3445=VECTOR('',#3444,9.E-1);
#3446=CARTESIAN_POINT('',(6.025E0,0.E0,3.5E0));
#3447=LINE('',#3446,#3445);
#3448=DIRECTION('',(0.E0,0.E0,1.E0));
#3449=VECTOR('',#3448,4.2E0);
#3450=CARTESIAN_POINT('',(6.925E0,0.E0,3.5E0));
#3451=LINE('',#3450,#3449);
#3452=DIRECTION('',(-1.E0,0.E0,0.E0));
#3453=VECTOR('',#3452,9.E-1);
#3454=CARTESIAN_POINT('',(6.925E0,0.E0,7.7E0));
#3455=LINE('',#3454,#3453);
#3456=DIRECTION('',(0.E0,0.E0,-1.E0));
#3457=VECTOR('',#3456,3.7E0);
#3458=CARTESIAN_POINT('',(8.525E0,0.E0,1.E1));
#3459=LINE('',#3458,#3457);
#3460=DIRECTION('',(1.E0,0.E0,0.E0));
#3461=VECTOR('',#3460,9.E-1);
#3462=CARTESIAN_POINT('',(8.525E0,0.E0,6.3E0));
#3463=LINE('',#3462,#3461);
#3464=DIRECTION('',(0.E0,0.E0,1.E0));
#3465=VECTOR('',#3464,3.7E0);
#3466=CARTESIAN_POINT('',(9.425E0,0.E0,6.3E0));
#3467=LINE('',#3466,#3465);
#3468=DIRECTION('',(-1.E0,0.E0,0.E0));
#3469=VECTOR('',#3468,9.E-1);
#3470=CARTESIAN_POINT('',(9.425E0,0.E0,1.E1));
#3471=LINE('',#3470,#3469);
#3472=DIRECTION('',(0.E0,0.E0,-1.E0));
#3473=VECTOR('',#3472,4.2E0);
#3474=CARTESIAN_POINT('',(-3.975E0,0.E0,7.7E0));
#3475=LINE('',#3474,#3473);
#3476=DIRECTION('',(1.E0,0.E0,0.E0));
#3477=VECTOR('',#3476,9.E-1);
#3478=CARTESIAN_POINT('',(-3.975E0,0.E0,3.5E0));
#3479=LINE('',#3478,#3477);
#3480=DIRECTION('',(0.E0,0.E0,1.E0));
#3481=VECTOR('',#3480,4.2E0);
#3482=CARTESIAN_POINT('',(-3.075E0,0.E0,3.5E0));
#3483=LINE('',#3482,#3481);
#3484=DIRECTION('',(-1.E0,0.E0,0.E0));
#3485=VECTOR('',#3484,9.E-1);
#3486=CARTESIAN_POINT('',(-3.075E0,0.E0,7.7E0));
#3487=LINE('',#3486,#3485);
#3488=DIRECTION('',(0.E0,0.E0,-1.E0));
#3489=VECTOR('',#3488,4.2E0);
#3490=CARTESIAN_POINT('',(-6.475E0,0.E0,7.7E0));
#3491=LINE('',#3490,#3489);
#3492=DIRECTION('',(1.E0,0.E0,0.E0));
#3493=VECTOR('',#3492,9.E-1);
#3494=CARTESIAN_POINT('',(-6.475E0,0.E0,3.5E0));
#3495=LINE('',#3494,#3493);
#3496=DIRECTION('',(0.E0,0.E0,1.E0));
#3497=VECTOR('',#3496,4.2E0);
#3498=CARTESIAN_POINT('',(-5.575E0,0.E0,3.5E0));
#3499=LINE('',#3498,#3497);
#3500=DIRECTION('',(-1.E0,0.E0,0.E0));
#3501=VECTOR('',#3500,9.E-1);
#3502=CARTESIAN_POINT('',(-5.575E0,0.E0,7.7E0));
#3503=LINE('',#3502,#3501);
#3504=DIRECTION('',(0.E0,0.E0,-1.E0));
#3505=VECTOR('',#3504,4.2E0);
#3506=CARTESIAN_POINT('',(-8.905E0,0.E0,7.7E0));
#3507=LINE('',#3506,#3505);
#3508=DIRECTION('',(1.E0,0.E0,0.E0));
#3509=VECTOR('',#3508,9.E-1);
#3510=CARTESIAN_POINT('',(-8.905E0,0.E0,3.5E0));
#3511=LINE('',#3510,#3509);
#3512=DIRECTION('',(0.E0,0.E0,1.E0));
#3513=VECTOR('',#3512,4.2E0);
#3514=CARTESIAN_POINT('',(-8.005E0,0.E0,3.5E0));
#3515=LINE('',#3514,#3513);
#3516=DIRECTION('',(-1.E0,0.E0,0.E0));
#3517=VECTOR('',#3516,9.E-1);
#3518=CARTESIAN_POINT('',(-8.005E0,0.E0,7.7E0));
#3519=LINE('',#3518,#3517);
#3520=DIRECTION('',(0.E0,0.E0,-1.E0));
#3521=VECTOR('',#3520,4.2E0);
#3522=CARTESIAN_POINT('',(-1.0605E1,0.E0,7.7E0));
#3523=LINE('',#3522,#3521);
#3524=DIRECTION('',(1.E0,0.E0,0.E0));
#3525=VECTOR('',#3524,9.E-1);
#3526=CARTESIAN_POINT('',(-1.0605E1,0.E0,3.5E0));
#3527=LINE('',#3526,#3525);
#3528=DIRECTION('',(0.E0,0.E0,1.E0));
#3529=VECTOR('',#3528,4.2E0);
#3530=CARTESIAN_POINT('',(-9.705E0,0.E0,3.5E0));
#3531=LINE('',#3530,#3529);
#3532=DIRECTION('',(-1.E0,0.E0,0.E0));
#3533=VECTOR('',#3532,9.E-1);
#3534=CARTESIAN_POINT('',(-9.705E0,0.E0,7.7E0));
#3535=LINE('',#3534,#3533);
#3536=DIRECTION('',(0.E0,-1.E0,0.E0));
#3537=VECTOR('',#3536,1.606839570428E0);
#3538=CARTESIAN_POINT('',(-1.3325E1,2.15E0,0.E0));
#3539=LINE('',#3538,#3537);
#3540=DIRECTION('',(-1.E0,0.E0,0.E0));
#3541=VECTOR('',#3540,1.5E-1);
#3542=CARTESIAN_POINT('',(-1.3325E1,5.431604295725E-1,0.E0));
#3543=LINE('',#3542,#3541);
#3544=DIRECTION('',(0.E0,1.E0,0.E0));
#3545=VECTOR('',#3544,1.606839570428E0);
#3546=CARTESIAN_POINT('',(-1.3475E1,5.431604295725E-1,0.E0));
#3547=LINE('',#3546,#3545);
#3548=DIRECTION('',(1.E0,0.E0,0.E0));
#3549=VECTOR('',#3548,1.5E-1);
#3550=CARTESIAN_POINT('',(-1.3475E1,2.15E0,0.E0));
#3551=LINE('',#3550,#3549);
#3552=DIRECTION('',(0.E0,-1.E0,-2.181470144755E-14));
#3553=VECTOR('',#3552,1.887294703322E-1);
#3554=CARTESIAN_POINT('',(9.175E0,4.465882685922E-1,0.E0));
#3555=LINE('',#3554,#3553);
#3556=DIRECTION('',(-1.E0,0.E0,0.E0));
#3557=VECTOR('',#3556,4.E-1);
#3558=CARTESIAN_POINT('',(9.175E0,2.578587982600E-1,0.E0));
#3559=LINE('',#3558,#3557);
#3560=DIRECTION('',(0.E0,1.E0,2.181470144755E-14));
#3561=VECTOR('',#3560,1.887294703322E-1);
#3562=CARTESIAN_POINT('',(8.775E0,2.578587982600E-1,0.E0));
#3563=LINE('',#3562,#3561);
#3564=DIRECTION('',(0.E0,-1.E0,-2.181470144755E-14));
#3565=VECTOR('',#3564,1.887294703322E-1);
#3566=CARTESIAN_POINT('',(6.675E0,4.465882685922E-1,0.E0));
#3567=LINE('',#3566,#3565);
#3568=DIRECTION('',(-1.E0,0.E0,0.E0));
#3569=VECTOR('',#3568,4.E-1);
#3570=CARTESIAN_POINT('',(6.675E0,2.578587982600E-1,0.E0));
#3571=LINE('',#3570,#3569);
#3572=DIRECTION('',(0.E0,1.E0,2.181470144755E-14));
#3573=VECTOR('',#3572,1.887294703322E-1);
#3574=CARTESIAN_POINT('',(6.275E0,2.578587982600E-1,0.E0));
#3575=LINE('',#3574,#3573);
#3576=DIRECTION('',(0.E0,-1.E0,-2.181470144755E-14));
#3577=VECTOR('',#3576,1.887294703322E-1);
#3578=CARTESIAN_POINT('',(4.175E0,4.465882685922E-1,0.E0));
#3579=LINE('',#3578,#3577);
#3580=DIRECTION('',(-1.E0,0.E0,0.E0));
#3581=VECTOR('',#3580,4.E-1);
#3582=CARTESIAN_POINT('',(4.175E0,2.578587982600E-1,0.E0));
#3583=LINE('',#3582,#3581);
#3584=DIRECTION('',(0.E0,1.E0,2.181470144755E-14));
#3585=VECTOR('',#3584,1.887294703322E-1);
#3586=CARTESIAN_POINT('',(3.775E0,2.578587982600E-1,0.E0));
#3587=LINE('',#3586,#3585);
#3588=DIRECTION('',(0.E0,-1.E0,0.E0));
#3589=VECTOR('',#3588,1.5E-1);
#3590=CARTESIAN_POINT('',(2.525E0,2.02E0,0.E0));
#3591=LINE('',#3590,#3589);
#3592=DIRECTION('',(-1.E0,0.E0,0.E0));
#3593=VECTOR('',#3592,4.E-1);
#3594=CARTESIAN_POINT('',(2.525E0,1.87E0,0.E0));
#3595=LINE('',#3594,#3593);
#3596=DIRECTION('',(0.E0,1.E0,0.E0));
#3597=VECTOR('',#3596,1.5E-1);
#3598=CARTESIAN_POINT('',(2.125E0,1.87E0,0.E0));
#3599=LINE('',#3598,#3597);
#3600=DIRECTION('',(1.E0,0.E0,0.E0));
#3601=VECTOR('',#3600,4.E-1);
#3602=CARTESIAN_POINT('',(2.125E0,2.02E0,0.E0));
#3603=LINE('',#3602,#3601);
#3604=DIRECTION('',(0.E0,-1.E0,2.427073742853E-14));
#3605=VECTOR('',#3604,1.982208597579E-1);
#3606=CARTESIAN_POINT('',(8.75E-1,4.560796580179E-1,0.E0));
#3607=LINE('',#3606,#3605);
#3608=DIRECTION('',(-1.E0,1.013078509970E-14,0.E0));
#3609=VECTOR('',#3608,4.E-1);
#3610=CARTESIAN_POINT('',(8.75E-1,2.578587982600E-1,0.E0));
#3611=LINE('',#3610,#3609);
#3612=DIRECTION('',(0.E0,1.E0,-2.427073742854E-14));
#3613=VECTOR('',#3612,1.982208597579E-1);
#3614=CARTESIAN_POINT('',(4.75E-1,2.578587982600E-1,0.E0));
#3615=LINE('',#3614,#3613);
#3616=DIRECTION('',(1.E0,2.511879593214E-14,0.E0));
#3617=VECTOR('',#3616,4.E-1);
#3618=CARTESIAN_POINT('',(4.75E-1,4.560796580179E-1,0.E0));
#3619=LINE('',#3618,#3617);
#3620=DIRECTION('',(0.E0,-1.E0,2.427073742853E-14));
#3621=VECTOR('',#3620,1.982208597579E-1);
#3622=CARTESIAN_POINT('',(-8.25E-1,4.560796580179E-1,0.E0));
#3623=LINE('',#3622,#3621);
#3624=DIRECTION('',(-1.E0,1.013078509970E-14,0.E0));
#3625=VECTOR('',#3624,4.E-1);
#3626=CARTESIAN_POINT('',(-8.25E-1,2.578587982600E-1,0.E0));
#3627=LINE('',#3626,#3625);
#3628=DIRECTION('',(0.E0,1.E0,-2.427073742854E-14));
#3629=VECTOR('',#3628,1.982208597579E-1);
#3630=CARTESIAN_POINT('',(-1.225E0,2.578587982600E-1,0.E0));
#3631=LINE('',#3630,#3629);
#3632=DIRECTION('',(1.E0,2.511879593214E-14,0.E0));
#3633=VECTOR('',#3632,4.E-1);
#3634=CARTESIAN_POINT('',(-1.225E0,4.560796580179E-1,0.E0));
#3635=LINE('',#3634,#3633);
#3636=DIRECTION('',(0.E0,1.E0,3.463247533071E-14));
#3637=VECTOR('',#3636,1.982208597579E-1);
#3638=CARTESIAN_POINT('',(-1.035E1,2.578587982600E-1,0.E0));
#3639=LINE('',#3638,#3637);
#3640=DIRECTION('',(1.E0,-5.842548667090E-14,0.E0));
#3641=VECTOR('',#3640,4.E-1);
#3642=CARTESIAN_POINT('',(-1.035E1,4.560796580179E-1,0.E0));
#3643=LINE('',#3642,#3641);
#3644=DIRECTION('',(0.E0,-1.E0,-3.463247533072E-14));
#3645=VECTOR('',#3644,1.982208597579E-1);
#3646=CARTESIAN_POINT('',(-9.95E0,4.560796580179E-1,0.E0));
#3647=LINE('',#3646,#3645);
#3648=DIRECTION('',(-1.E0,-2.442490654175E-14,0.E0));
#3649=VECTOR('',#3648,4.E-1);
#3650=CARTESIAN_POINT('',(-9.95E0,2.578587982600E-1,0.E0));
#3651=LINE('',#3650,#3649);
#3652=DIRECTION('',(0.E0,1.E0,3.463247533071E-14));
#3653=VECTOR('',#3652,1.982208597579E-1);
#3654=CARTESIAN_POINT('',(-8.65E0,2.578587982600E-1,0.E0));
#3655=LINE('',#3654,#3653);
#3656=DIRECTION('',(1.E0,-5.842548667090E-14,0.E0));
#3657=VECTOR('',#3656,4.E-1);
#3658=CARTESIAN_POINT('',(-8.65E0,4.560796580179E-1,0.E0));
#3659=LINE('',#3658,#3657);
#3660=DIRECTION('',(0.E0,-1.E0,-3.463247533072E-14));
#3661=VECTOR('',#3660,1.982208597579E-1);
#3662=CARTESIAN_POINT('',(-8.25E0,4.560796580179E-1,0.E0));
#3663=LINE('',#3662,#3661);
#3664=DIRECTION('',(-1.E0,-2.442490654175E-14,0.E0));
#3665=VECTOR('',#3664,4.E-1);
#3666=CARTESIAN_POINT('',(-8.25E0,2.578587982600E-1,0.E0));
#3667=LINE('',#3666,#3665);
#3668=DIRECTION('',(0.E0,1.E0,-2.427073742854E-14));
#3669=VECTOR('',#3668,1.982208597579E-1);
#3670=CARTESIAN_POINT('',(-6.225E0,2.578587982600E-1,0.E0));
#3671=LINE('',#3670,#3669);
#3672=DIRECTION('',(1.E0,2.511879593214E-14,0.E0));
#3673=VECTOR('',#3672,4.E-1);
#3674=CARTESIAN_POINT('',(-6.225E0,4.560796580179E-1,0.E0));
#3675=LINE('',#3674,#3673);
#3676=DIRECTION('',(0.E0,-1.E0,2.427073742853E-14));
#3677=VECTOR('',#3676,1.982208597579E-1);
#3678=CARTESIAN_POINT('',(-5.825E0,4.560796580179E-1,0.E0));
#3679=LINE('',#3678,#3677);
#3680=DIRECTION('',(-1.E0,-2.456368441983E-14,0.E0));
#3681=VECTOR('',#3680,4.E-1);
#3682=CARTESIAN_POINT('',(-5.825E0,2.578587982600E-1,0.E0));
#3683=LINE('',#3682,#3681);
#3684=DIRECTION('',(0.E0,1.E0,-2.427073742854E-14));
#3685=VECTOR('',#3684,1.982208597579E-1);
#3686=CARTESIAN_POINT('',(-3.725E0,2.578587982600E-1,0.E0));
#3687=LINE('',#3686,#3685);
#3688=DIRECTION('',(1.E0,2.511879593214E-14,0.E0));
#3689=VECTOR('',#3688,4.E-1);
#3690=CARTESIAN_POINT('',(-3.725E0,4.560796580179E-1,0.E0));
#3691=LINE('',#3690,#3689);
#3692=DIRECTION('',(0.E0,-1.E0,2.427073742853E-14));
#3693=VECTOR('',#3692,1.982208597579E-1);
#3694=CARTESIAN_POINT('',(-3.325E0,4.560796580179E-1,0.E0));
#3695=LINE('',#3694,#3693);
#3696=DIRECTION('',(-1.E0,-2.456368441983E-14,0.E0));
#3697=VECTOR('',#3696,4.E-1);
#3698=CARTESIAN_POINT('',(-3.325E0,2.578587982600E-1,0.E0));
#3699=LINE('',#3698,#3697);
#3700=DIRECTION('',(0.E0,1.E0,0.E0));
#3701=VECTOR('',#3700,2.6E0);
#3702=CARTESIAN_POINT('',(1.3975E1,0.E0,1.895E1));
#3703=LINE('',#3702,#3701);
#3704=DIRECTION('',(0.E0,-1.E0,0.E0));
#3705=VECTOR('',#3704,2.6E0);
#3706=CARTESIAN_POINT('',(1.3975E1,2.6E0,0.E0));
#3707=LINE('',#3706,#3705);
#3708=DIRECTION('',(0.E0,0.E0,1.E0));
#3709=VECTOR('',#3708,1.5E0);
#3710=CARTESIAN_POINT('',(1.3975E1,1.8E0,4.25E0));
#3711=LINE('',#3710,#3709);
#3712=DIRECTION('',(0.E0,-1.E0,0.E0));
#3713=VECTOR('',#3712,1.E0);
#3714=CARTESIAN_POINT('',(1.3975E1,1.8E0,5.75E0));
#3715=LINE('',#3714,#3713);
#3716=DIRECTION('',(0.E0,0.E0,-1.E0));
#3717=VECTOR('',#3716,1.5E0);
#3718=CARTESIAN_POINT('',(1.3975E1,8.E-1,5.75E0));
#3719=LINE('',#3718,#3717);
#3720=DIRECTION('',(0.E0,1.E0,0.E0));
#3721=VECTOR('',#3720,1.75E0);
#3722=CARTESIAN_POINT('',(1.3625E1,8.5E-1,1.895E1));
#3723=LINE('',#3722,#3721);
#3724=DIRECTION('',(0.E0,1.E0,0.E0));
#3725=VECTOR('',#3724,8.5E-1);
#3726=CARTESIAN_POINT('',(1.2975E1,0.E0,1.895E1));
#3727=LINE('',#3726,#3725);
#3728=DIRECTION('',(-1.E0,0.E0,0.E0));
#3729=VECTOR('',#3728,6.5E-1);
#3730=CARTESIAN_POINT('',(1.3625E1,8.5E-1,1.895E1));
#3731=LINE('',#3730,#3729);
#3732=DIRECTION('',(0.E0,0.E0,1.E0));
#3733=VECTOR('',#3732,2.5E0);
#3734=CARTESIAN_POINT('',(1.2975E1,8.5E-1,1.895E1));
#3735=LINE('',#3734,#3733);
#3736=DIRECTION('',(1.E0,0.E0,0.E0));
#3737=VECTOR('',#3736,6.5E-1);
#3738=CARTESIAN_POINT('',(1.2975E1,8.5E-1,2.145E1));
#3739=LINE('',#3738,#3737);
#3740=DIRECTION('',(0.E0,0.E0,-1.E0));
#3741=VECTOR('',#3740,2.5E0);
#3742=CARTESIAN_POINT('',(1.3625E1,8.5E-1,2.145E1));
#3743=LINE('',#3742,#3741);
#3744=DIRECTION('',(0.E0,-1.E0,0.E0));
#3745=VECTOR('',#3744,8.5E-1);
#3746=CARTESIAN_POINT('',(1.2975E1,8.5E-1,2.145E1));
#3747=LINE('',#3746,#3745);
#3748=DIRECTION('',(0.E0,1.E0,0.E0));
#3749=VECTOR('',#3748,2.6E0);
#3750=CARTESIAN_POINT('',(1.3975E1,0.E0,2.7E1));
#3751=LINE('',#3750,#3749);
#3752=DIRECTION('',(0.E0,-1.E0,0.E0));
#3753=VECTOR('',#3752,2.6E0);
#3754=CARTESIAN_POINT('',(1.3975E1,2.6E0,2.145E1));
#3755=LINE('',#3754,#3753);
#3756=DIRECTION('',(0.E0,-1.E0,0.E0));
#3757=VECTOR('',#3756,1.E0);
#3758=CARTESIAN_POINT('',(1.3975E1,1.8E0,2.625E1));
#3759=LINE('',#3758,#3757);
#3760=DIRECTION('',(0.E0,1.E0,0.E0));
#3761=VECTOR('',#3760,1.E0);
#3762=CARTESIAN_POINT('',(1.3975E1,8.E-1,2.375E1));
#3763=LINE('',#3762,#3761);
#3764=DIRECTION('',(0.E0,1.E0,0.E0));
#3765=VECTOR('',#3764,2.6E0);
#3766=CARTESIAN_POINT('',(1.4225E1,0.E0,2.7E1));
#3767=LINE('',#3766,#3765);
#3768=DIRECTION('',(4.472135955E-1,0.E0,8.944271909999E-1));
#3769=VECTOR('',#3768,5.590169943749E-1);
#3770=CARTESIAN_POINT('',(1.1725E1,2.6E0,2.85E1));
#3771=LINE('',#3770,#3769);
#3772=DIRECTION('',(1.E0,0.E0,0.E0));
#3773=VECTOR('',#3772,1.9E0);
#3774=CARTESIAN_POINT('',(1.1725E1,2.6E0,2.61E1));
#3775=LINE('',#3774,#3773);
#3776=DIRECTION('',(0.E0,0.E0,-1.E0));
#3777=VECTOR('',#3776,2.026953736430E0);
#3778=CARTESIAN_POINT('',(1.3625E1,2.6E0,2.61E1));
#3779=LINE('',#3778,#3777);
#3780=DIRECTION('',(-1.E0,0.E0,0.E0));
#3781=VECTOR('',#3780,1.85E0);
#3782=CARTESIAN_POINT('',(1.3625E1,2.6E0,2.407304626357E1));
#3783=LINE('',#3782,#3781);
#3784=DIRECTION('',(0.E0,0.E0,-1.E0));
#3785=VECTOR('',#3784,1.777304626357E1);
#3786=CARTESIAN_POINT('',(1.1775E1,2.6E0,2.407304626357E1));
#3787=LINE('',#3786,#3785);
#3788=DIRECTION('',(-7.071067811865E-1,0.E0,-7.071067811865E-1));
#3789=VECTOR('',#3788,5.656854249492E0);
#3790=CARTESIAN_POINT('',(1.1775E1,2.6E0,6.3E0));
#3791=LINE('',#3790,#3789);
#3792=DIRECTION('',(0.E0,0.E0,1.E0));
#3793=VECTOR('',#3792,2.62E1);
#3794=CARTESIAN_POINT('',(-1.2475E1,2.6E0,2.3E0));
#3795=LINE('',#3794,#3793);
#3796=DIRECTION('',(4.472135955E-1,0.E0,-8.944271909999E-1));
#3797=VECTOR('',#3796,5.590169943749E-1);
#3798=CARTESIAN_POINT('',(-1.2725E1,2.6E0,2.9E1));
#3799=LINE('',#3798,#3797);
#3800=DIRECTION('',(-1.E0,0.E0,2.368475785867E-14));
#3801=VECTOR('',#3800,1.5E0);
#3802=CARTESIAN_POINT('',(-1.2725E1,2.6E0,2.9E1));
#3803=LINE('',#3802,#3801);
#3804=DIRECTION('',(1.E0,0.E0,0.E0));
#3805=VECTOR('',#3804,2.5E-1);
#3806=CARTESIAN_POINT('',(-1.4225E1,2.6E0,2.7E1));
#3807=LINE('',#3806,#3805);
#3808=DIRECTION('',(0.E0,0.E0,-1.E0));
#3809=VECTOR('',#3808,4.35E0);
#3810=CARTESIAN_POINT('',(-1.3975E1,2.6E0,2.7E1));
#3811=LINE('',#3810,#3809);
#3812=DIRECTION('',(1.E0,0.E0,0.E0));
#3813=VECTOR('',#3812,1.E0);
#3814=CARTESIAN_POINT('',(-1.3975E1,2.6E0,2.265E1));
#3815=LINE('',#3814,#3813);
#3816=DIRECTION('',(0.E0,0.E0,-1.E0));
#3817=VECTOR('',#3816,2.5E0);
#3818=CARTESIAN_POINT('',(-1.2975E1,2.6E0,2.265E1));
#3819=LINE('',#3818,#3817);
#3820=DIRECTION('',(-1.E0,0.E0,0.E0));
#3821=VECTOR('',#3820,1.E0);
#3822=CARTESIAN_POINT('',(-1.2975E1,2.6E0,2.015E1));
#3823=LINE('',#3822,#3821);
#3824=DIRECTION('',(0.E0,0.E0,-1.E0));
#3825=VECTOR('',#3824,2.015E1);
#3826=CARTESIAN_POINT('',(-1.3975E1,2.6E0,2.015E1));
#3827=LINE('',#3826,#3825);
#3828=DIRECTION('',(1.E0,0.E0,0.E0));
#3829=VECTOR('',#3828,2.795E1);
#3830=CARTESIAN_POINT('',(-1.3975E1,2.6E0,0.E0));
#3831=LINE('',#3830,#3829);
#3832=DIRECTION('',(0.E0,0.E0,1.E0));
#3833=VECTOR('',#3832,1.895E1);
#3834=CARTESIAN_POINT('',(1.3975E1,2.6E0,0.E0));
#3835=LINE('',#3834,#3833);
#3836=DIRECTION('',(-1.E0,0.E0,-1.015061051086E-14));
#3837=VECTOR('',#3836,3.5E-1);
#3838=CARTESIAN_POINT('',(1.3975E1,2.6E0,1.895E1));
#3839=LINE('',#3838,#3837);
#3840=DIRECTION('',(0.E0,0.E0,1.E0));
#3841=VECTOR('',#3840,2.5E0);
#3842=CARTESIAN_POINT('',(1.3625E1,2.6E0,1.895E1));
#3843=LINE('',#3842,#3841);
#3844=DIRECTION('',(1.E0,0.E0,0.E0));
#3845=VECTOR('',#3844,3.5E-1);
#3846=CARTESIAN_POINT('',(1.3625E1,2.6E0,2.145E1));
#3847=LINE('',#3846,#3845);
#3848=DIRECTION('',(0.E0,0.E0,1.E0));
#3849=VECTOR('',#3848,5.55E0);
#3850=CARTESIAN_POINT('',(1.3975E1,2.6E0,2.145E1));
#3851=LINE('',#3850,#3849);
#3852=DIRECTION('',(1.E0,0.E0,0.E0));
#3853=VECTOR('',#3852,2.5E-1);
#3854=CARTESIAN_POINT('',(1.3975E1,2.6E0,2.7E1));
#3855=LINE('',#3854,#3853);
#3856=DIRECTION('',(0.E0,0.E0,1.E0));
#3857=VECTOR('',#3856,2.E0);
#3858=CARTESIAN_POINT('',(1.4225E1,2.6E0,2.7E1));
#3859=LINE('',#3858,#3857);
#3860=DIRECTION('',(-1.E0,0.E0,1.736882242969E-14));
#3861=VECTOR('',#3860,2.25E0);
#3862=CARTESIAN_POINT('',(1.4225E1,2.6E0,2.9E1));
#3863=LINE('',#3862,#3861);
#3864=DIRECTION('',(-4.472135955E-1,0.E0,-8.944271909999E-1));
#3865=VECTOR('',#3864,5.590169943749E-1);
#3866=CARTESIAN_POINT('',(1.1975E1,8.5E-1,2.9E1));
#3867=LINE('',#3866,#3865);
#3868=DIRECTION('',(0.E0,-1.E0,0.E0));
#3869=VECTOR('',#3868,1.75E0);
#3870=CARTESIAN_POINT('',(1.1725E1,2.6E0,2.85E1));
#3871=LINE('',#3870,#3869);
#3872=DIRECTION('',(4.440892098501E-14,0.E0,-1.E0));
#3873=VECTOR('',#3872,2.4E0);
#3874=CARTESIAN_POINT('',(1.1725E1,8.5E-1,2.85E1));
#3875=LINE('',#3874,#3873);
#3876=DIRECTION('',(5.773159728051E-14,0.E0,1.E0));
#3877=VECTOR('',#3876,2.4E0);
#3878=CARTESIAN_POINT('',(1.1725E1,2.6E0,2.61E1));
#3879=LINE('',#3878,#3877);
#3880=DIRECTION('',(-1.E0,0.E0,0.E0));
#3881=VECTOR('',#3880,1.E0);
#3882=CARTESIAN_POINT('',(1.1975E1,8.5E-1,2.9E1));
#3883=LINE('',#3882,#3881);
#3884=DIRECTION('',(7.071067811865E-1,0.E0,7.071067811865E-1));
#3885=VECTOR('',#3884,1.131370849899E0);
#3886=CARTESIAN_POINT('',(1.0975E1,8.5E-1,5.5E0));
#3887=LINE('',#3886,#3885);
#3888=DIRECTION('',(0.E0,0.E0,1.E0));
#3889=VECTOR('',#3888,1.777304626357E1);
#3890=CARTESIAN_POINT('',(1.1775E1,8.5E-1,6.3E0));
#3891=LINE('',#3890,#3889);
#3892=DIRECTION('',(1.E0,0.E0,0.E0));
#3893=VECTOR('',#3892,1.85E0);
#3894=CARTESIAN_POINT('',(1.1775E1,8.5E-1,2.407304626357E1));
#3895=LINE('',#3894,#3893);
#3896=DIRECTION('',(0.E0,0.E0,1.E0));
#3897=VECTOR('',#3896,2.026953736430E0);
#3898=CARTESIAN_POINT('',(1.3625E1,8.5E-1,2.407304626357E1));
#3899=LINE('',#3898,#3897);
#3900=DIRECTION('',(-1.E0,0.E0,0.E0));
#3901=VECTOR('',#3900,1.9E0);
#3902=CARTESIAN_POINT('',(1.3625E1,8.5E-1,2.61E1));
#3903=LINE('',#3902,#3901);
#3904=DIRECTION('',(0.E0,-1.E0,0.E0));
#3905=VECTOR('',#3904,1.75E0);
#3906=CARTESIAN_POINT('',(1.1975E1,2.6E0,2.9E1));
#3907=LINE('',#3906,#3905);
#3908=DIRECTION('',(0.E0,-1.E0,1.503071171800E-14));
#3909=VECTOR('',#3908,2.6E0);
#3910=CARTESIAN_POINT('',(1.4225E1,2.6E0,2.9E1));
#3911=LINE('',#3910,#3909);
#3912=DIRECTION('',(0.E0,1.E0,0.E0));
#3913=VECTOR('',#3912,1.75E0);
#3914=CARTESIAN_POINT('',(-1.2725E1,8.5E-1,2.9E1));
#3915=LINE('',#3914,#3913);
#3916=DIRECTION('',(0.E0,1.E0,1.366428338E-14));
#3917=VECTOR('',#3916,2.6E0);
#3918=CARTESIAN_POINT('',(-1.4225E1,0.E0,2.9E1));
#3919=LINE('',#3918,#3917);
#3920=DIRECTION('',(0.E0,0.E0,1.E0));
#3921=VECTOR('',#3920,2.35E1);
#3922=CARTESIAN_POINT('',(1.0975E1,8.5E-1,5.5E0));
#3923=LINE('',#3922,#3921);
#3924=DIRECTION('',(0.E0,-1.E0,0.E0));
#3925=VECTOR('',#3924,8.5E-1);
#3926=CARTESIAN_POINT('',(1.0975E1,8.5E-1,2.9E1));
#3927=LINE('',#3926,#3925);
#3928=DIRECTION('',(0.E0,0.E0,-1.E0));
#3929=VECTOR('',#3928,1.858951808247E1);
#3930=CARTESIAN_POINT('',(1.0975E1,2.5E-1,2.088951808247E1));
#3931=LINE('',#3930,#3929);
#3932=DIRECTION('',(0.E0,-1.E0,0.E0));
#3933=VECTOR('',#3932,2.5E-1);
#3934=CARTESIAN_POINT('',(1.0975E1,2.5E-1,2.088951808247E1));
#3935=LINE('',#3934,#3933);
#3936=DIRECTION('',(0.E0,1.E0,0.E0));
#3937=VECTOR('',#3936,2.5E-1);
#3938=CARTESIAN_POINT('',(1.0475E1,0.E0,2.038951808247E1));
#3939=LINE('',#3938,#3937);
#3940=DIRECTION('',(-3.268496584496E-13,1.E0,-2.103206497850E-12));
#3941=VECTOR('',#3940,2.5E-1);
#3942=CARTESIAN_POINT('',(8.975E0,0.E0,1.988951808247E1));
#3943=LINE('',#3942,#3941);
#3944=DIRECTION('',(0.E0,-1.E0,0.E0));
#3945=VECTOR('',#3944,2.5E-1);
#3946=CARTESIAN_POINT('',(9.475E0,2.5E-1,2.038951808247E1));
#3947=LINE('',#3946,#3945);
#3948=DIRECTION('',(3.339550858072E-13,-1.E0,3.524291969370E-12));
#3949=VECTOR('',#3948,2.5E-1);
#3950=CARTESIAN_POINT('',(8.974999999999E0,2.5E-1,1.618098411588E1));
#3951=LINE('',#3950,#3949);
#3952=DIRECTION('',(3.165467887811E-12,-1.E0,1.243449787580E-12));
#3953=VECTOR('',#3952,2.5E-1);
#3954=CARTESIAN_POINT('',(7.245000000007E0,2.5E-1,1.346306211554E1));
#3955=LINE('',#3954,#3953);
#3956=DIRECTION('',(5.098144129079E-12,-1.E0,-2.245315045002E-12));
#3957=VECTOR('',#3956,2.5E-1);
#3958=CARTESIAN_POINT('',(-7.995000000009E0,2.5E-1,1.346306211554E1));
#3959=LINE('',#3958,#3957);
#3960=DIRECTION('',(-3.339550858072E-13,1.E0,3.524291969370E-12));
#3961=VECTOR('',#3960,2.5E-1);
#3962=CARTESIAN_POINT('',(-9.724999999999E0,0.E0,1.618098411588E1));
#3963=LINE('',#3962,#3961);
#3964=DIRECTION('',(0.E0,1.E0,0.E0));
#3965=VECTOR('',#3964,2.5E-1);
#3966=CARTESIAN_POINT('',(-1.0225E1,0.E0,2.04E1));
#3967=LINE('',#3966,#3965);
#3968=DIRECTION('',(3.268496584496E-13,-1.E0,-2.103206497850E-12));
#3969=VECTOR('',#3968,2.5E-1);
#3970=CARTESIAN_POINT('',(-9.725E0,2.5E-1,1.99E1));
#3971=LINE('',#3970,#3969);
#3972=DIRECTION('',(0.E0,1.E0,0.E0));
#3973=VECTOR('',#3972,2.5E-1);
#3974=CARTESIAN_POINT('',(-1.1725E1,0.E0,2.09E1));
#3975=LINE('',#3974,#3973);
#3976=DIRECTION('',(0.E0,-1.E0,0.E0));
#3977=VECTOR('',#3976,2.5E-1);
#3978=CARTESIAN_POINT('',(-1.1225E1,2.5E-1,2.04E1));
#3979=LINE('',#3978,#3977);
#3980=DIRECTION('',(0.E0,1.E0,0.E0));
#3981=VECTOR('',#3980,8.5E-1);
#3982=CARTESIAN_POINT('',(-1.1725E1,0.E0,2.9E1));
#3983=LINE('',#3982,#3981);
#3984=DIRECTION('',(0.E0,0.E0,1.E0));
#3985=VECTOR('',#3984,1.86E1);
#3986=CARTESIAN_POINT('',(-1.1725E1,2.5E-1,2.3E0));
#3987=LINE('',#3986,#3985);
#3988=DIRECTION('',(-1.E0,0.E0,0.E0));
#3989=VECTOR('',#3988,1.E0);
#3990=CARTESIAN_POINT('',(-1.1725E1,8.5E-1,2.9E1));
#3991=LINE('',#3990,#3989);
#3992=DIRECTION('',(0.E0,0.E0,-1.E0));
#3993=VECTOR('',#3992,2.62E1);
#3994=CARTESIAN_POINT('',(-1.2475E1,8.5E-1,2.85E1));
#3995=LINE('',#3994,#3993);
#3996=DIRECTION('',(1.E0,0.E0,0.E0));
#3997=VECTOR('',#3996,7.499999999999E-1);
#3998=CARTESIAN_POINT('',(-1.2475E1,8.5E-1,2.3E0));
#3999=LINE('',#3998,#3997);
#4000=DIRECTION('',(0.E0,0.E0,1.E0));
#4001=VECTOR('',#4000,2.67E1);
#4002=CARTESIAN_POINT('',(-1.1725E1,8.5E-1,2.3E0));
#4003=LINE('',#4002,#4001);
#4004=DIRECTION('',(-4.472135955E-1,0.E0,8.944271909999E-1));
#4005=VECTOR('',#4004,5.590169943749E-1);
#4006=CARTESIAN_POINT('',(-1.2475E1,8.5E-1,2.85E1));
#4007=LINE('',#4006,#4005);
#4008=DIRECTION('',(1.840963537425E-13,0.E0,1.E0));
#4009=VECTOR('',#4008,1.833321478806E-1);
#4010=CARTESIAN_POINT('',(-1.2475E1,1.75E0,1.373799388535E1));
#4011=LINE('',#4010,#4009);
#4012=DIRECTION('',(-1.841397940650E-13,0.E0,-1.E0));
#4013=VECTOR('',#4012,1.832888980896E-1);
#4014=CARTESIAN_POINT('',(-1.2475E1,1.15E0,1.392128278343E1));
#4015=LINE('',#4014,#4013);
#4016=DIRECTION('',(7.832032252742E-12,0.E0,1.E0));
#4017=VECTOR('',#4016,2.009506739656E-1);
#4018=CARTESIAN_POINT('',(-1.2475E1,1.75E0,1.195798347283E1));
#4019=LINE('',#4018,#4017);
#4020=DIRECTION('',(9.237055564881E-13,-1.E0,5.263937434089E-12));
#4021=VECTOR('',#4020,6.E-1);
#4022=CARTESIAN_POINT('',(-1.2475E1,1.75E0,1.215893414680E1));
#4023=LINE('',#4022,#4021);
#4024=DIRECTION('',(-7.849711783656E-12,0.E0,-1.E0));
#4025=VECTOR('',#4024,2.009506739689E-1);
#4026=CARTESIAN_POINT('',(-1.2475E1,1.15E0,1.215893414680E1));
#4027=LINE('',#4026,#4025);
#4028=DIRECTION('',(-9.237055564881E-13,1.E0,2.871776890364E-13));
#4029=VECTOR('',#4028,6.E-1);
#4030=CARTESIAN_POINT('',(-1.2475E1,1.15E0,1.195798347283E1));
#4031=LINE('',#4030,#4029);
#4032=DIRECTION('',(0.E0,1.E0,0.E0));
#4033=VECTOR('',#4032,1.75E0);
#4034=CARTESIAN_POINT('',(-1.2475E1,8.5E-1,2.85E1));
#4035=LINE('',#4034,#4033);
#4036=CARTESIAN_POINT('',(-1.309052900072E1,1.75E0,1.294987964916E1));
#4037=DIRECTION('',(0.E0,1.E0,0.E0));
#4038=DIRECTION('',(6.155290007204E-1,0.E0,7.881142361817E-1));
#4039=AXIS2_PLACEMENT_3D('',#4036,#4037,#4038);
#4041=CARTESIAN_POINT('',(-1.309052900072E1,1.75E0,1.294987964916E1));
#4042=DIRECTION('',(0.E0,1.E0,0.E0));
#4043=DIRECTION('',(1.E0,0.E0,0.E0));
#4044=AXIS2_PLACEMENT_3D('',#4041,#4042,#4043);
#4046=DIRECTION('',(-7.464518383813E-1,0.E0,-6.654394435088E-1));
#4047=VECTOR('',#4046,6.686358079336E-2);
#4048=CARTESIAN_POINT('',(-1.242508955720E1,1.75E0,1.220342781079E1));
#4049=LINE('',#4048,#4047);
#4050=DIRECTION('',(7.464518383595E-1,0.E0,6.654394435332E-1));
#4051=VECTOR('',#4050,2.005840854727E-1);
#4052=CARTESIAN_POINT('',(-1.2475E1,1.75E0,1.195798347283E1));
#4053=LINE('',#4052,#4051);
#4054=CARTESIAN_POINT('',(-1.309052900072E1,1.75E0,1.294987964916E1));
#4055=DIRECTION('',(0.E0,-1.E0,0.E0));
#4056=DIRECTION('',(6.654394435307E-1,0.E0,-7.464518383617E-1));
#4057=AXIS2_PLACEMENT_3D('',#4054,#4055,#4056);
#4059=CARTESIAN_POINT('',(-1.309052900072E1,1.75E0,1.294987964916E1));
#4060=DIRECTION('',(0.E0,-1.E0,0.E0));
#4061=DIRECTION('',(1.E0,0.E0,0.E0));
#4062=AXIS2_PLACEMENT_3D('',#4059,#4060,#4061);
#4064=DIRECTION('',(1.776356839400E-14,-1.E0,-1.776356839400E-14));
#4065=VECTOR('',#4064,6.E-1);
#4066=CARTESIAN_POINT('',(-1.2475E1,1.75E0,1.373799388535E1));
#4067=LINE('',#4066,#4065);
#4068=DIRECTION('',(-1.842970220878E-11,1.E0,-1.963762485957E-11));
#4069=VECTOR('',#4068,6.E-1);
#4070=CARTESIAN_POINT('',(-1.242508955718E1,1.15E0,1.220342781080E1));
#4071=LINE('',#4070,#4069);
#4072=CARTESIAN_POINT('',(-1.309052900072E1,1.15E0,1.294987964916E1));
#4073=DIRECTION('',(0.E0,1.E0,0.E0));
#4074=DIRECTION('',(5.352426093220E-1,0.E0,8.446983776273E-1));
#4075=AXIS2_PLACEMENT_3D('',#4072,#4073,#4074);
#4077=CARTESIAN_POINT('',(-1.309052900072E1,1.15E0,1.294987964916E1));
#4078=DIRECTION('',(0.E0,1.E0,0.E0));
#4079=DIRECTION('',(9.999999291314E-1,0.E0,3.764800400087E-4));
#4080=AXIS2_PLACEMENT_3D('',#4077,#4078,#4079);
#4082=DIRECTION('',(-7.464518383587E-1,0.E0,-6.654394435340E-1));
#4083=VECTOR('',#4082,2.005840854673E-1);
#4084=CARTESIAN_POINT('',(-1.232527364066E1,1.15E0,1.209146003505E1));
#4085=LINE('',#4084,#4083);
#4086=DIRECTION('',(7.464518383867E-1,0.E0,6.654394435026E-1));
#4087=VECTOR('',#4086,6.686358080694E-2);
#4088=CARTESIAN_POINT('',(-1.2475E1,1.15E0,1.215893414680E1));
#4089=LINE('',#4088,#4087);
#4090=CARTESIAN_POINT('',(-1.309052900072E1,1.15E0,1.294987964916E1));
#4091=DIRECTION('',(0.E0,-1.E0,0.E0));
#4092=DIRECTION('',(6.654394435324E-1,0.E0,-7.464518383602E-1));
#4093=AXIS2_PLACEMENT_3D('',#4090,#4091,#4092);
#4095=CARTESIAN_POINT('',(-1.309052900072E1,1.15E0,1.294987964916E1));
#4096=DIRECTION('',(0.E0,-1.E0,0.E0));
#4097=DIRECTION('',(1.E0,0.E0,0.E0));
#4098=AXIS2_PLACEMENT_3D('',#4095,#4096,#4097);
#4100=DIRECTION('',(-2.072416307250E-14,9.999999974020E-1,7.208298488103E-5));
#4101=VECTOR('',#4100,6.000000015588E-1);
#4102=CARTESIAN_POINT('',(-1.2475E1,1.15E0,1.392128278343E1));
#4103=LINE('',#4102,#4101);
#4104=DIRECTION('',(-6.018889090835E-12,-1.E0,-5.977440764582E-12));
#4105=VECTOR('',#4104,6.E-1);
#4106=CARTESIAN_POINT('',(-1.232527364065E1,1.75E0,1.209146003505E1));
#4107=LINE('',#4106,#4105);
#4108=DIRECTION('',(0.E0,-1.E0,0.E0));
#4109=VECTOR('',#4108,6.E-1);
#4110=CARTESIAN_POINT('',(-1.0605E1,8.5E-1,2.3E0));
#4111=LINE('',#4110,#4109);
#4112=DIRECTION('',(0.E0,1.E0,0.E0));
#4113=VECTOR('',#4112,6.E-1);
#4114=CARTESIAN_POINT('',(-1.1725E1,2.5E-1,2.3E0));
#4115=LINE('',#4114,#4113);
#4116=DIRECTION('',(-1.390633639988E-13,1.E0,0.E0));
#4117=VECTOR('',#4116,1.75E0);
#4118=CARTESIAN_POINT('',(-1.2475E1,8.5E-1,2.3E0));
#4119=LINE('',#4118,#4117);
#4120=DIRECTION('',(1.E0,0.E0,0.E0));
#4121=VECTOR('',#4120,2.025E1);
#4122=CARTESIAN_POINT('',(-1.2475E1,2.6E0,2.3E0));
#4123=LINE('',#4122,#4121);
#4124=DIRECTION('',(0.E0,-1.E0,0.E0));
#4125=VECTOR('',#4124,1.75E0);
#4126=CARTESIAN_POINT('',(7.775E0,2.6E0,2.3E0));
#4127=LINE('',#4126,#4125);
#4128=DIRECTION('',(1.E0,0.E0,0.E0));
#4129=VECTOR('',#4128,4.5E-1);
#4130=CARTESIAN_POINT('',(7.775E0,8.5E-1,2.3E0));
#4131=LINE('',#4130,#4129);
#4132=DIRECTION('',(0.E0,-1.E0,0.E0));
#4133=VECTOR('',#4132,6.E-1);
#4134=CARTESIAN_POINT('',(8.225E0,8.5E-1,2.3E0));
#4135=LINE('',#4134,#4133);
#4136=DIRECTION('',(-1.E0,0.E0,0.E0));
#4137=VECTOR('',#4136,1.E0);
#4138=CARTESIAN_POINT('',(8.225E0,2.5E-1,2.3E0));
#4139=LINE('',#4138,#4137);
#4140=DIRECTION('',(0.E0,1.E0,0.E0));
#4141=VECTOR('',#4140,6.E-1);
#4142=CARTESIAN_POINT('',(7.225E0,2.5E-1,2.3E0));
#4143=LINE('',#4142,#4141);
#4144=DIRECTION('',(0.E0,-1.E0,0.E0));
#4145=VECTOR('',#4144,6.E-1);
#4146=CARTESIAN_POINT('',(5.725E0,8.5E-1,2.3E0));
#4147=LINE('',#4146,#4145);
#4148=DIRECTION('',(-1.E0,0.E0,0.E0));
#4149=VECTOR('',#4148,1.E0);
#4150=CARTESIAN_POINT('',(5.725E0,2.5E-1,2.3E0));
#4151=LINE('',#4150,#4149);
#4152=DIRECTION('',(-1.E0,0.E0,0.E0));
#4153=VECTOR('',#4152,1.E0);
#4154=CARTESIAN_POINT('',(3.225E0,2.5E-1,2.3E0));
#4155=LINE('',#4154,#4153);
#4156=DIRECTION('',(0.E0,1.E0,0.E0));
#4157=VECTOR('',#4156,6.E-1);
#4158=CARTESIAN_POINT('',(2.225E0,2.5E-1,2.3E0));
#4159=LINE('',#4158,#4157);
#4160=DIRECTION('',(0.E0,1.E0,-3.182664595307E-13));
#4161=VECTOR('',#4160,1.325570875359E-1);
#4162=CARTESIAN_POINT('',(2.125E0,8.5E-1,2.3E0));
#4163=LINE('',#4162,#4161);
#4164=DIRECTION('',(0.E0,-1.E0,3.149162862724E-13));
#4165=VECTOR('',#4164,1.325570875359E-1);
#4166=CARTESIAN_POINT('',(8.25E-1,9.825570875359E-1,2.3E0));
#4167=LINE('',#4166,#4165);
#4168=DIRECTION('',(0.E0,-1.E0,0.E0));
#4169=VECTOR('',#4168,6.E-1);
#4170=CARTESIAN_POINT('',(7.25E-1,8.5E-1,2.3E0));
#4171=LINE('',#4170,#4169);
#4172=DIRECTION('',(-1.E0,0.E0,0.E0));
#4173=VECTOR('',#4172,1.E0);
#4174=CARTESIAN_POINT('',(7.25E-1,2.5E-1,2.3E0));
#4175=LINE('',#4174,#4173);
#4176=DIRECTION('',(0.E0,1.E0,0.E0));
#4177=VECTOR('',#4176,6.E-1);
#4178=CARTESIAN_POINT('',(-2.75E-1,2.5E-1,2.3E0));
#4179=LINE('',#4178,#4177);
#4180=DIRECTION('',(0.E0,-1.E0,0.E0));
#4181=VECTOR('',#4180,6.E-1);
#4182=CARTESIAN_POINT('',(-1.775E0,8.5E-1,2.3E0));
#4183=LINE('',#4182,#4181);
#4184=DIRECTION('',(-1.E0,0.E0,0.E0));
#4185=VECTOR('',#4184,1.E0);
#4186=CARTESIAN_POINT('',(-1.775E0,2.5E-1,2.3E0));
#4187=LINE('',#4186,#4185);
#4188=DIRECTION('',(0.E0,1.E0,0.E0));
#4189=VECTOR('',#4188,6.E-1);
#4190=CARTESIAN_POINT('',(-2.775E0,2.5E-1,2.3E0));
#4191=LINE('',#4190,#4189);
#4192=DIRECTION('',(0.E0,-1.E0,0.E0));
#4193=VECTOR('',#4192,6.E-1);
#4194=CARTESIAN_POINT('',(-4.275E0,8.5E-1,2.3E0));
#4195=LINE('',#4194,#4193);
#4196=DIRECTION('',(-1.E0,0.E0,0.E0));
#4197=VECTOR('',#4196,1.E0);
#4198=CARTESIAN_POINT('',(-4.275E0,2.5E-1,2.3E0));
#4199=LINE('',#4198,#4197);
#4200=DIRECTION('',(0.E0,1.E0,0.E0));
#4201=VECTOR('',#4200,6.E-1);
#4202=CARTESIAN_POINT('',(-5.275E0,2.5E-1,2.3E0));
#4203=LINE('',#4202,#4201);
#4204=DIRECTION('',(0.E0,-1.E0,0.E0));
#4205=VECTOR('',#4204,6.E-1);
#4206=CARTESIAN_POINT('',(-6.775E0,8.5E-1,2.3E0));
#4207=LINE('',#4206,#4205);
#4208=DIRECTION('',(-1.E0,0.E0,0.E0));
#4209=VECTOR('',#4208,1.03E0);
#4210=CARTESIAN_POINT('',(-6.775E0,2.5E-1,2.3E0));
#4211=LINE('',#4210,#4209);
#4212=DIRECTION('',(0.E0,1.E0,0.E0));
#4213=VECTOR('',#4212,6.E-1);
#4214=CARTESIAN_POINT('',(-7.805E0,2.5E-1,2.3E0));
#4215=LINE('',#4214,#4213);
#4216=DIRECTION('',(0.E0,0.E0,1.E0));
#4217=VECTOR('',#4216,4.2E0);
#4218=CARTESIAN_POINT('',(-8.905E0,8.5E-1,3.5E0));
#4219=LINE('',#4218,#4217);
#4220=DIRECTION('',(1.E0,0.E0,0.E0));
#4221=VECTOR('',#4220,9.E-1);
#4222=CARTESIAN_POINT('',(-8.905E0,8.5E-1,7.7E0));
#4223=LINE('',#4222,#4221);
#4224=DIRECTION('',(0.E0,0.E0,-1.E0));
#4225=VECTOR('',#4224,4.2E0);
#4226=CARTESIAN_POINT('',(-8.005E0,8.5E-1,7.7E0));
#4227=LINE('',#4226,#4225);
#4228=DIRECTION('',(-1.E0,0.E0,0.E0));
#4229=VECTOR('',#4228,9.E-1);
#4230=CARTESIAN_POINT('',(-8.005E0,8.5E-1,3.5E0));
#4231=LINE('',#4230,#4229);
#4232=DIRECTION('',(0.E0,0.E0,-1.E0));
#4233=VECTOR('',#4232,3.E-1);
#4234=CARTESIAN_POINT('',(-1.0605E1,8.5E-1,8.E0));
#4235=LINE('',#4234,#4233);
#4236=DIRECTION('',(1.E0,0.E0,0.E0));
#4237=VECTOR('',#4236,9.E-1);
#4238=CARTESIAN_POINT('',(-1.0605E1,8.5E-1,7.7E0));
#4239=LINE('',#4238,#4237);
#4240=DIRECTION('',(0.E0,0.E0,-1.E0));
#4241=VECTOR('',#4240,4.2E0);
#4242=CARTESIAN_POINT('',(-9.705E0,8.5E-1,7.7E0));
#4243=LINE('',#4242,#4241);
#4244=DIRECTION('',(-1.E0,0.E0,0.E0));
#4245=VECTOR('',#4244,9.E-1);
#4246=CARTESIAN_POINT('',(-9.705E0,8.5E-1,3.5E0));
#4247=LINE('',#4246,#4245);
#4248=DIRECTION('',(0.E0,0.E0,-1.E0));
#4249=VECTOR('',#4248,1.2E0);
#4250=CARTESIAN_POINT('',(-1.0605E1,8.5E-1,3.5E0));
#4251=LINE('',#4250,#4249);
#4252=DIRECTION('',(1.E0,0.E0,0.E0));
#4253=VECTOR('',#4252,2.8E0);
#4254=CARTESIAN_POINT('',(-1.0605E1,8.5E-1,2.3E0));
#4255=LINE('',#4254,#4253);
#4256=DIRECTION('',(0.E0,0.E0,1.E0));
#4257=VECTOR('',#4256,5.7E0);
#4258=CARTESIAN_POINT('',(-7.805E0,8.5E-1,2.3E0));
#4259=LINE('',#4258,#4257);
#4260=DIRECTION('',(-1.E0,0.E0,0.E0));
#4261=VECTOR('',#4260,2.8E0);
#4262=CARTESIAN_POINT('',(-7.805E0,8.5E-1,8.E0));
#4263=LINE('',#4262,#4261);
#4264=DIRECTION('',(0.E0,1.E0,0.E0));
#4265=VECTOR('',#4264,8.5E-1);
#4266=CARTESIAN_POINT('',(-8.905E0,0.E0,7.7E0));
#4267=LINE('',#4266,#4265);
#4268=DIRECTION('',(0.E0,-1.E0,0.E0));
#4269=VECTOR('',#4268,8.5E-1);
#4270=CARTESIAN_POINT('',(-8.905E0,8.5E-1,3.5E0));
#4271=LINE('',#4270,#4269);
#4272=DIRECTION('',(0.E0,1.E0,0.E0));
#4273=VECTOR('',#4272,8.5E-1);
#4274=CARTESIAN_POINT('',(-8.005E0,0.E0,7.7E0));
#4275=LINE('',#4274,#4273);
#4276=DIRECTION('',(0.E0,1.E0,0.E0));
#4277=VECTOR('',#4276,8.5E-1);
#4278=CARTESIAN_POINT('',(-8.005E0,0.E0,3.5E0));
#4279=LINE('',#4278,#4277);
#4280=DIRECTION('',(0.E0,-1.E0,3.076470221479E-13));
#4281=VECTOR('',#4280,1.501242479188E-1);
#4282=CARTESIAN_POINT('',(-8.805E0,5.041382209818E-1,3.5E0));
#4283=LINE('',#4282,#4281);
#4284=DIRECTION('',(0.E0,1.E0,-3.046888777042E-13));
#4285=VECTOR('',#4284,1.501242479188E-1);
#4286=CARTESIAN_POINT('',(-8.105E0,3.540139730630E-1,3.5E0));
#4287=LINE('',#4286,#4285);
#4288=CARTESIAN_POINT('',(-8.805E0,5.35E0,3.299691191779E0));
#4289=DIRECTION('',(-1.E0,0.E0,0.E0));
#4290=DIRECTION('',(0.E0,-9.991467585604E-1,4.130078520020E-2));
#4291=AXIS2_PLACEMENT_3D('',#4288,#4289,#4290);
#4293=DIRECTION('',(0.E0,4.999999999998E-1,8.660254037846E-1));
#4294=VECTOR('',#4293,3.994845223864E-1);
#4295=CARTESIAN_POINT('',(-8.805E0,1.149776791645E0,5.724691191778E0));
#4296=LINE('',#4295,#4294);
#4297=CARTESIAN_POINT('',(-8.805E0,7.E-1,6.445654936584E0));
#4298=DIRECTION('',(1.E0,0.E0,0.E0));
#4299=DIRECTION('',(0.E0,8.660254037823E-1,-5.000000000038E-1));
#4300=AXIS2_PLACEMENT_3D('',#4297,#4298,#4299);
#4302=DIRECTION('',(0.E0,-7.071067811866E-1,7.071067811865E-1));
#4303=VECTOR('',#4302,6.707106781184E-1);
#4304=CARTESIAN_POINT('',(-8.805E0,1.230330085890E0,6.975985022474E0));
#4305=LINE('',#4304,#4303);
#4306=DIRECTION('',(0.E0,-7.071067811868E-1,-7.071067811863E-1));
#4307=VECTOR('',#4306,1.5E-1);
#4308=CARTESIAN_POINT('',(-8.805E0,7.560660171780E-1,7.450249091186E0));
#4309=LINE('',#4308,#4307);
#4310=DIRECTION('',(0.E0,7.071067811866E-1,-7.071067811865E-1));
#4311=VECTOR('',#4310,6.707106781184E-1);
#4312=CARTESIAN_POINT('',(-8.805E0,6.5E-1,7.344183074008E0));
#4313=LINE('',#4312,#4311);
#4314=CARTESIAN_POINT('',(-8.805E0,7.E-1,6.445654936584E0));
#4315=DIRECTION('',(-1.E0,0.E0,0.E0));
#4316=DIRECTION('',(0.E0,7.071067811852E-1,7.071067811879E-1));
#4317=AXIS2_PLACEMENT_3D('',#4314,#4315,#4316);
#4319=DIRECTION('',(0.E0,-4.999999999998E-1,-8.660254037845E-1));
#4320=VECTOR('',#4319,3.994845223865E-1);
#4321=CARTESIAN_POINT('',(-8.805E0,1.219615242270E0,6.145654936584E0));
#4322=LINE('',#4321,#4320);
#4323=CARTESIAN_POINT('',(-8.805E0,5.35E0,3.299691191779E0));
#4324=DIRECTION('',(1.E0,0.E0,0.E0));
#4325=DIRECTION('',(0.E0,-8.660254037848E-1,4.999999999994E-1));
#4326=AXIS2_PLACEMENT_3D('',#4323,#4324,#4325);
#4328=DIRECTION('',(-1.E0,-1.631076226464E-12,-3.449938747378E-12));
#4329=VECTOR('',#4328,7.E-1);
#4330=CARTESIAN_POINT('',(-8.105E0,1.149776791646E0,5.724691191780E0));
#4331=LINE('',#4330,#4329);
#4332=DIRECTION('',(1.E0,0.E0,0.E0));
#4333=VECTOR('',#4332,7.E-1);
#4334=CARTESIAN_POINT('',(-8.805E0,5.041382209818E-1,3.5E0));
#4335=LINE('',#4334,#4333);
#4336=CARTESIAN_POINT('',(-8.105E0,5.35E0,3.299691191779E0));
#4337=DIRECTION('',(-1.E0,0.E0,0.E0));
#4338=DIRECTION('',(0.E0,-9.991972053874E-1,4.006176164420E-2));
#4339=AXIS2_PLACEMENT_3D('',#4336,#4337,#4338);
#4341=DIRECTION('',(0.E0,4.999999999999E-1,8.660254037845E-1));
#4342=VECTOR('',#4341,3.994845223859E-1);
#4343=CARTESIAN_POINT('',(-8.105E0,1.019872981077E0,5.799691191779E0));
#4344=LINE('',#4343,#4342);
#4345=CARTESIAN_POINT('',(-8.105E0,7.E-1,6.445654936584E0));
#4346=DIRECTION('',(1.E0,0.E0,0.E0));
#4347=DIRECTION('',(0.E0,8.660254037826E-1,-5.000000000032E-1));
#4348=AXIS2_PLACEMENT_3D('',#4345,#4346,#4347);
#4350=DIRECTION('',(0.E0,-7.071067811865E-1,7.071067811865E-1));
#4351=VECTOR('',#4350,6.707106781185E-1);
#4352=CARTESIAN_POINT('',(-8.105E0,1.124264068712E0,6.869919005296E0));
#4353=LINE('',#4352,#4351);
#4354=DIRECTION('',(0.E0,7.071067811868E-1,7.071067811863E-1));
#4355=VECTOR('',#4354,1.5E-1);
#4356=CARTESIAN_POINT('',(-8.105E0,6.5E-1,7.344183074008E0));
#4357=LINE('',#4356,#4355);
#4358=DIRECTION('',(0.E0,7.071067811866E-1,-7.071067811865E-1));
#4359=VECTOR('',#4358,6.707106781183E-1);
#4360=CARTESIAN_POINT('',(-8.105E0,7.560660171780E-1,7.450249091186E0));
#4361=LINE('',#4360,#4359);
#4362=CARTESIAN_POINT('',(-8.105E0,7.E-1,6.445654936584E0));
#4363=DIRECTION('',(-1.E0,0.E0,0.E0));
#4364=DIRECTION('',(0.E0,7.071067811853E-1,7.071067811878E-1));
#4365=AXIS2_PLACEMENT_3D('',#4362,#4363,#4364);
#4367=DIRECTION('',(0.E0,-4.999999999998E-1,-8.660254037846E-1));
#4368=VECTOR('',#4367,3.994845223855E-1);
#4369=CARTESIAN_POINT('',(-8.105E0,1.349519052839E0,6.070654936585E0));
#4370=LINE('',#4369,#4368);
#4371=CARTESIAN_POINT('',(-8.105E0,5.35E0,3.299691191779E0));
#4372=DIRECTION('',(1.E0,0.E0,0.E0));
#4373=DIRECTION('',(0.E0,-8.660254037842E-1,5.000000000005E-1));
#4374=AXIS2_PLACEMENT_3D('',#4371,#4372,#4373);
#4376=DIRECTION('',(-1.E0,0.E0,0.E0));
#4377=VECTOR('',#4376,7.E-1);
#4378=CARTESIAN_POINT('',(-8.105E0,3.540139730630E-1,3.5E0));
#4379=LINE('',#4378,#4377);
#4380=DIRECTION('',(1.E0,3.080075876889E-13,6.471014200672E-13));
#4381=VECTOR('',#4380,7.E-1);
#4382=CARTESIAN_POINT('',(-8.805E0,1.019872981077E0,5.799691191778E0));
#4383=LINE('',#4382,#4381);
#4384=DIRECTION('',(1.E0,1.043609643148E-13,-1.370332418966E-13));
#4385=VECTOR('',#4384,7.E-1);
#4386=CARTESIAN_POINT('',(-8.805E0,1.124264068712E0,6.869919005296E0));
#4387=LINE('',#4386,#4385);
#4388=DIRECTION('',(-1.E0,3.552713678801E-14,8.374253671458E-14));
#4389=VECTOR('',#4388,7.E-1);
#4390=CARTESIAN_POINT('',(-8.105E0,1.219615242270E0,6.145654936583E0));
#4391=LINE('',#4390,#4389);
#4392=DIRECTION('',(1.E0,2.696255916947E-14,0.E0));
#4393=VECTOR('',#4392,7.E-1);
#4394=CARTESIAN_POINT('',(-8.805E0,6.5E-1,7.344183074008E0));
#4395=LINE('',#4394,#4393);
#4396=DIRECTION('',(1.E0,0.E0,-2.918300521872E-14));
#4397=VECTOR('',#4396,7.E-1);
#4398=CARTESIAN_POINT('',(-8.805E0,7.560660171780E-1,7.450249091186E0));
#4399=LINE('',#4398,#4397);
#4400=DIRECTION('',(1.E0,9.655768248454E-13,2.329565112242E-12));
#4401=VECTOR('',#4400,7.E-1);
#4402=CARTESIAN_POINT('',(-8.805E0,1.349519052838E0,6.070654936583E0));
#4403=LINE('',#4402,#4401);
#4404=DIRECTION('',(-1.E0,1.053125840502E-13,-1.370332418966E-13));
#4405=VECTOR('',#4404,7.E-1);
#4406=CARTESIAN_POINT('',(-8.105E0,1.230330085890E0,6.975985022474E0));
#4407=LINE('',#4406,#4405);
#4408=DIRECTION('',(0.E0,1.E0,0.E0));
#4409=VECTOR('',#4408,6.E-1);
#4410=CARTESIAN_POINT('',(-1.0605E1,2.5E-1,8.E0));
#4411=LINE('',#4410,#4409);
#4412=DIRECTION('',(0.E0,-1.E0,0.E0));
#4413=VECTOR('',#4412,6.E-1);
#4414=CARTESIAN_POINT('',(-7.805E0,8.5E-1,8.E0));
#4415=LINE('',#4414,#4413);
#4416=DIRECTION('',(1.E0,0.E0,0.E0));
#4417=VECTOR('',#4416,1.12E0);
#4418=CARTESIAN_POINT('',(-1.1725E1,2.5E-1,2.3E0));
#4419=LINE('',#4418,#4417);
#4420=DIRECTION('',(0.E0,0.E0,-1.E0));
#4421=VECTOR('',#4420,1.2E0);
#4422=CARTESIAN_POINT('',(-1.0605E1,2.5E-1,3.5E0));
#4423=LINE('',#4422,#4421);
#4424=DIRECTION('',(0.E0,0.E0,-1.E0));
#4425=VECTOR('',#4424,3.E-1);
#4426=CARTESIAN_POINT('',(-1.0605E1,2.5E-1,8.E0));
#4427=LINE('',#4426,#4425);
#4428=DIRECTION('',(1.E0,0.E0,0.E0));
#4429=VECTOR('',#4428,2.8E0);
#4430=CARTESIAN_POINT('',(-1.0605E1,2.5E-1,8.E0));
#4431=LINE('',#4430,#4429);
#4432=DIRECTION('',(0.E0,0.E0,-1.E0));
#4433=VECTOR('',#4432,5.7E0);
#4434=CARTESIAN_POINT('',(-7.805E0,2.5E-1,8.E0));
#4435=LINE('',#4434,#4433);
#4436=DIRECTION('',(0.E0,0.E0,1.E0));
#4437=VECTOR('',#4436,5.7E0);
#4438=CARTESIAN_POINT('',(-6.775E0,2.5E-1,2.3E0));
#4439=LINE('',#4438,#4437);
#4440=DIRECTION('',(1.E0,0.E0,0.E0));
#4441=VECTOR('',#4440,1.5E0);
#4442=CARTESIAN_POINT('',(-6.775E0,2.5E-1,8.E0));
#4443=LINE('',#4442,#4441);
#4444=DIRECTION('',(0.E0,0.E0,-1.E0));
#4445=VECTOR('',#4444,5.7E0);
#4446=CARTESIAN_POINT('',(-5.275E0,2.5E-1,8.E0));
#4447=LINE('',#4446,#4445);
#4448=DIRECTION('',(0.E0,0.E0,1.E0));
#4449=VECTOR('',#4448,5.7E0);
#4450=CARTESIAN_POINT('',(-4.275E0,2.5E-1,2.3E0));
#4451=LINE('',#4450,#4449);
#4452=DIRECTION('',(1.E0,0.E0,0.E0));
#4453=VECTOR('',#4452,1.5E0);
#4454=CARTESIAN_POINT('',(-4.275E0,2.5E-1,8.E0));
#4455=LINE('',#4454,#4453);
#4456=DIRECTION('',(0.E0,0.E0,-1.E0));
#4457=VECTOR('',#4456,5.7E0);
#4458=CARTESIAN_POINT('',(-2.775E0,2.5E-1,8.E0));
#4459=LINE('',#4458,#4457);
#4460=DIRECTION('',(0.E0,0.E0,1.E0));
#4461=VECTOR('',#4460,5.7E0);
#4462=CARTESIAN_POINT('',(-1.775E0,2.5E-1,2.3E0));
#4463=LINE('',#4462,#4461);
#4464=DIRECTION('',(1.E0,0.E0,0.E0));
#4465=VECTOR('',#4464,1.5E0);
#4466=CARTESIAN_POINT('',(-1.775E0,2.5E-1,8.E0));
#4467=LINE('',#4466,#4465);
#4468=DIRECTION('',(0.E0,0.E0,-1.E0));
#4469=VECTOR('',#4468,5.7E0);
#4470=CARTESIAN_POINT('',(-2.75E-1,2.5E-1,8.E0));
#4471=LINE('',#4470,#4469);
#4472=DIRECTION('',(0.E0,0.E0,1.E0));
#4473=VECTOR('',#4472,5.7E0);
#4474=CARTESIAN_POINT('',(7.25E-1,2.5E-1,2.3E0));
#4475=LINE('',#4474,#4473);
#4476=DIRECTION('',(1.E0,0.E0,0.E0));
#4477=VECTOR('',#4476,1.5E0);
#4478=CARTESIAN_POINT('',(7.25E-1,2.5E-1,8.E0));
#4479=LINE('',#4478,#4477);
#4480=DIRECTION('',(0.E0,0.E0,-1.E0));
#4481=VECTOR('',#4480,5.7E0);
#4482=CARTESIAN_POINT('',(2.225E0,2.5E-1,8.E0));
#4483=LINE('',#4482,#4481);
#4484=DIRECTION('',(0.E0,0.E0,1.E0));
#4485=VECTOR('',#4484,5.7E0);
#4486=CARTESIAN_POINT('',(5.725E0,2.5E-1,2.3E0));
#4487=LINE('',#4486,#4485);
#4488=DIRECTION('',(1.E0,0.E0,0.E0));
#4489=VECTOR('',#4488,1.5E0);
#4490=CARTESIAN_POINT('',(5.725E0,2.5E-1,8.E0));
#4491=LINE('',#4490,#4489);
#4492=DIRECTION('',(0.E0,0.E0,-1.E0));
#4493=VECTOR('',#4492,5.7E0);
#4494=CARTESIAN_POINT('',(7.225E0,2.5E-1,8.E0));
#4495=LINE('',#4494,#4493);
#4496=DIRECTION('',(0.E0,0.E0,1.E0));
#4497=VECTOR('',#4496,8.1E0);
#4498=CARTESIAN_POINT('',(8.225E0,2.5E-1,2.3E0));
#4499=LINE('',#4498,#4497);
#4500=DIRECTION('',(1.E0,0.E0,0.E0));
#4501=VECTOR('',#4500,1.5E0);
#4502=CARTESIAN_POINT('',(8.225E0,2.5E-1,1.04E1));
#4503=LINE('',#4502,#4501);
#4504=DIRECTION('',(0.E0,0.E0,-1.E0));
#4505=VECTOR('',#4504,8.1E0);
#4506=CARTESIAN_POINT('',(9.725E0,2.5E-1,1.04E1));
#4507=LINE('',#4506,#4505);
#4508=CARTESIAN_POINT('',(1.0475E1,2.5E-1,2.088951808247E1));
#4509=DIRECTION('',(0.E0,1.E0,0.E0));
#4510=DIRECTION('',(1.E0,0.E0,0.E0));
#4511=AXIS2_PLACEMENT_3D('',#4508,#4509,#4510);
#4513=DIRECTION('',(-1.E0,0.E0,0.E0));
#4514=VECTOR('',#4513,1.E0);
#4515=CARTESIAN_POINT('',(1.0475E1,2.5E-1,2.038951808247E1));
#4516=LINE('',#4515,#4514);
#4517=CARTESIAN_POINT('',(9.475E0,2.5E-1,1.988951808247E1));
#4518=DIRECTION('',(0.E0,-1.E0,0.E0));
#4519=DIRECTION('',(0.E0,0.E0,1.E0));
#4520=AXIS2_PLACEMENT_3D('',#4517,#4518,#4519);
#4522=DIRECTION('',(-1.801008640160E-13,0.E0,-1.E0));
#4523=VECTOR('',#4522,3.708533966584E0);
#4524=CARTESIAN_POINT('',(8.975E0,2.5E-1,1.988951808247E1));
#4525=LINE('',#4524,#4523);
#4526=CARTESIAN_POINT('',(5.975E0,2.5E-1,1.618098411588E1));
#4527=DIRECTION('',(0.E0,1.E0,0.E0));
#4528=DIRECTION('',(1.E0,0.E0,4.829322127386E-12));
#4529=AXIS2_PLACEMENT_3D('',#4526,#4527,#4528);
#4531=CARTESIAN_POINT('',(-3.75E-1,2.5E-1,2.977059411765E1));
#4532=DIRECTION('',(0.E0,1.E0,0.E0));
#4533=DIRECTION('',(4.233333333347E-1,0.E0,-9.059740001169E-1));
#4534=AXIS2_PLACEMENT_3D('',#4531,#4532,#4533);
#4536=CARTESIAN_POINT('',(-6.725E0,2.5E-1,1.618098411588E1));
#4537=DIRECTION('',(0.E0,1.E0,0.E0));
#4538=DIRECTION('',(-4.233333333437E-1,0.E0,-9.059740001126E-1));
#4539=AXIS2_PLACEMENT_3D('',#4536,#4537,#4538);
#4541=DIRECTION('',(-1.795932559653E-13,0.E0,1.E0));
#4542=VECTOR('',#4541,3.719015884113E0);
#4543=CARTESIAN_POINT('',(-9.724999999999E0,2.5E-1,1.618098411589E1));
#4544=LINE('',#4543,#4542);
#4545=CARTESIAN_POINT('',(-1.0225E1,2.5E-1,1.99E1));
#4546=DIRECTION('',(0.E0,-1.E0,0.E0));
#4547=DIRECTION('',(1.E0,0.E0,-4.718003765447E-12));
#4548=AXIS2_PLACEMENT_3D('',#4545,#4546,#4547);
#4550=DIRECTION('',(-1.E0,0.E0,0.E0));
#4551=VECTOR('',#4550,1.E0);
#4552=CARTESIAN_POINT('',(-1.0225E1,2.5E-1,2.04E1));
#4553=LINE('',#4552,#4551);
#4554=CARTESIAN_POINT('',(-1.1225E1,2.5E-1,2.09E1));
#4555=DIRECTION('',(0.E0,1.E0,0.E0));
#4556=DIRECTION('',(-1.065814103640E-14,0.E0,-1.E0));
#4557=AXIS2_PLACEMENT_3D('',#4554,#4555,#4556);
#4559=DIRECTION('',(0.E0,0.E0,1.E0));
#4560=VECTOR('',#4559,4.2E0);
#4561=CARTESIAN_POINT('',(-1.0605E1,2.5E-1,3.5E0));
#4562=LINE('',#4561,#4560);
#4563=DIRECTION('',(0.E0,-1.E0,0.E0));
#4564=VECTOR('',#4563,2.5E-1);
#4565=CARTESIAN_POINT('',(-1.0605E1,2.5E-1,3.5E0));
#4566=LINE('',#4565,#4564);
#4567=DIRECTION('',(0.E0,1.E0,0.E0));
#4568=VECTOR('',#4567,2.5E-1);
#4569=CARTESIAN_POINT('',(-1.0605E1,0.E0,7.7E0));
#4570=LINE('',#4569,#4568);
#4571=DIRECTION('',(0.E0,-1.E0,3.076470221479E-13));
#4572=VECTOR('',#4571,1.501242479188E-1);
#4573=CARTESIAN_POINT('',(-1.0505E1,5.041382209818E-1,3.5E0));
#4574=LINE('',#4573,#4572);
#4575=DIRECTION('',(0.E0,1.E0,-3.046888777042E-13));
#4576=VECTOR('',#4575,1.501242479188E-1);
#4577=CARTESIAN_POINT('',(-9.805E0,3.540139730630E-1,3.5E0));
#4578=LINE('',#4577,#4576);
#4579=DIRECTION('',(0.E0,-1.E0,0.E0));
#4580=VECTOR('',#4579,6.E-1);
#4581=CARTESIAN_POINT('',(-1.0605E1,8.5E-1,3.5E0));
#4582=LINE('',#4581,#4580);
#4583=CARTESIAN_POINT('',(-1.0505E1,5.35E0,3.299691191779E0));
#4584=DIRECTION('',(-1.E0,0.E0,0.E0));
#4585=DIRECTION('',(0.E0,-9.991467585604E-1,4.130078520020E-2));
#4586=AXIS2_PLACEMENT_3D('',#4583,#4584,#4585);
#4588=DIRECTION('',(0.E0,4.999999999998E-1,8.660254037846E-1));
#4589=VECTOR('',#4588,3.994845223864E-1);
#4590=CARTESIAN_POINT('',(-1.0505E1,1.149776791645E0,5.724691191778E0));
#4591=LINE('',#4590,#4589);
#4592=CARTESIAN_POINT('',(-1.0505E1,7.E-1,6.445654936584E0));
#4593=DIRECTION('',(1.E0,0.E0,0.E0));
#4594=DIRECTION('',(0.E0,8.660254037823E-1,-5.000000000038E-1));
#4595=AXIS2_PLACEMENT_3D('',#4592,#4593,#4594);
#4597=DIRECTION('',(0.E0,-7.071067811866E-1,7.071067811865E-1));
#4598=VECTOR('',#4597,6.707106781184E-1);
#4599=CARTESIAN_POINT('',(-1.0505E1,1.230330085890E0,6.975985022474E0));
#4600=LINE('',#4599,#4598);
#4601=DIRECTION('',(0.E0,-7.071067811868E-1,-7.071067811863E-1));
#4602=VECTOR('',#4601,1.5E-1);
#4603=CARTESIAN_POINT('',(-1.0505E1,7.560660171780E-1,7.450249091186E0));
#4604=LINE('',#4603,#4602);
#4605=DIRECTION('',(0.E0,7.071067811866E-1,-7.071067811865E-1));
#4606=VECTOR('',#4605,6.707106781184E-1);
#4607=CARTESIAN_POINT('',(-1.0505E1,6.5E-1,7.344183074008E0));
#4608=LINE('',#4607,#4606);
#4609=CARTESIAN_POINT('',(-1.0505E1,7.E-1,6.445654936584E0));
#4610=DIRECTION('',(-1.E0,0.E0,0.E0));
#4611=DIRECTION('',(0.E0,7.071067811852E-1,7.071067811879E-1));
#4612=AXIS2_PLACEMENT_3D('',#4609,#4610,#4611);
#4614=DIRECTION('',(0.E0,-4.999999999998E-1,-8.660254037845E-1));
#4615=VECTOR('',#4614,3.994845223865E-1);
#4616=CARTESIAN_POINT('',(-1.0505E1,1.219615242270E0,6.145654936584E0));
#4617=LINE('',#4616,#4615);
#4618=CARTESIAN_POINT('',(-1.0505E1,5.35E0,3.299691191779E0));
#4619=DIRECTION('',(1.E0,0.E0,0.E0));
#4620=DIRECTION('',(0.E0,-8.660254037848E-1,4.999999999994E-1));
#4621=AXIS2_PLACEMENT_3D('',#4618,#4619,#4620);
#4623=DIRECTION('',(-1.E0,-1.631076226464E-12,-3.449938747378E-12));
#4624=VECTOR('',#4623,7.E-1);
#4625=CARTESIAN_POINT('',(-9.805E0,1.149776791646E0,5.724691191780E0));
#4626=LINE('',#4625,#4624);
#4627=DIRECTION('',(1.E0,0.E0,0.E0));
#4628=VECTOR('',#4627,7.E-1);
#4629=CARTESIAN_POINT('',(-1.0505E1,5.041382209818E-1,3.5E0));
#4630=LINE('',#4629,#4628);
#4631=CARTESIAN_POINT('',(-9.805E0,5.35E0,3.299691191779E0));
#4632=DIRECTION('',(-1.E0,0.E0,0.E0));
#4633=DIRECTION('',(0.E0,-9.991972053874E-1,4.006176164420E-2));
#4634=AXIS2_PLACEMENT_3D('',#4631,#4632,#4633);
#4636=DIRECTION('',(0.E0,4.999999999999E-1,8.660254037845E-1));
#4637=VECTOR('',#4636,3.994845223859E-1);
#4638=CARTESIAN_POINT('',(-9.805E0,1.019872981077E0,5.799691191779E0));
#4639=LINE('',#4638,#4637);
#4640=CARTESIAN_POINT('',(-9.805E0,7.E-1,6.445654936584E0));
#4641=DIRECTION('',(1.E0,0.E0,0.E0));
#4642=DIRECTION('',(0.E0,8.660254037826E-1,-5.000000000032E-1));
#4643=AXIS2_PLACEMENT_3D('',#4640,#4641,#4642);
#4645=DIRECTION('',(0.E0,-7.071067811865E-1,7.071067811865E-1));
#4646=VECTOR('',#4645,6.707106781185E-1);
#4647=CARTESIAN_POINT('',(-9.805E0,1.124264068712E0,6.869919005296E0));
#4648=LINE('',#4647,#4646);
#4649=DIRECTION('',(0.E0,7.071067811868E-1,7.071067811863E-1));
#4650=VECTOR('',#4649,1.5E-1);
#4651=CARTESIAN_POINT('',(-9.805E0,6.5E-1,7.344183074008E0));
#4652=LINE('',#4651,#4650);
#4653=DIRECTION('',(0.E0,7.071067811866E-1,-7.071067811865E-1));
#4654=VECTOR('',#4653,6.707106781183E-1);
#4655=CARTESIAN_POINT('',(-9.805E0,7.560660171780E-1,7.450249091186E0));
#4656=LINE('',#4655,#4654);
#4657=CARTESIAN_POINT('',(-9.805E0,7.E-1,6.445654936584E0));
#4658=DIRECTION('',(-1.E0,0.E0,0.E0));
#4659=DIRECTION('',(0.E0,7.071067811853E-1,7.071067811878E-1));
#4660=AXIS2_PLACEMENT_3D('',#4657,#4658,#4659);
#4662=DIRECTION('',(0.E0,-4.999999999998E-1,-8.660254037846E-1));
#4663=VECTOR('',#4662,3.994845223855E-1);
#4664=CARTESIAN_POINT('',(-9.805E0,1.349519052839E0,6.070654936585E0));
#4665=LINE('',#4664,#4663);
#4666=CARTESIAN_POINT('',(-9.805E0,5.35E0,3.299691191779E0));
#4667=DIRECTION('',(1.E0,0.E0,0.E0));
#4668=DIRECTION('',(0.E0,-8.660254037842E-1,5.000000000005E-1));
#4669=AXIS2_PLACEMENT_3D('',#4666,#4667,#4668);
#4671=DIRECTION('',(-1.E0,0.E0,0.E0));
#4672=VECTOR('',#4671,7.E-1);
#4673=CARTESIAN_POINT('',(-9.805E0,3.540139730630E-1,3.5E0));
#4674=LINE('',#4673,#4672);
#4675=DIRECTION('',(1.E0,3.080075876889E-13,6.471014200672E-13));
#4676=VECTOR('',#4675,7.E-1);
#4677=CARTESIAN_POINT('',(-1.0505E1,1.019872981077E0,5.799691191778E0));
#4678=LINE('',#4677,#4676);
#4679=DIRECTION('',(1.E0,1.040437577363E-13,-1.370332418966E-13));
#4680=VECTOR('',#4679,7.E-1);
#4681=CARTESIAN_POINT('',(-1.0505E1,1.124264068712E0,6.869919005296E0));
#4682=LINE('',#4681,#4680);
#4683=DIRECTION('',(-1.E0,3.552713678800E-14,8.374253671458E-14));
#4684=VECTOR('',#4683,7.E-1);
#4685=CARTESIAN_POINT('',(-9.805E0,1.219615242270E0,6.145654936583E0));
#4686=LINE('',#4685,#4684);
#4687=DIRECTION('',(1.E0,2.696255916947E-14,0.E0));
#4688=VECTOR('',#4687,7.E-1);
#4689=CARTESIAN_POINT('',(-1.0505E1,6.5E-1,7.344183074008E0));
#4690=LINE('',#4689,#4688);
#4691=DIRECTION('',(1.E0,0.E0,-2.918300521872E-14));
#4692=VECTOR('',#4691,7.E-1);
#4693=CARTESIAN_POINT('',(-1.0505E1,7.560660171780E-1,7.450249091186E0));
#4694=LINE('',#4693,#4692);
#4695=DIRECTION('',(1.E0,9.655768248454E-13,2.329565112242E-12));
#4696=VECTOR('',#4695,7.E-1);
#4697=CARTESIAN_POINT('',(-1.0505E1,1.349519052838E0,6.070654936583E0));
#4698=LINE('',#4697,#4696);
#4699=DIRECTION('',(-1.E0,1.053125840502E-13,-1.370332418966E-13));
#4700=VECTOR('',#4699,7.E-1);
#4701=CARTESIAN_POINT('',(-9.805E0,1.230330085890E0,6.975985022474E0));
#4702=LINE('',#4701,#4700);
#4703=DIRECTION('',(0.E0,1.E0,0.E0));
#4704=VECTOR('',#4703,8.5E-1);
#4705=CARTESIAN_POINT('',(-9.705E0,0.E0,3.5E0));
#4706=LINE('',#4705,#4704);
#4707=DIRECTION('',(0.E0,-1.E0,0.E0));
#4708=VECTOR('',#4707,6.E-1);
#4709=CARTESIAN_POINT('',(-1.0605E1,8.5E-1,7.7E0));
#4710=LINE('',#4709,#4708);
#4711=DIRECTION('',(0.E0,1.E0,0.E0));
#4712=VECTOR('',#4711,8.5E-1);
#4713=CARTESIAN_POINT('',(-9.705E0,0.E0,7.7E0));
#4714=LINE('',#4713,#4712);
#4715=DIRECTION('',(0.E0,-1.E0,0.E0));
#4716=VECTOR('',#4715,6.E-1);
#4717=CARTESIAN_POINT('',(-6.775E0,8.5E-1,8.E0));
#4718=LINE('',#4717,#4716);
#4719=DIRECTION('',(0.E0,0.E0,-1.E0));
#4720=VECTOR('',#4719,5.7E0);
#4721=CARTESIAN_POINT('',(-6.775E0,8.5E-1,8.E0));
#4722=LINE('',#4721,#4720);
#4723=DIRECTION('',(1.E0,0.E0,0.E0));
#4724=VECTOR('',#4723,1.5E0);
#4725=CARTESIAN_POINT('',(-6.775E0,8.5E-1,2.3E0));
#4726=LINE('',#4725,#4724);
#4727=DIRECTION('',(0.E0,0.E0,1.E0));
#4728=VECTOR('',#4727,5.7E0);
#4729=CARTESIAN_POINT('',(-5.275E0,8.5E-1,2.3E0));
#4730=LINE('',#4729,#4728);
#4731=DIRECTION('',(-1.E0,0.E0,0.E0));
#4732=VECTOR('',#4731,1.5E0);
#4733=CARTESIAN_POINT('',(-5.275E0,8.5E-1,8.E0));
#4734=LINE('',#4733,#4732);
#4735=DIRECTION('',(0.E0,0.E0,1.E0));
#4736=VECTOR('',#4735,4.2E0);
#4737=CARTESIAN_POINT('',(-6.475E0,8.5E-1,3.5E0));
#4738=LINE('',#4737,#4736);
#4739=DIRECTION('',(1.E0,0.E0,0.E0));
#4740=VECTOR('',#4739,9.E-1);
#4741=CARTESIAN_POINT('',(-6.475E0,8.5E-1,7.7E0));
#4742=LINE('',#4741,#4740);
#4743=DIRECTION('',(0.E0,0.E0,-1.E0));
#4744=VECTOR('',#4743,4.2E0);
#4745=CARTESIAN_POINT('',(-5.575E0,8.5E-1,7.7E0));
#4746=LINE('',#4745,#4744);
#4747=DIRECTION('',(-1.E0,0.E0,0.E0));
#4748=VECTOR('',#4747,9.E-1);
#4749=CARTESIAN_POINT('',(-5.575E0,8.5E-1,3.5E0));
#4750=LINE('',#4749,#4748);
#4751=DIRECTION('',(0.E0,-1.E0,0.E0));
#4752=VECTOR('',#4751,6.E-1);
#4753=CARTESIAN_POINT('',(-5.275E0,8.5E-1,8.E0));
#4754=LINE('',#4753,#4752);
#4755=DIRECTION('',(0.E0,1.E0,0.E0));
#4756=VECTOR('',#4755,8.5E-1);
#4757=CARTESIAN_POINT('',(-6.475E0,0.E0,7.7E0));
#4758=LINE('',#4757,#4756);
#4759=DIRECTION('',(0.E0,-1.E0,0.E0));
#4760=VECTOR('',#4759,8.5E-1);
#4761=CARTESIAN_POINT('',(-6.475E0,8.5E-1,3.5E0));
#4762=LINE('',#4761,#4760);
#4763=DIRECTION('',(0.E0,1.E0,0.E0));
#4764=VECTOR('',#4763,8.5E-1);
#4765=CARTESIAN_POINT('',(-5.575E0,0.E0,7.7E0));
#4766=LINE('',#4765,#4764);
#4767=DIRECTION('',(0.E0,1.E0,0.E0));
#4768=VECTOR('',#4767,8.5E-1);
#4769=CARTESIAN_POINT('',(-5.575E0,0.E0,3.5E0));
#4770=LINE('',#4769,#4768);
#4771=DIRECTION('',(0.E0,-1.E0,3.076470221479E-13));
#4772=VECTOR('',#4771,1.501242479188E-1);
#4773=CARTESIAN_POINT('',(-6.375E0,5.041382209818E-1,3.5E0));
#4774=LINE('',#4773,#4772);
#4775=DIRECTION('',(0.E0,1.E0,-3.046888777042E-13));
#4776=VECTOR('',#4775,1.501242479188E-1);
#4777=CARTESIAN_POINT('',(-5.675E0,3.540139730630E-1,3.5E0));
#4778=LINE('',#4777,#4776);
#4779=CARTESIAN_POINT('',(-6.375E0,5.35E0,3.299691191779E0));
#4780=DIRECTION('',(-1.E0,0.E0,0.E0));
#4781=DIRECTION('',(0.E0,-9.991467585604E-1,4.130078520020E-2));
#4782=AXIS2_PLACEMENT_3D('',#4779,#4780,#4781);
#4784=DIRECTION('',(0.E0,4.999999999998E-1,8.660254037846E-1));
#4785=VECTOR('',#4784,3.994845223864E-1);
#4786=CARTESIAN_POINT('',(-6.375E0,1.149776791645E0,5.724691191778E0));
#4787=LINE('',#4786,#4785);
#4788=CARTESIAN_POINT('',(-6.375E0,7.E-1,6.445654936584E0));
#4789=DIRECTION('',(1.E0,0.E0,0.E0));
#4790=DIRECTION('',(0.E0,8.660254037823E-1,-5.000000000038E-1));
#4791=AXIS2_PLACEMENT_3D('',#4788,#4789,#4790);
#4793=DIRECTION('',(0.E0,-7.071067811866E-1,7.071067811865E-1));
#4794=VECTOR('',#4793,6.707106781184E-1);
#4795=CARTESIAN_POINT('',(-6.375E0,1.230330085890E0,6.975985022474E0));
#4796=LINE('',#4795,#4794);
#4797=DIRECTION('',(0.E0,-7.071067811868E-1,-7.071067811863E-1));
#4798=VECTOR('',#4797,1.5E-1);
#4799=CARTESIAN_POINT('',(-6.375E0,7.560660171780E-1,7.450249091186E0));
#4800=LINE('',#4799,#4798);
#4801=DIRECTION('',(0.E0,7.071067811866E-1,-7.071067811865E-1));
#4802=VECTOR('',#4801,6.707106781184E-1);
#4803=CARTESIAN_POINT('',(-6.375E0,6.5E-1,7.344183074008E0));
#4804=LINE('',#4803,#4802);
#4805=CARTESIAN_POINT('',(-6.375E0,7.E-1,6.445654936584E0));
#4806=DIRECTION('',(-1.E0,0.E0,0.E0));
#4807=DIRECTION('',(0.E0,7.071067811852E-1,7.071067811879E-1));
#4808=AXIS2_PLACEMENT_3D('',#4805,#4806,#4807);
#4810=DIRECTION('',(0.E0,-4.999999999998E-1,-8.660254037845E-1));
#4811=VECTOR('',#4810,3.994845223865E-1);
#4812=CARTESIAN_POINT('',(-6.375E0,1.219615242270E0,6.145654936584E0));
#4813=LINE('',#4812,#4811);
#4814=CARTESIAN_POINT('',(-6.375E0,5.35E0,3.299691191779E0));
#4815=DIRECTION('',(1.E0,0.E0,0.E0));
#4816=DIRECTION('',(0.E0,-8.660254037848E-1,4.999999999994E-1));
#4817=AXIS2_PLACEMENT_3D('',#4814,#4815,#4816);
#4819=DIRECTION('',(-1.E0,-1.631076226464E-12,-3.449938747378E-12));
#4820=VECTOR('',#4819,7.E-1);
#4821=CARTESIAN_POINT('',(-5.675E0,1.149776791646E0,5.724691191780E0));
#4822=LINE('',#4821,#4820);
#4823=DIRECTION('',(1.E0,0.E0,0.E0));
#4824=VECTOR('',#4823,7.E-1);
#4825=CARTESIAN_POINT('',(-6.375E0,5.041382209818E-1,3.5E0));
#4826=LINE('',#4825,#4824);
#4827=CARTESIAN_POINT('',(-5.675E0,5.35E0,3.299691191779E0));
#4828=DIRECTION('',(-1.E0,0.E0,0.E0));
#4829=DIRECTION('',(0.E0,-9.991972053874E-1,4.006176164420E-2));
#4830=AXIS2_PLACEMENT_3D('',#4827,#4828,#4829);
#4832=DIRECTION('',(0.E0,4.999999999999E-1,8.660254037845E-1));
#4833=VECTOR('',#4832,3.994845223859E-1);
#4834=CARTESIAN_POINT('',(-5.675E0,1.019872981077E0,5.799691191779E0));
#4835=LINE('',#4834,#4833);
#4836=CARTESIAN_POINT('',(-5.675E0,7.E-1,6.445654936584E0));
#4837=DIRECTION('',(1.E0,0.E0,0.E0));
#4838=DIRECTION('',(0.E0,8.660254037826E-1,-5.000000000032E-1));
#4839=AXIS2_PLACEMENT_3D('',#4836,#4837,#4838);
#4841=DIRECTION('',(0.E0,-7.071067811865E-1,7.071067811865E-1));
#4842=VECTOR('',#4841,6.707106781185E-1);
#4843=CARTESIAN_POINT('',(-5.675E0,1.124264068712E0,6.869919005296E0));
#4844=LINE('',#4843,#4842);
#4845=DIRECTION('',(0.E0,7.071067811868E-1,7.071067811863E-1));
#4846=VECTOR('',#4845,1.5E-1);
#4847=CARTESIAN_POINT('',(-5.675E0,6.5E-1,7.344183074008E0));
#4848=LINE('',#4847,#4846);
#4849=DIRECTION('',(0.E0,7.071067811866E-1,-7.071067811865E-1));
#4850=VECTOR('',#4849,6.707106781183E-1);
#4851=CARTESIAN_POINT('',(-5.675E0,7.560660171780E-1,7.450249091186E0));
#4852=LINE('',#4851,#4850);
#4853=CARTESIAN_POINT('',(-5.675E0,7.E-1,6.445654936584E0));
#4854=DIRECTION('',(-1.E0,0.E0,0.E0));
#4855=DIRECTION('',(0.E0,7.071067811853E-1,7.071067811878E-1));
#4856=AXIS2_PLACEMENT_3D('',#4853,#4854,#4855);
#4858=DIRECTION('',(0.E0,-4.999999999998E-1,-8.660254037846E-1));
#4859=VECTOR('',#4858,3.994845223855E-1);
#4860=CARTESIAN_POINT('',(-5.675E0,1.349519052839E0,6.070654936585E0));
#4861=LINE('',#4860,#4859);
#4862=CARTESIAN_POINT('',(-5.675E0,5.35E0,3.299691191779E0));
#4863=DIRECTION('',(1.E0,0.E0,0.E0));
#4864=DIRECTION('',(0.E0,-8.660254037842E-1,5.000000000005E-1));
#4865=AXIS2_PLACEMENT_3D('',#4862,#4863,#4864);
#4867=DIRECTION('',(-1.E0,0.E0,0.E0));
#4868=VECTOR('',#4867,7.E-1);
#4869=CARTESIAN_POINT('',(-5.675E0,3.540139730630E-1,3.5E0));
#4870=LINE('',#4869,#4868);
#4871=DIRECTION('',(1.E0,3.080075876889E-13,6.471014200672E-13));
#4872=VECTOR('',#4871,7.E-1);
#4873=CARTESIAN_POINT('',(-6.375E0,1.019872981077E0,5.799691191778E0));
#4874=LINE('',#4873,#4872);
#4875=DIRECTION('',(1.E0,1.043609643148E-13,-1.370332418966E-13));
#4876=VECTOR('',#4875,7.E-1);
#4877=CARTESIAN_POINT('',(-6.375E0,1.124264068712E0,6.869919005296E0));
#4878=LINE('',#4877,#4876);
#4879=DIRECTION('',(-1.E0,3.552713678800E-14,8.374253671458E-14));
#4880=VECTOR('',#4879,7.E-1);
#4881=CARTESIAN_POINT('',(-5.675E0,1.219615242270E0,6.145654936583E0));
#4882=LINE('',#4881,#4880);
#4883=DIRECTION('',(1.E0,2.696255916947E-14,0.E0));
#4884=VECTOR('',#4883,7.E-1);
#4885=CARTESIAN_POINT('',(-6.375E0,6.5E-1,7.344183074008E0));
#4886=LINE('',#4885,#4884);
#4887=DIRECTION('',(1.E0,0.E0,-2.918300521872E-14));
#4888=VECTOR('',#4887,7.E-1);
#4889=CARTESIAN_POINT('',(-6.375E0,7.560660171780E-1,7.450249091186E0));
#4890=LINE('',#4889,#4888);
#4891=DIRECTION('',(1.E0,9.655768248454E-13,2.329565112242E-12));
#4892=VECTOR('',#4891,7.E-1);
#4893=CARTESIAN_POINT('',(-6.375E0,1.349519052838E0,6.070654936583E0));
#4894=LINE('',#4893,#4892);
#4895=DIRECTION('',(-1.E0,1.053125840502E-13,-1.370332418966E-13));
#4896=VECTOR('',#4895,7.E-1);
#4897=CARTESIAN_POINT('',(-5.675E0,1.230330085890E0,6.975985022474E0));
#4898=LINE('',#4897,#4896);
#4899=DIRECTION('',(0.E0,-1.E0,0.E0));
#4900=VECTOR('',#4899,6.E-1);
#4901=CARTESIAN_POINT('',(-4.275E0,8.5E-1,8.E0));
#4902=LINE('',#4901,#4900);
#4903=DIRECTION('',(0.E0,0.E0,-1.E0));
#4904=VECTOR('',#4903,5.7E0);
#4905=CARTESIAN_POINT('',(-4.275E0,8.5E-1,8.E0));
#4906=LINE('',#4905,#4904);
#4907=DIRECTION('',(1.E0,0.E0,0.E0));
#4908=VECTOR('',#4907,1.5E0);
#4909=CARTESIAN_POINT('',(-4.275E0,8.5E-1,2.3E0));
#4910=LINE('',#4909,#4908);
#4911=DIRECTION('',(0.E0,0.E0,1.E0));
#4912=VECTOR('',#4911,5.7E0);
#4913=CARTESIAN_POINT('',(-2.775E0,8.5E-1,2.3E0));
#4914=LINE('',#4913,#4912);
#4915=DIRECTION('',(-1.E0,0.E0,0.E0));
#4916=VECTOR('',#4915,1.5E0);
#4917=CARTESIAN_POINT('',(-2.775E0,8.5E-1,8.E0));
#4918=LINE('',#4917,#4916);
#4919=DIRECTION('',(0.E0,0.E0,1.E0));
#4920=VECTOR('',#4919,4.2E0);
#4921=CARTESIAN_POINT('',(-3.975E0,8.5E-1,3.5E0));
#4922=LINE('',#4921,#4920);
#4923=DIRECTION('',(1.E0,0.E0,0.E0));
#4924=VECTOR('',#4923,9.E-1);
#4925=CARTESIAN_POINT('',(-3.975E0,8.5E-1,7.7E0));
#4926=LINE('',#4925,#4924);
#4927=DIRECTION('',(0.E0,0.E0,-1.E0));
#4928=VECTOR('',#4927,4.2E0);
#4929=CARTESIAN_POINT('',(-3.075E0,8.5E-1,7.7E0));
#4930=LINE('',#4929,#4928);
#4931=DIRECTION('',(-1.E0,0.E0,0.E0));
#4932=VECTOR('',#4931,9.E-1);
#4933=CARTESIAN_POINT('',(-3.075E0,8.5E-1,3.5E0));
#4934=LINE('',#4933,#4932);
#4935=DIRECTION('',(0.E0,-1.E0,0.E0));
#4936=VECTOR('',#4935,6.E-1);
#4937=CARTESIAN_POINT('',(-2.775E0,8.5E-1,8.E0));
#4938=LINE('',#4937,#4936);
#4939=DIRECTION('',(0.E0,1.E0,0.E0));
#4940=VECTOR('',#4939,8.5E-1);
#4941=CARTESIAN_POINT('',(-3.975E0,0.E0,7.7E0));
#4942=LINE('',#4941,#4940);
#4943=DIRECTION('',(0.E0,-1.E0,0.E0));
#4944=VECTOR('',#4943,8.5E-1);
#4945=CARTESIAN_POINT('',(-3.975E0,8.5E-1,3.5E0));
#4946=LINE('',#4945,#4944);
#4947=DIRECTION('',(0.E0,1.E0,0.E0));
#4948=VECTOR('',#4947,8.5E-1);
#4949=CARTESIAN_POINT('',(-3.075E0,0.E0,7.7E0));
#4950=LINE('',#4949,#4948);
#4951=DIRECTION('',(0.E0,1.E0,0.E0));
#4952=VECTOR('',#4951,8.5E-1);
#4953=CARTESIAN_POINT('',(-3.075E0,0.E0,3.5E0));
#4954=LINE('',#4953,#4952);
#4955=DIRECTION('',(0.E0,-1.E0,3.076470221479E-13));
#4956=VECTOR('',#4955,1.501242479188E-1);
#4957=CARTESIAN_POINT('',(-3.875E0,5.041382209818E-1,3.5E0));
#4958=LINE('',#4957,#4956);
#4959=DIRECTION('',(0.E0,1.E0,-3.046888777042E-13));
#4960=VECTOR('',#4959,1.501242479188E-1);
#4961=CARTESIAN_POINT('',(-3.175E0,3.540139730630E-1,3.5E0));
#4962=LINE('',#4961,#4960);
#4963=CARTESIAN_POINT('',(-3.875E0,5.35E0,3.299691191779E0));
#4964=DIRECTION('',(-1.E0,0.E0,0.E0));
#4965=DIRECTION('',(0.E0,-9.991467585604E-1,4.130078520020E-2));
#4966=AXIS2_PLACEMENT_3D('',#4963,#4964,#4965);
#4968=DIRECTION('',(0.E0,4.999999999998E-1,8.660254037846E-1));
#4969=VECTOR('',#4968,3.994845223864E-1);
#4970=CARTESIAN_POINT('',(-3.875E0,1.149776791645E0,5.724691191778E0));
#4971=LINE('',#4970,#4969);
#4972=CARTESIAN_POINT('',(-3.875E0,7.E-1,6.445654936584E0));
#4973=DIRECTION('',(1.E0,0.E0,0.E0));
#4974=DIRECTION('',(0.E0,8.660254037823E-1,-5.000000000038E-1));
#4975=AXIS2_PLACEMENT_3D('',#4972,#4973,#4974);
#4977=DIRECTION('',(0.E0,-7.071067811866E-1,7.071067811865E-1));
#4978=VECTOR('',#4977,6.707106781184E-1);
#4979=CARTESIAN_POINT('',(-3.875E0,1.230330085890E0,6.975985022474E0));
#4980=LINE('',#4979,#4978);
#4981=DIRECTION('',(0.E0,-7.071067811868E-1,-7.071067811863E-1));
#4982=VECTOR('',#4981,1.5E-1);
#4983=CARTESIAN_POINT('',(-3.875E0,7.560660171780E-1,7.450249091186E0));
#4984=LINE('',#4983,#4982);
#4985=DIRECTION('',(0.E0,7.071067811866E-1,-7.071067811865E-1));
#4986=VECTOR('',#4985,6.707106781184E-1);
#4987=CARTESIAN_POINT('',(-3.875E0,6.499999999999E-1,7.344183074008E0));
#4988=LINE('',#4987,#4986);
#4989=CARTESIAN_POINT('',(-3.875E0,7.E-1,6.445654936584E0));
#4990=DIRECTION('',(-1.E0,0.E0,0.E0));
#4991=DIRECTION('',(0.E0,7.071067811852E-1,7.071067811879E-1));
#4992=AXIS2_PLACEMENT_3D('',#4989,#4990,#4991);
#4994=DIRECTION('',(0.E0,-4.999999999998E-1,-8.660254037845E-1));
#4995=VECTOR('',#4994,3.994845223865E-1);
#4996=CARTESIAN_POINT('',(-3.875E0,1.219615242270E0,6.145654936584E0));
#4997=LINE('',#4996,#4995);
#4998=CARTESIAN_POINT('',(-3.875E0,5.35E0,3.299691191779E0));
#4999=DIRECTION('',(1.E0,0.E0,0.E0));
#5000=DIRECTION('',(0.E0,-8.660254037848E-1,4.999999999994E-1));
#5001=AXIS2_PLACEMENT_3D('',#4998,#4999,#5000);
#5003=DIRECTION('',(-1.E0,-1.631076226464E-12,-3.449938747378E-12));
#5004=VECTOR('',#5003,7.E-1);
#5005=CARTESIAN_POINT('',(-3.175E0,1.149776791646E0,5.724691191780E0));
#5006=LINE('',#5005,#5004);
#5007=DIRECTION('',(1.E0,0.E0,0.E0));
#5008=VECTOR('',#5007,7.E-1);
#5009=CARTESIAN_POINT('',(-3.875E0,5.041382209818E-1,3.5E0));
#5010=LINE('',#5009,#5008);
#5011=CARTESIAN_POINT('',(-3.175E0,5.35E0,3.299691191779E0));
#5012=DIRECTION('',(-1.E0,0.E0,0.E0));
#5013=DIRECTION('',(0.E0,-9.991972053874E-1,4.006176164420E-2));
#5014=AXIS2_PLACEMENT_3D('',#5011,#5012,#5013);
#5016=DIRECTION('',(0.E0,4.999999999999E-1,8.660254037845E-1));
#5017=VECTOR('',#5016,3.994845223859E-1);
#5018=CARTESIAN_POINT('',(-3.175E0,1.019872981077E0,5.799691191779E0));
#5019=LINE('',#5018,#5017);
#5020=CARTESIAN_POINT('',(-3.175E0,7.E-1,6.445654936584E0));
#5021=DIRECTION('',(1.E0,0.E0,0.E0));
#5022=DIRECTION('',(0.E0,8.660254037826E-1,-5.000000000032E-1));
#5023=AXIS2_PLACEMENT_3D('',#5020,#5021,#5022);
#5025=DIRECTION('',(0.E0,-7.071067811865E-1,7.071067811865E-1));
#5026=VECTOR('',#5025,6.707106781185E-1);
#5027=CARTESIAN_POINT('',(-3.175E0,1.124264068712E0,6.869919005296E0));
#5028=LINE('',#5027,#5026);
#5029=DIRECTION('',(0.E0,7.071067811868E-1,7.071067811863E-1));
#5030=VECTOR('',#5029,1.5E-1);
#5031=CARTESIAN_POINT('',(-3.175E0,6.5E-1,7.344183074008E0));
#5032=LINE('',#5031,#5030);
#5033=DIRECTION('',(0.E0,7.071067811866E-1,-7.071067811865E-1));
#5034=VECTOR('',#5033,6.707106781183E-1);
#5035=CARTESIAN_POINT('',(-3.175E0,7.560660171780E-1,7.450249091186E0));
#5036=LINE('',#5035,#5034);
#5037=CARTESIAN_POINT('',(-3.175E0,7.E-1,6.445654936584E0));
#5038=DIRECTION('',(-1.E0,0.E0,0.E0));
#5039=DIRECTION('',(0.E0,7.071067811853E-1,7.071067811878E-1));
#5040=AXIS2_PLACEMENT_3D('',#5037,#5038,#5039);
#5042=DIRECTION('',(0.E0,-4.999999999998E-1,-8.660254037846E-1));
#5043=VECTOR('',#5042,3.994845223855E-1);
#5044=CARTESIAN_POINT('',(-3.175E0,1.349519052839E0,6.070654936585E0));
#5045=LINE('',#5044,#5043);
#5046=CARTESIAN_POINT('',(-3.175E0,5.35E0,3.299691191779E0));
#5047=DIRECTION('',(1.E0,0.E0,0.E0));
#5048=DIRECTION('',(0.E0,-8.660254037842E-1,5.000000000005E-1));
#5049=AXIS2_PLACEMENT_3D('',#5046,#5047,#5048);
#5051=DIRECTION('',(-1.E0,0.E0,0.E0));
#5052=VECTOR('',#5051,7.E-1);
#5053=CARTESIAN_POINT('',(-3.175E0,3.540139730630E-1,3.5E0));
#5054=LINE('',#5053,#5052);
#5055=DIRECTION('',(1.E0,3.080075876889E-13,6.471014200672E-13));
#5056=VECTOR('',#5055,7.E-1);
#5057=CARTESIAN_POINT('',(-3.875E0,1.019872981077E0,5.799691191778E0));
#5058=LINE('',#5057,#5056);
#5059=DIRECTION('',(1.E0,1.046781708932E-13,-1.370332418966E-13));
#5060=VECTOR('',#5059,7.E-1);
#5061=CARTESIAN_POINT('',(-3.875E0,1.124264068712E0,6.869919005296E0));
#5062=LINE('',#5061,#5060);
#5063=DIRECTION('',(-1.E0,3.552713678801E-14,8.374253671458E-14));
#5064=VECTOR('',#5063,7.E-1);
#5065=CARTESIAN_POINT('',(-3.175E0,1.219615242270E0,6.145654936583E0));
#5066=LINE('',#5065,#5064);
#5067=DIRECTION('',(1.E0,2.680395588024E-14,0.E0));
#5068=VECTOR('',#5067,7.E-1);
#5069=CARTESIAN_POINT('',(-3.875E0,6.499999999999E-1,7.344183074008E0));
#5070=LINE('',#5069,#5068);
#5071=DIRECTION('',(1.E0,0.E0,-2.918300521872E-14));
#5072=VECTOR('',#5071,7.E-1);
#5073=CARTESIAN_POINT('',(-3.875E0,7.560660171780E-1,7.450249091186E0));
#5074=LINE('',#5073,#5072);
#5075=DIRECTION('',(1.E0,9.655768248454E-13,2.329565112242E-12));
#5076=VECTOR('',#5075,7.E-1);
#5077=CARTESIAN_POINT('',(-3.875E0,1.349519052838E0,6.070654936583E0));
#5078=LINE('',#5077,#5076);
#5079=DIRECTION('',(-1.E0,1.053125840502E-13,-1.370332418966E-13));
#5080=VECTOR('',#5079,7.E-1);
#5081=CARTESIAN_POINT('',(-3.175E0,1.230330085890E0,6.975985022474E0));
#5082=LINE('',#5081,#5080);
#5083=DIRECTION('',(0.E0,-1.E0,0.E0));
#5084=VECTOR('',#5083,6.E-1);
#5085=CARTESIAN_POINT('',(-1.775E0,8.5E-1,8.E0));
#5086=LINE('',#5085,#5084);
#5087=DIRECTION('',(0.E0,0.E0,-1.E0));
#5088=VECTOR('',#5087,5.7E0);
#5089=CARTESIAN_POINT('',(-1.775E0,8.5E-1,8.E0));
#5090=LINE('',#5089,#5088);
#5091=DIRECTION('',(1.E0,0.E0,0.E0));
#5092=VECTOR('',#5091,1.5E0);
#5093=CARTESIAN_POINT('',(-1.775E0,8.5E-1,2.3E0));
#5094=LINE('',#5093,#5092);
#5095=DIRECTION('',(0.E0,0.E0,1.E0));
#5096=VECTOR('',#5095,5.7E0);
#5097=CARTESIAN_POINT('',(-2.75E-1,8.5E-1,2.3E0));
#5098=LINE('',#5097,#5096);
#5099=DIRECTION('',(-1.E0,0.E0,0.E0));
#5100=VECTOR('',#5099,1.5E0);
#5101=CARTESIAN_POINT('',(-2.75E-1,8.5E-1,8.E0));
#5102=LINE('',#5101,#5100);
#5103=DIRECTION('',(0.E0,-1.E0,0.E0));
#5104=VECTOR('',#5103,6.E-1);
#5105=CARTESIAN_POINT('',(-2.75E-1,8.5E-1,8.E0));
#5106=LINE('',#5105,#5104);
#5107=DIRECTION('',(0.E0,1.E0,0.E0));
#5108=VECTOR('',#5107,8.5E-1);
#5109=CARTESIAN_POINT('',(-1.475E0,0.E0,7.7E0));
#5110=LINE('',#5109,#5108);
#5111=DIRECTION('',(0.E0,0.E0,-1.E0));
#5112=VECTOR('',#5111,4.2E0);
#5113=CARTESIAN_POINT('',(-1.475E0,8.5E-1,7.7E0));
#5114=LINE('',#5113,#5112);
#5115=DIRECTION('',(0.E0,-1.E0,0.E0));
#5116=VECTOR('',#5115,8.5E-1);
#5117=CARTESIAN_POINT('',(-1.475E0,8.5E-1,3.5E0));
#5118=LINE('',#5117,#5116);
#5119=DIRECTION('',(0.E0,1.E0,0.E0));
#5120=VECTOR('',#5119,8.5E-1);
#5121=CARTESIAN_POINT('',(-5.75E-1,0.E0,7.7E0));
#5122=LINE('',#5121,#5120);
#5123=DIRECTION('',(-1.E0,0.E0,0.E0));
#5124=VECTOR('',#5123,9.E-1);
#5125=CARTESIAN_POINT('',(-5.75E-1,8.5E-1,7.7E0));
#5126=LINE('',#5125,#5124);
#5127=DIRECTION('',(0.E0,1.E0,0.E0));
#5128=VECTOR('',#5127,8.5E-1);
#5129=CARTESIAN_POINT('',(-5.75E-1,0.E0,3.5E0));
#5130=LINE('',#5129,#5128);
#5131=DIRECTION('',(0.E0,0.E0,1.E0));
#5132=VECTOR('',#5131,4.2E0);
#5133=CARTESIAN_POINT('',(-5.75E-1,8.5E-1,3.5E0));
#5134=LINE('',#5133,#5132);
#5135=DIRECTION('',(1.E0,0.E0,0.E0));
#5136=VECTOR('',#5135,9.E-1);
#5137=CARTESIAN_POINT('',(-1.475E0,8.5E-1,3.5E0));
#5138=LINE('',#5137,#5136);
#5139=DIRECTION('',(0.E0,-1.E0,3.076470221479E-13));
#5140=VECTOR('',#5139,1.501242479188E-1);
#5141=CARTESIAN_POINT('',(-1.375E0,5.041382209818E-1,3.5E0));
#5142=LINE('',#5141,#5140);
#5143=DIRECTION('',(0.E0,1.E0,-3.046888777042E-13));
#5144=VECTOR('',#5143,1.501242479188E-1);
#5145=CARTESIAN_POINT('',(-6.75E-1,3.540139730630E-1,3.5E0));
#5146=LINE('',#5145,#5144);
#5147=CARTESIAN_POINT('',(-1.375E0,5.35E0,3.299691191779E0));
#5148=DIRECTION('',(-1.E0,0.E0,0.E0));
#5149=DIRECTION('',(0.E0,-9.991467585604E-1,4.130078520020E-2));
#5150=AXIS2_PLACEMENT_3D('',#5147,#5148,#5149);
#5152=DIRECTION('',(0.E0,4.999999999998E-1,8.660254037846E-1));
#5153=VECTOR('',#5152,3.994845223864E-1);
#5154=CARTESIAN_POINT('',(-1.375E0,1.149776791645E0,5.724691191778E0));
#5155=LINE('',#5154,#5153);
#5156=CARTESIAN_POINT('',(-1.375E0,7.E-1,6.445654936584E0));
#5157=DIRECTION('',(1.E0,0.E0,0.E0));
#5158=DIRECTION('',(0.E0,8.660254037823E-1,-5.000000000038E-1));
#5159=AXIS2_PLACEMENT_3D('',#5156,#5157,#5158);
#5161=DIRECTION('',(0.E0,-7.071067811866E-1,7.071067811865E-1));
#5162=VECTOR('',#5161,6.707106781184E-1);
#5163=CARTESIAN_POINT('',(-1.375E0,1.230330085890E0,6.975985022474E0));
#5164=LINE('',#5163,#5162);
#5165=DIRECTION('',(0.E0,-7.071067811868E-1,-7.071067811863E-1));
#5166=VECTOR('',#5165,1.5E-1);
#5167=CARTESIAN_POINT('',(-1.375E0,7.560660171780E-1,7.450249091186E0));
#5168=LINE('',#5167,#5166);
#5169=DIRECTION('',(0.E0,7.071067811866E-1,-7.071067811865E-1));
#5170=VECTOR('',#5169,6.707106781184E-1);
#5171=CARTESIAN_POINT('',(-1.375E0,6.5E-1,7.344183074008E0));
#5172=LINE('',#5171,#5170);
#5173=CARTESIAN_POINT('',(-1.375E0,7.E-1,6.445654936584E0));
#5174=DIRECTION('',(-1.E0,0.E0,0.E0));
#5175=DIRECTION('',(0.E0,7.071067811852E-1,7.071067811879E-1));
#5176=AXIS2_PLACEMENT_3D('',#5173,#5174,#5175);
#5178=DIRECTION('',(0.E0,-4.999999999998E-1,-8.660254037845E-1));
#5179=VECTOR('',#5178,3.994845223865E-1);
#5180=CARTESIAN_POINT('',(-1.375E0,1.219615242270E0,6.145654936584E0));
#5181=LINE('',#5180,#5179);
#5182=CARTESIAN_POINT('',(-1.375E0,5.35E0,3.299691191779E0));
#5183=DIRECTION('',(1.E0,0.E0,0.E0));
#5184=DIRECTION('',(0.E0,-8.660254037848E-1,4.999999999994E-1));
#5185=AXIS2_PLACEMENT_3D('',#5182,#5183,#5184);
#5187=DIRECTION('',(-1.E0,-1.630759019885E-12,-3.447401094750E-12));
#5188=VECTOR('',#5187,7.E-1);
#5189=CARTESIAN_POINT('',(-6.75E-1,1.149776791646E0,5.724691191780E0));
#5190=LINE('',#5189,#5188);
#5191=DIRECTION('',(1.E0,0.E0,0.E0));
#5192=VECTOR('',#5191,7.E-1);
#5193=CARTESIAN_POINT('',(-1.375E0,5.041382209818E-1,3.5E0));
#5194=LINE('',#5193,#5192);
#5195=CARTESIAN_POINT('',(-6.75E-1,5.35E0,3.299691191779E0));
#5196=DIRECTION('',(-1.E0,0.E0,0.E0));
#5197=DIRECTION('',(0.E0,-9.991972053874E-1,4.006176164420E-2));
#5198=AXIS2_PLACEMENT_3D('',#5195,#5196,#5197);
#5200=DIRECTION('',(0.E0,4.999999999999E-1,8.660254037845E-1));
#5201=VECTOR('',#5200,3.994845223859E-1);
#5202=CARTESIAN_POINT('',(-6.75E-1,1.019872981077E0,5.799691191779E0));
#5203=LINE('',#5202,#5201);
#5204=CARTESIAN_POINT('',(-6.75E-1,7.E-1,6.445654936584E0));
#5205=DIRECTION('',(1.E0,0.E0,0.E0));
#5206=DIRECTION('',(0.E0,8.660254037826E-1,-5.000000000032E-1));
#5207=AXIS2_PLACEMENT_3D('',#5204,#5205,#5206);
#5209=DIRECTION('',(0.E0,-7.071067811865E-1,7.071067811865E-1));
#5210=VECTOR('',#5209,6.707106781185E-1);
#5211=CARTESIAN_POINT('',(-6.75E-1,1.124264068712E0,6.869919005296E0));
#5212=LINE('',#5211,#5210);
#5213=DIRECTION('',(0.E0,7.071067811868E-1,7.071067811863E-1));
#5214=VECTOR('',#5213,1.5E-1);
#5215=CARTESIAN_POINT('',(-6.75E-1,6.5E-1,7.344183074008E0));
#5216=LINE('',#5215,#5214);
#5217=DIRECTION('',(0.E0,7.071067811866E-1,-7.071067811865E-1));
#5218=VECTOR('',#5217,6.707106781183E-1);
#5219=CARTESIAN_POINT('',(-6.75E-1,7.560660171780E-1,7.450249091186E0));
#5220=LINE('',#5219,#5218);
#5221=CARTESIAN_POINT('',(-6.75E-1,7.E-1,6.445654936584E0));
#5222=DIRECTION('',(-1.E0,0.E0,0.E0));
#5223=DIRECTION('',(0.E0,7.071067811853E-1,7.071067811878E-1));
#5224=AXIS2_PLACEMENT_3D('',#5221,#5222,#5223);
#5226=DIRECTION('',(0.E0,-4.999999999998E-1,-8.660254037846E-1));
#5227=VECTOR('',#5226,3.994845223855E-1);
#5228=CARTESIAN_POINT('',(-6.75E-1,1.349519052839E0,6.070654936585E0));
#5229=LINE('',#5228,#5227);
#5230=CARTESIAN_POINT('',(-6.75E-1,5.35E0,3.299691191779E0));
#5231=DIRECTION('',(1.E0,0.E0,0.E0));
#5232=DIRECTION('',(0.E0,-8.660254037842E-1,5.000000000005E-1));
#5233=AXIS2_PLACEMENT_3D('',#5230,#5231,#5232);
#5235=DIRECTION('',(-1.E0,0.E0,0.E0));
#5236=VECTOR('',#5235,7.E-1);
#5237=CARTESIAN_POINT('',(-6.75E-1,3.540139730630E-1,3.5E0));
#5238=LINE('',#5237,#5236);
#5239=DIRECTION('',(1.E0,3.080075876889E-13,6.471014200672E-13));
#5240=VECTOR('',#5239,7.E-1);
#5241=CARTESIAN_POINT('',(-1.375E0,1.019872981077E0,5.799691191778E0));
#5242=LINE('',#5241,#5240);
#5243=DIRECTION('',(1.E0,1.043609643148E-13,-1.370332418966E-13));
#5244=VECTOR('',#5243,7.E-1);
#5245=CARTESIAN_POINT('',(-1.375E0,1.124264068712E0,6.869919005296E0));
#5246=LINE('',#5245,#5244);
#5247=DIRECTION('',(-1.E0,3.552713678801E-14,8.374253671458E-14));
#5248=VECTOR('',#5247,7.E-1);
#5249=CARTESIAN_POINT('',(-6.75E-1,1.219615242270E0,6.145654936583E0));
#5250=LINE('',#5249,#5248);
#5251=DIRECTION('',(1.E0,2.696255916947E-14,0.E0));
#5252=VECTOR('',#5251,7.E-1);
#5253=CARTESIAN_POINT('',(-1.375E0,6.5E-1,7.344183074008E0));
#5254=LINE('',#5253,#5252);
#5255=DIRECTION('',(1.E0,0.E0,-2.918300521872E-14));
#5256=VECTOR('',#5255,7.E-1);
#5257=CARTESIAN_POINT('',(-1.375E0,7.560660171780E-1,7.450249091186E0));
#5258=LINE('',#5257,#5256);
#5259=DIRECTION('',(1.E0,9.655768248454E-13,2.329565112242E-12));
#5260=VECTOR('',#5259,7.E-1);
#5261=CARTESIAN_POINT('',(-1.375E0,1.349519052838E0,6.070654936583E0));
#5262=LINE('',#5261,#5260);
#5263=DIRECTION('',(-1.E0,1.053125840502E-13,-1.370332418966E-13));
#5264=VECTOR('',#5263,7.E-1);
#5265=CARTESIAN_POINT('',(-6.75E-1,1.230330085890E0,6.975985022474E0));
#5266=LINE('',#5265,#5264);
#5267=DIRECTION('',(0.E0,-1.E0,0.E0));
#5268=VECTOR('',#5267,6.E-1);
#5269=CARTESIAN_POINT('',(7.25E-1,8.5E-1,8.E0));
#5270=LINE('',#5269,#5268);
#5271=DIRECTION('',(0.E0,-8.217127526301E-14,1.E0));
#5272=VECTOR('',#5271,8.268783573041E-1);
#5273=CARTESIAN_POINT('',(8.25E-1,8.5E-1,2.3E0));
#5274=LINE('',#5273,#5272);
#5275=DIRECTION('',(1.E0,0.E0,-8.201986098846E-13));
#5276=VECTOR('',#5275,1.3E0);
#5277=CARTESIAN_POINT('',(8.25E-1,8.499999999999E-1,3.126878357304E0));
#5278=LINE('',#5277,#5276);
#5279=DIRECTION('',(0.E0,8.217127526312E-14,-1.E0));
#5280=VECTOR('',#5279,8.268783573030E-1);
#5281=CARTESIAN_POINT('',(2.125E0,8.499999999999E-1,3.126878357303E0));
#5282=LINE('',#5281,#5280);
#5283=DIRECTION('',(1.E0,2.442490654175E-14,-2.975397705995E-13));
#5284=VECTOR('',#5283,1.E-1);
#5285=CARTESIAN_POINT('',(2.125E0,8.5E-1,2.3E0));
#5286=LINE('',#5285,#5284);
#5287=DIRECTION('',(0.E0,0.E0,1.E0));
#5288=VECTOR('',#5287,5.7E0);
#5289=CARTESIAN_POINT('',(2.225E0,8.5E-1,2.3E0));
#5290=LINE('',#5289,#5288);
#5291=DIRECTION('',(-1.E0,0.E0,0.E0));
#5292=VECTOR('',#5291,1.5E0);
#5293=CARTESIAN_POINT('',(2.225E0,8.5E-1,8.E0));
#5294=LINE('',#5293,#5292);
#5295=DIRECTION('',(0.E0,0.E0,-1.E0));
#5296=VECTOR('',#5295,5.7E0);
#5297=CARTESIAN_POINT('',(7.25E-1,8.5E-1,8.E0));
#5298=LINE('',#5297,#5296);
#5299=DIRECTION('',(1.E0,2.553512956638E-14,-7.105427357601E-14));
#5300=VECTOR('',#5299,1.E-1);
#5301=CARTESIAN_POINT('',(7.25E-1,8.5E-1,2.3E0));
#5302=LINE('',#5301,#5300);
#5303=DIRECTION('',(0.E0,-2.864863333903E-14,1.E0));
#5304=VECTOR('',#5303,2.015160604602E-1);
#5305=CARTESIAN_POINT('',(8.25E-1,8.500000000001E-1,7.126555175332E0));
#5306=LINE('',#5305,#5304);
#5307=DIRECTION('',(1.E0,6.772360450213E-14,-1.239008895482E-12));
#5308=VECTOR('',#5307,2.E-1);
#5309=CARTESIAN_POINT('',(8.25E-1,8.5E-1,7.328071235792E0));
#5310=LINE('',#5309,#5308);
#5311=DIRECTION('',(0.E0,-1.408939877880E-13,1.E0));
#5312=VECTOR('',#5311,3.719287642079E-1);
#5313=CARTESIAN_POINT('',(1.025E0,8.500000000001E-1,7.328071235792E0));
#5314=LINE('',#5313,#5312);
#5315=DIRECTION('',(1.E0,-1.727013593861E-14,0.E0));
#5316=VECTOR('',#5315,9.E-1);
#5317=CARTESIAN_POINT('',(1.025E0,8.5E-1,7.7E0));
#5318=LINE('',#5317,#5316);
#5319=DIRECTION('',(0.E0,1.408939877880E-13,-1.E0));
#5320=VECTOR('',#5319,3.719287642079E-1);
#5321=CARTESIAN_POINT('',(1.925E0,8.5E-1,7.7E0));
#5322=LINE('',#5321,#5320);
#5323=DIRECTION('',(1.E0,6.716849298982E-14,-3.108624468950E-14));
#5324=VECTOR('',#5323,2.E-1);
#5325=CARTESIAN_POINT('',(1.925E0,8.5E-1,7.328071235792E0));
#5326=LINE('',#5325,#5324);
#5327=DIRECTION('',(0.E0,2.864863333908E-14,-1.E0));
#5328=VECTOR('',#5327,2.015160604599E-1);
#5329=CARTESIAN_POINT('',(2.125E0,8.500000000001E-1,7.328071235792E0));
#5330=LINE('',#5329,#5328);
#5331=DIRECTION('',(-1.E0,-2.831068712794E-14,-5.417888360171E-13));
#5332=VECTOR('',#5331,2.E-1);
#5333=CARTESIAN_POINT('',(2.125E0,8.500000000001E-1,7.126555175332E0));
#5334=LINE('',#5333,#5332);
#5335=DIRECTION('',(0.E0,-1.601096946845E-14,-1.E0));
#5336=VECTOR('',#5335,3.626555175332E0);
#5337=CARTESIAN_POINT('',(1.925E0,8.500000000001E-1,7.126555175332E0));
#5338=LINE('',#5337,#5336);
#5339=DIRECTION('',(-1.E0,0.E0,0.E0));
#5340=VECTOR('',#5339,9.E-1);
#5341=CARTESIAN_POINT('',(1.925E0,8.5E-1,3.5E0));
#5342=LINE('',#5341,#5340);
#5343=DIRECTION('',(0.E0,1.601096946845E-14,1.E0));
#5344=VECTOR('',#5343,3.626555175332E0);
#5345=CARTESIAN_POINT('',(1.025E0,8.5E-1,3.5E0));
#5346=LINE('',#5345,#5344);
#5347=DIRECTION('',(-1.E0,-2.886579864025E-14,-4.307665335546E-13));
#5348=VECTOR('',#5347,2.E-1);
#5349=CARTESIAN_POINT('',(1.025E0,8.500000000001E-1,7.126555175332E0));
#5350=LINE('',#5349,#5348);
#5351=CARTESIAN_POINT('',(8.25E-1,1.27E0,2.499691191779E0));
#5352=DIRECTION('',(-1.E0,0.E0,0.E0));
#5353=DIRECTION('',(0.E0,-8.212654641833E-1,-5.705462622258E-1));
#5354=AXIS2_PLACEMENT_3D('',#5351,#5352,#5353);
#5356=DIRECTION('',(0.E0,1.335525971282E-1,9.910417265687E-1));
#5357=VECTOR('',#5356,3.901397185625E0);
#5358=CARTESIAN_POINT('',(8.25E-1,9.231353957009E-1,2.546434600774E0));
#5359=LINE('',#5358,#5357);
#5360=CARTESIAN_POINT('',(8.25E-1,8.E-1,6.499691191779E0));
#5361=DIRECTION('',(1.E0,0.E0,0.E0));
#5362=DIRECTION('',(0.E0,9.910417265687E-1,-1.335525971282E-1));
#5363=AXIS2_PLACEMENT_3D('',#5360,#5361,#5362);
#5365=DIRECTION('',(0.E0,-7.443575447916E-1,6.677812856856E-1));
#5366=VECTOR('',#5365,5.159588135864E-1);
#5367=CARTESIAN_POINT('',(8.25E-1,1.234057835695E0,6.983523595895E0));
#5368=LINE('',#5367,#5366);
#5369=DIRECTION('',(0.E0,7.443575447916E-1,-6.677812856855E-1));
#5370=VECTOR('',#5369,3.813901596471E-1);
#5371=CARTESIAN_POINT('',(8.25E-1,8.500000000001E-1,7.126555175332E0));
#5372=LINE('',#5371,#5370);
#5373=CARTESIAN_POINT('',(8.25E-1,8.E-1,6.499691191779E0));
#5374=DIRECTION('',(-1.E0,0.E0,0.E0));
#5375=DIRECTION('',(0.E0,6.677812856840E-1,7.443575447930E-1));
#5376=AXIS2_PLACEMENT_3D('',#5373,#5374,#5375);
#5378=DIRECTION('',(0.E0,-1.335525971282E-1,-9.910417265687E-1));
#5379=VECTOR('',#5378,3.335920625016E0);
#5380=CARTESIAN_POINT('',(8.25E-1,1.295520863284E0,6.432914893216E0));
#5381=LINE('',#5380,#5379);
#5382=DIRECTION('',(1.E0,-1.742196130950E-14,2.869499509800E-14));
#5383=VECTOR('',#5382,1.3E0);
#5384=CARTESIAN_POINT('',(8.25E-1,9.825570875359E-1,2.3E0));
#5385=LINE('',#5384,#5383);
#5386=DIRECTION('',(-1.E0,0.E0,4.997711646236E-13));
#5387=VECTOR('',#5386,1.3E0);
#5388=CARTESIAN_POINT('',(2.125E0,9.231353957009E-1,2.546434600774E0));
#5389=LINE('',#5388,#5387);
#5390=DIRECTION('',(0.E0,1.335525971282E-1,9.910417265687E-1));
#5391=VECTOR('',#5390,3.335920625017E0);
#5392=CARTESIAN_POINT('',(2.125E0,8.499999999999E-1,3.126878357303E0));
#5393=LINE('',#5392,#5391);
#5394=CARTESIAN_POINT('',(2.125E0,8.E-1,6.499691191779E0));
#5395=DIRECTION('',(1.E0,0.E0,0.E0));
#5396=DIRECTION('',(0.E0,9.910417265694E-1,-1.335525971234E-1));
#5397=AXIS2_PLACEMENT_3D('',#5394,#5395,#5396);
#5399=DIRECTION('',(0.E0,-7.443575447916E-1,6.677812856855E-1));
#5400=VECTOR('',#5399,3.813901596467E-1);
#5401=CARTESIAN_POINT('',(2.125E0,1.133890642842E0,6.871869964175E0));
#5402=LINE('',#5401,#5400);
#5403=DIRECTION('',(0.E0,7.443575447917E-1,-6.677812856855E-1));
#5404=VECTOR('',#5403,5.159588135868E-1);
#5405=CARTESIAN_POINT('',(2.125E0,8.500000000001E-1,7.328071235792E0));
#5406=LINE('',#5405,#5404);
#5407=CARTESIAN_POINT('',(2.125E0,8.E-1,6.499691191779E0));
#5408=DIRECTION('',(-1.E0,0.E0,0.E0));
#5409=DIRECTION('',(0.E0,6.677812856826E-1,7.443575447942E-1));
#5410=AXIS2_PLACEMENT_3D('',#5407,#5408,#5409);
#5412=DIRECTION('',(0.E0,-1.335525971282E-1,-9.910417265687E-1));
#5413=VECTOR('',#5412,3.901397185625E0);
#5414=CARTESIAN_POINT('',(2.125E0,1.444177122270E0,6.412882003645E0));
#5415=LINE('',#5414,#5413);
#5416=CARTESIAN_POINT('',(2.125E0,1.27E0,2.499691191779E0));
#5417=DIRECTION('',(1.E0,0.E0,0.E0));
#5418=DIRECTION('',(0.E0,-9.910417265692E-1,1.335525971245E-1));
#5419=AXIS2_PLACEMENT_3D('',#5416,#5417,#5418);
#5421=DIRECTION('',(1.E0,1.506731247706E-13,7.371880883511E-13));
#5422=VECTOR('',#5421,7.E-1);
#5423=CARTESIAN_POINT('',(1.125E0,1.215397310771E0,5.838349264924E0));
#5424=LINE('',#5423,#5422);
#5425=DIRECTION('',(1.E0,-1.649474208015E-14,5.202187886815E-14));
#5426=VECTOR('',#5425,7.E-1);
#5427=CARTESIAN_POINT('',(1.125E0,1.299334601544E0,6.473904456797E0));
#5428=LINE('',#5427,#5426);
#5429=DIRECTION('',(1.E0,-7.549516567451E-13,7.904787935331E-13));
#5430=VECTOR('',#5429,3.E-1);
#5431=CARTESIAN_POINT('',(1.825E0,1.133890642843E0,6.871869964175E0));
#5432=LINE('',#5431,#5430);
#5433=DIRECTION('',(-1.E0,0.E0,1.735363989260E-13));
#5434=VECTOR('',#5433,1.3E0);
#5435=CARTESIAN_POINT('',(2.125E0,1.295520863284E0,6.432914893216E0));
#5436=LINE('',#5435,#5434);
#5437=DIRECTION('',(1.E0,-6.794564910706E-13,8.733754460385E-13));
#5438=VECTOR('',#5437,3.E-1);
#5439=CARTESIAN_POINT('',(8.25E-1,1.133890642843E0,6.871869964175E0));
#5440=LINE('',#5439,#5438);
#5441=DIRECTION('',(0.E0,-7.443575447910E-1,6.677812856861E-1));
#5442=VECTOR('',#5441,1.511895872841E-1);
#5443=CARTESIAN_POINT('',(1.125E0,1.133890642842E0,6.871869964175E0));
#5444=LINE('',#5443,#5442);
#5445=DIRECTION('',(0.E0,7.071067811864E-1,-7.071067811867E-1));
#5446=VECTOR('',#5445,1.455403039487E-1);
#5447=CARTESIAN_POINT('',(1.125E0,1.021351532854E0,6.972831541154E0));
#5448=LINE('',#5447,#5446);
#5449=CARTESIAN_POINT('',(1.125E0,7.E-1,6.445654936584E0));
#5450=DIRECTION('',(-1.E0,0.E0,0.E0));
#5451=DIRECTION('',(0.E0,7.071067811853E-1,7.071067811878E-1));
#5452=AXIS2_PLACEMENT_3D('',#5449,#5450,#5451);
#5454=CARTESIAN_POINT('',(1.125E0,8.E-1,6.499691191779E0));
#5455=DIRECTION('',(1.E0,0.E0,0.E0));
#5456=DIRECTION('',(0.E0,9.986692030877E-1,-5.157346996481E-2));
#5457=AXIS2_PLACEMENT_3D('',#5454,#5455,#5456);
#5459=DIRECTION('',(0.E0,7.443575447920E-1,-6.677812856851E-1));
#5460=VECTOR('',#5459,1.072506186118E-1);
#5461=CARTESIAN_POINT('',(1.925E0,7.701671928527E-1,7.399691191779E0));
#5462=LINE('',#5461,#5460);
#5463=DIRECTION('',(0.E0,-1.E0,0.E0));
#5464=VECTOR('',#5463,8.5E-1);
#5465=CARTESIAN_POINT('',(1.925E0,8.5E-1,7.7E0));
#5466=LINE('',#5465,#5464);
#5467=DIRECTION('',(0.E0,1.E0,0.E0));
#5468=VECTOR('',#5467,8.5E-1);
#5469=CARTESIAN_POINT('',(1.925E0,0.E0,3.5E0));
#5470=LINE('',#5469,#5468);
#5471=DIRECTION('',(0.E0,-7.443575447908E-1,6.677812856865E-1));
#5472=VECTOR('',#5471,2.418192725523E-1);
#5473=CARTESIAN_POINT('',(1.925E0,8.500000000001E-1,7.126555175332E0));
#5474=LINE('',#5473,#5472);
#5475=DIRECTION('',(0.E0,6.677812856863E-1,7.443575447909E-1));
#5476=VECTOR('',#5475,1.499999999997E-1);
#5477=CARTESIAN_POINT('',(1.925E0,6.7E-1,7.288037560061E0));
#5478=LINE('',#5477,#5476);
#5479=DIRECTION('',(-1.E0,-3.730349362741E-13,-1.572075802869E-12));
#5480=VECTOR('',#5479,1.E-1);
#5481=CARTESIAN_POINT('',(1.925E0,7.701671928527E-1,7.399691191779E0));
#5482=LINE('',#5481,#5480);
#5483=DIRECTION('',(-1.E0,-6.081167315740E-12,5.728750807066E-12));
#5484=VECTOR('',#5483,7.E-1);
#5485=CARTESIAN_POINT('',(1.825E0,1.124543832364E0,7.081771276E0));
#5486=LINE('',#5485,#5484);
#5487=DIRECTION('',(-1.E0,5.162537064507E-13,-3.907985046681E-13));
#5488=VECTOR('',#5487,1.E-1);
#5489=CARTESIAN_POINT('',(1.125E0,7.701671928527E-1,7.399691191779E0));
#5490=LINE('',#5489,#5488);
#5491=DIRECTION('',(1.E0,8.501136302844E-14,-4.567774729886E-14));
#5492=VECTOR('',#5491,7.E-1);
#5493=CARTESIAN_POINT('',(1.125E0,6.870927229352E-1,7.307090351073E0));
#5494=LINE('',#5493,#5492);
#5495=DIRECTION('',(-1.E0,1.143529715364E-13,0.E0));
#5496=VECTOR('',#5495,9.E-1);
#5497=CARTESIAN_POINT('',(1.925E0,6.7E-1,7.288037560061E0));
#5498=LINE('',#5497,#5496);
#5499=DIRECTION('',(0.E0,-7.443575447920E-1,6.677812856851E-1));
#5500=VECTOR('',#5499,1.072506186118E-1);
#5501=CARTESIAN_POINT('',(1.025E0,8.500000000001E-1,7.328071235792E0));
#5502=LINE('',#5501,#5500);
#5503=DIRECTION('',(0.E0,-6.677812856863E-1,-7.443575447909E-1));
#5504=VECTOR('',#5503,1.499999999996E-1);
#5505=CARTESIAN_POINT('',(1.025E0,7.701671928528E-1,7.399691191779E0));
#5506=LINE('',#5505,#5504);
#5507=DIRECTION('',(0.E0,7.443575447908E-1,-6.677812856865E-1));
#5508=VECTOR('',#5507,2.418192725521E-1);
#5509=CARTESIAN_POINT('',(1.025E0,6.700000000001E-1,7.288037560061E0));
#5510=LINE('',#5509,#5508);
#5511=DIRECTION('',(0.E0,-1.E0,0.E0));
#5512=VECTOR('',#5511,8.5E-1);
#5513=CARTESIAN_POINT('',(1.025E0,8.5E-1,3.5E0));
#5514=LINE('',#5513,#5512);
#5515=DIRECTION('',(0.E0,1.335525971288E-1,9.910417265686E-1));
#5516=VECTOR('',#5515,4.347005283923E-1);
#5517=CARTESIAN_POINT('',(1.125E0,1.215397310771E0,5.838349264924E0));
#5518=LINE('',#5517,#5516);
#5519=CARTESIAN_POINT('',(1.125E0,7.E-1,6.445654936584E0));
#5520=DIRECTION('',(-1.E0,0.E0,0.E0));
#5521=DIRECTION('',(0.E0,9.557544921847E-1,-2.941655157708E-1));
#5522=AXIS2_PLACEMENT_3D('',#5519,#5520,#5521);
#5524=DIRECTION('',(0.E0,-4.999999999998E-1,-8.660254037845E-1));
#5525=VECTOR('',#5524,3.994845223846E-1);
#5526=CARTESIAN_POINT('',(1.125E0,1.219615242269E0,6.145654936582E0));
#5527=LINE('',#5526,#5525);
#5528=CARTESIAN_POINT('',(1.125E0,5.35E0,3.299691191779E0));
#5529=DIRECTION('',(1.E0,0.E0,0.E0));
#5530=DIRECTION('',(0.E0,-8.660254037848E-1,4.999999999994E-1));
#5531=AXIS2_PLACEMENT_3D('',#5528,#5529,#5530);
#5533=DIRECTION('',(0.E0,1.E0,-2.129863999485E-13));
#5534=VECTOR('',#5533,1.501242479188E-1);
#5535=CARTESIAN_POINT('',(1.125E0,3.540139730630E-1,3.5E0));
#5536=LINE('',#5535,#5534);
#5537=CARTESIAN_POINT('',(1.125E0,5.35E0,3.299691191779E0));
#5538=DIRECTION('',(-1.E0,0.E0,0.E0));
#5539=DIRECTION('',(0.E0,-9.991467585604E-1,4.130078520020E-2));
#5540=AXIS2_PLACEMENT_3D('',#5537,#5538,#5539);
#5542=DIRECTION('',(0.E0,4.999999999985E-1,8.660254037853E-1));
#5543=VECTOR('',#5542,1.312410382528E-1);
#5544=CARTESIAN_POINT('',(1.125E0,1.149776791645E0,5.724691191778E0));
#5545=LINE('',#5544,#5543);
#5546=DIRECTION('',(1.E0,8.374253671458E-14,2.385393470052E-13));
#5547=VECTOR('',#5546,7.E-1);
#5548=CARTESIAN_POINT('',(1.125E0,1.273452695311E0,6.269155627122E0));
#5549=LINE('',#5548,#5547);
#5550=DIRECTION('',(-1.E0,1.421085471520E-13,2.689911785378E-13));
#5551=VECTOR('',#5550,7.E-1);
#5552=CARTESIAN_POINT('',(1.825E0,1.219615242269E0,6.145654936582E0));
#5553=LINE('',#5552,#5551);
#5554=DIRECTION('',(0.E0,-1.335525971288E-1,-9.910417265686E-1));
#5555=VECTOR('',#5554,4.347005283920E-1);
#5556=CARTESIAN_POINT('',(1.825E0,1.273452695311E0,6.269155627122E0));
#5557=LINE('',#5556,#5555);
#5558=DIRECTION('',(0.E0,-4.999999999982E-1,-8.660254037855E-1));
#5559=VECTOR('',#5558,1.312410382519E-1);
#5560=CARTESIAN_POINT('',(1.825E0,1.215397310771E0,5.838349264924E0));
#5561=LINE('',#5560,#5559);
#5562=CARTESIAN_POINT('',(1.825E0,5.35E0,3.299691191779E0));
#5563=DIRECTION('',(1.E0,0.E0,0.E0));
#5564=DIRECTION('',(0.E0,-8.660254037846E-1,4.999999999998E-1));
#5565=AXIS2_PLACEMENT_3D('',#5562,#5563,#5564);
#5567=DIRECTION('',(0.E0,-1.E0,2.129863999485E-13));
#5568=VECTOR('',#5567,1.501242479188E-1);
#5569=CARTESIAN_POINT('',(1.825E0,5.041382209818E-1,3.5E0));
#5570=LINE('',#5569,#5568);
#5571=CARTESIAN_POINT('',(1.825E0,5.35E0,3.299691191779E0));
#5572=DIRECTION('',(-1.E0,0.E0,0.E0));
#5573=DIRECTION('',(0.E0,-9.991972053874E-1,4.006176164419E-2));
#5574=AXIS2_PLACEMENT_3D('',#5571,#5572,#5573);
#5576=DIRECTION('',(0.E0,4.999999999999E-1,8.660254037845E-1));
#5577=VECTOR('',#5576,3.994845223839E-1);
#5578=CARTESIAN_POINT('',(1.825E0,1.019872981077E0,5.799691191779E0));
#5579=LINE('',#5578,#5577);
#5580=CARTESIAN_POINT('',(1.825E0,7.E-1,6.445654936584E0));
#5581=DIRECTION('',(1.E0,0.E0,0.E0));
#5582=DIRECTION('',(0.E0,8.660254037776E-1,-5.000000000119E-1));
#5583=AXIS2_PLACEMENT_3D('',#5580,#5581,#5582);
#5585=DIRECTION('',(-1.E0,-8.463071513428E-13,-1.794120407794E-12));
#5586=VECTOR('',#5585,7.E-1);
#5587=CARTESIAN_POINT('',(1.825E0,1.149776791645E0,5.724691191779E0));
#5588=LINE('',#5587,#5586);
#5589=DIRECTION('',(1.E0,0.E0,0.E0));
#5590=VECTOR('',#5589,7.E-1);
#5591=CARTESIAN_POINT('',(1.125E0,5.041382209818E-1,3.5E0));
#5592=LINE('',#5591,#5590);
#5593=DIRECTION('',(-1.E0,0.E0,0.E0));
#5594=VECTOR('',#5593,7.E-1);
#5595=CARTESIAN_POINT('',(1.825E0,3.540139730630E-1,3.5E0));
#5596=LINE('',#5595,#5594);
#5597=DIRECTION('',(1.E0,3.080075876889E-13,6.483702463811E-13));
#5598=VECTOR('',#5597,7.E-1);
#5599=CARTESIAN_POINT('',(1.125E0,1.019872981077E0,5.799691191778E0));
#5600=LINE('',#5599,#5598);
#5601=DIRECTION('',(0.E0,-1.E0,0.E0));
#5602=VECTOR('',#5601,8.5E-1);
#5603=CARTESIAN_POINT('',(1.025E0,8.5E-1,7.7E0));
#5604=LINE('',#5603,#5602);
#5605=DIRECTION('',(0.E0,7.443575447917E-1,-6.677812856854E-1));
#5606=VECTOR('',#5605,4.760838954160E-1);
#5607=CARTESIAN_POINT('',(1.125E0,7.701671928527E-1,7.399691191779E0));
#5608=LINE('',#5607,#5606);
#5609=DIRECTION('',(0.E0,-7.071067811865E-1,7.071067811866E-1));
#5610=VECTOR('',#5609,5.211063236635E-1);
#5611=CARTESIAN_POINT('',(1.125E0,1.124543832359E0,7.081771276004E0));
#5612=LINE('',#5611,#5610);
#5613=DIRECTION('',(0.E0,-7.071067811868E-1,-7.071067811863E-1));
#5614=VECTOR('',#5613,1.499999999999E-1);
#5615=CARTESIAN_POINT('',(1.125E0,7.560660171778E-1,7.450249091186E0));
#5616=LINE('',#5615,#5614);
#5617=DIRECTION('',(0.E0,7.071067811883E-1,-7.071067811848E-1));
#5618=VECTOR('',#5617,5.245703184036E-2);
#5619=CARTESIAN_POINT('',(1.125E0,6.499999999999E-1,7.344183074008E0));
#5620=LINE('',#5619,#5618);
#5621=DIRECTION('',(0.E0,6.677812856866E-1,7.443575447907E-1));
#5622=VECTOR('',#5621,1.244037107630E-1);
#5623=CARTESIAN_POINT('',(1.125E0,6.870927229352E-1,7.307090351073E0));
#5624=LINE('',#5623,#5622);
#5625=DIRECTION('',(0.E0,-7.443575447917E-1,6.677812856854E-1));
#5626=VECTOR('',#5625,4.760838954218E-1);
#5627=CARTESIAN_POINT('',(1.825E0,1.124543832364E0,7.081771276E0));
#5628=LINE('',#5627,#5626);
#5629=DIRECTION('',(0.E0,-6.677812856866E-1,-7.443575447907E-1));
#5630=VECTOR('',#5629,1.244037107628E-1);
#5631=CARTESIAN_POINT('',(1.825E0,7.701671928527E-1,7.399691191779E0));
#5632=LINE('',#5631,#5630);
#5633=DIRECTION('',(0.E0,-7.071067811883E-1,7.071067811848E-1));
#5634=VECTOR('',#5633,5.245703184042E-2);
#5635=CARTESIAN_POINT('',(1.825E0,6.870927229353E-1,7.307090351073E0));
#5636=LINE('',#5635,#5634);
#5637=DIRECTION('',(0.E0,7.071067811868E-1,7.071067811863E-1));
#5638=VECTOR('',#5637,1.5E-1);
#5639=CARTESIAN_POINT('',(1.825E0,6.499999999999E-1,7.344183074008E0));
#5640=LINE('',#5639,#5638);
#5641=DIRECTION('',(0.E0,7.071067811865E-1,-7.071067811866E-1));
#5642=VECTOR('',#5641,5.211063236693E-1);
#5643=CARTESIAN_POINT('',(1.825E0,7.560660171780E-1,7.450249091186E0));
#5644=LINE('',#5643,#5642);
#5645=DIRECTION('',(1.E0,3.108624468950E-14,0.E0));
#5646=VECTOR('',#5645,7.E-1);
#5647=CARTESIAN_POINT('',(1.125E0,6.499999999999E-1,7.344183074008E0));
#5648=LINE('',#5647,#5646);
#5649=DIRECTION('',(1.E0,1.871518812940E-13,1.649474208015E-13));
#5650=VECTOR('',#5649,7.E-1);
#5651=CARTESIAN_POINT('',(1.125E0,7.560660171778E-1,7.450249091186E0));
#5652=LINE('',#5651,#5650);
#5653=DIRECTION('',(1.E0,0.E0,1.408397208382E-13));
#5654=VECTOR('',#5653,7.E-1);
#5655=CARTESIAN_POINT('',(1.125E0,1.449477724165E0,6.473639592733E0));
#5656=LINE('',#5655,#5654);
#5657=DIRECTION('',(1.E0,9.636735853746E-13,5.776120322783E-12));
#5658=VECTOR('',#5657,3.E-1);
#5659=CARTESIAN_POINT('',(1.825E0,1.444177122269E0,6.412882003644E0));
#5660=LINE('',#5659,#5658);
#5661=DIRECTION('',(-1.E0,-2.930988785010E-13,3.675692229221E-13));
#5662=VECTOR('',#5661,1.3E0);
#5663=CARTESIAN_POINT('',(2.125E0,1.234057835695E0,6.983523595894E0));
#5664=LINE('',#5663,#5662);
#5665=DIRECTION('',(1.E0,-2.376617421381E-12,-1.961394010171E-11));
#5666=VECTOR('',#5665,3.E-1);
#5667=CARTESIAN_POINT('',(8.25E-1,1.444177122270E0,6.412882003646E0));
#5668=LINE('',#5667,#5666);
#5669=DIRECTION('',(0.E0,-1.335525971285E-1,-9.910417265687E-1));
#5670=VECTOR('',#5669,1.769208585973E-1);
#5671=CARTESIAN_POINT('',(1.125E0,1.444177122269E0,6.412882003640E0));
#5672=LINE('',#5671,#5670);
#5673=CARTESIAN_POINT('',(1.125E0,7.E-1,6.445654936584E0));
#5674=DIRECTION('',(1.E0,0.E0,0.E0));
#5675=DIRECTION('',(0.E0,9.607318428235E-1,-2.774785148170E-1));
#5676=AXIS2_PLACEMENT_3D('',#5673,#5674,#5675);
#5678=CARTESIAN_POINT('',(1.125E0,8.E-1,6.499691191779E0));
#5679=DIRECTION('',(-1.E0,0.E0,0.E0));
#5680=DIRECTION('',(0.E0,9.991964987161E-1,-4.007938314810E-2));
#5681=AXIS2_PLACEMENT_3D('',#5678,#5679,#5680);
#5683=DIRECTION('',(0.E0,1.335525971285E-1,9.910417265687E-1));
#5684=VECTOR('',#5683,1.769208586014E-1);
#5685=CARTESIAN_POINT('',(1.825E0,1.420548882117E0,6.237546050469E0));
#5686=LINE('',#5685,#5684);
#5687=CARTESIAN_POINT('',(1.825E0,8.E-1,6.499691191779E0));
#5688=DIRECTION('',(1.E0,0.E0,0.E0));
#5689=DIRECTION('',(0.E0,9.910417265672E-1,-1.335525971392E-1));
#5690=AXIS2_PLACEMENT_3D('',#5687,#5688,#5689);
#5692=CARTESIAN_POINT('',(1.825E0,7.E-1,6.445654936584E0));
#5693=DIRECTION('',(-1.E0,0.E0,0.E0));
#5694=DIRECTION('',(0.E0,9.993036322206E-1,3.731287486537E-2));
#5695=AXIS2_PLACEMENT_3D('',#5692,#5693,#5694);
#5697=DIRECTION('',(1.E0,-1.890551207647E-13,-8.171241461241E-13));
#5698=VECTOR('',#5697,7.E-1);
#5699=CARTESIAN_POINT('',(1.125E0,1.420548882117E0,6.237546050470E0));
#5700=LINE('',#5699,#5698);
#5701=DIRECTION('',(0.E0,7.443575447910E-1,-6.677812856861E-1));
#5702=VECTOR('',#5701,1.511895872837E-1);
#5703=CARTESIAN_POINT('',(1.825E0,1.021351532854E0,6.972831541154E0));
#5704=LINE('',#5703,#5702);
#5705=CARTESIAN_POINT('',(1.825E0,8.E-1,6.499691191779E0));
#5706=DIRECTION('',(-1.E0,0.E0,0.E0));
#5707=DIRECTION('',(0.E0,6.677812856833E-1,7.443575447936E-1));
#5708=AXIS2_PLACEMENT_3D('',#5705,#5706,#5707);
#5710=CARTESIAN_POINT('',(1.825E0,7.E-1,6.445654936584E0));
#5711=DIRECTION('',(1.E0,0.E0,0.E0));
#5712=DIRECTION('',(0.E0,9.988910025731E-1,4.708253368783E-2));
#5713=AXIS2_PLACEMENT_3D('',#5710,#5711,#5712);
#5715=DIRECTION('',(0.E0,-7.071067811863E-1,7.071067811868E-1));
#5716=VECTOR('',#5715,1.455403039483E-1);
#5717=CARTESIAN_POINT('',(1.825E0,1.124264068712E0,6.869919005296E0));
#5718=LINE('',#5717,#5716);
#5719=DIRECTION('',(1.E0,7.295751304680E-14,-9.262432091158E-14));
#5720=VECTOR('',#5719,7.E-1);
#5721=CARTESIAN_POINT('',(1.125E0,1.124264068712E0,6.869919005296E0));
#5722=LINE('',#5721,#5720);
#5723=DIRECTION('',(1.E0,5.443264886448E-13,-5.367135307616E-13));
#5724=VECTOR('',#5723,7.E-1);
#5725=CARTESIAN_POINT('',(1.125E0,1.021351532854E0,6.972831541154E0));
#5726=LINE('',#5725,#5724);
#5727=DIRECTION('',(0.E0,-1.E0,0.E0));
#5728=VECTOR('',#5727,6.E-1);
#5729=CARTESIAN_POINT('',(2.225E0,8.5E-1,8.E0));
#5730=LINE('',#5729,#5728);
#5731=DIRECTION('',(0.E0,-1.E0,0.E0));
#5732=VECTOR('',#5731,6.E-1);
#5733=CARTESIAN_POINT('',(3.225E0,8.5E-1,8.E0));
#5734=LINE('',#5733,#5732);
#5735=DIRECTION('',(0.E0,0.E0,-1.E0));
#5736=VECTOR('',#5735,5.7E0);
#5737=CARTESIAN_POINT('',(3.225E0,2.5E-1,8.E0));
#5738=LINE('',#5737,#5736);
#5739=DIRECTION('',(0.E0,1.E0,0.E0));
#5740=VECTOR('',#5739,6.E-1);
#5741=CARTESIAN_POINT('',(3.225E0,2.5E-1,2.3E0));
#5742=LINE('',#5741,#5740);
#5743=DIRECTION('',(0.E0,0.E0,-1.E0));
#5744=VECTOR('',#5743,5.7E0);
#5745=CARTESIAN_POINT('',(3.225E0,8.5E-1,8.E0));
#5746=LINE('',#5745,#5744);
#5747=DIRECTION('',(1.E0,0.E0,0.E0));
#5748=VECTOR('',#5747,1.5E0);
#5749=CARTESIAN_POINT('',(3.225E0,8.5E-1,2.3E0));
#5750=LINE('',#5749,#5748);
#5751=DIRECTION('',(0.E0,0.E0,1.E0));
#5752=VECTOR('',#5751,5.7E0);
#5753=CARTESIAN_POINT('',(4.725E0,8.5E-1,2.3E0));
#5754=LINE('',#5753,#5752);
#5755=DIRECTION('',(-1.E0,0.E0,0.E0));
#5756=VECTOR('',#5755,1.5E0);
#5757=CARTESIAN_POINT('',(4.725E0,8.5E-1,8.E0));
#5758=LINE('',#5757,#5756);
#5759=DIRECTION('',(0.E0,0.E0,1.E0));
#5760=VECTOR('',#5759,4.2E0);
#5761=CARTESIAN_POINT('',(3.525E0,8.5E-1,3.5E0));
#5762=LINE('',#5761,#5760);
#5763=DIRECTION('',(1.E0,0.E0,0.E0));
#5764=VECTOR('',#5763,9.E-1);
#5765=CARTESIAN_POINT('',(3.525E0,8.5E-1,7.7E0));
#5766=LINE('',#5765,#5764);
#5767=DIRECTION('',(0.E0,0.E0,-1.E0));
#5768=VECTOR('',#5767,4.2E0);
#5769=CARTESIAN_POINT('',(4.425E0,8.5E-1,7.7E0));
#5770=LINE('',#5769,#5768);
#5771=DIRECTION('',(-1.E0,0.E0,0.E0));
#5772=VECTOR('',#5771,9.E-1);
#5773=CARTESIAN_POINT('',(4.425E0,8.5E-1,3.5E0));
#5774=LINE('',#5773,#5772);
#5775=DIRECTION('',(0.E0,-1.E0,0.E0));
#5776=VECTOR('',#5775,6.E-1);
#5777=CARTESIAN_POINT('',(4.725E0,8.5E-1,2.3E0));
#5778=LINE('',#5777,#5776);
#5779=DIRECTION('',(0.E0,0.E0,1.E0));
#5780=VECTOR('',#5779,5.7E0);
#5781=CARTESIAN_POINT('',(4.725E0,2.5E-1,2.3E0));
#5782=LINE('',#5781,#5780);
#5783=DIRECTION('',(0.E0,-1.E0,0.E0));
#5784=VECTOR('',#5783,6.E-1);
#5785=CARTESIAN_POINT('',(4.725E0,8.5E-1,8.E0));
#5786=LINE('',#5785,#5784);
#5787=DIRECTION('',(-1.E0,0.E0,0.E0));
#5788=VECTOR('',#5787,1.5E0);
#5789=CARTESIAN_POINT('',(4.725E0,2.5E-1,8.E0));
#5790=LINE('',#5789,#5788);
#5791=DIRECTION('',(0.E0,1.E0,0.E0));
#5792=VECTOR('',#5791,8.5E-1);
#5793=CARTESIAN_POINT('',(3.525E0,0.E0,7.7E0));
#5794=LINE('',#5793,#5792);
#5795=DIRECTION('',(0.E0,-1.E0,0.E0));
#5796=VECTOR('',#5795,8.5E-1);
#5797=CARTESIAN_POINT('',(3.525E0,8.5E-1,3.5E0));
#5798=LINE('',#5797,#5796);
#5799=DIRECTION('',(0.E0,1.E0,0.E0));
#5800=VECTOR('',#5799,8.5E-1);
#5801=CARTESIAN_POINT('',(4.425E0,0.E0,7.7E0));
#5802=LINE('',#5801,#5800);
#5803=DIRECTION('',(0.E0,1.E0,0.E0));
#5804=VECTOR('',#5803,8.5E-1);
#5805=CARTESIAN_POINT('',(4.425E0,0.E0,3.5E0));
#5806=LINE('',#5805,#5804);
#5807=DIRECTION('',(0.E0,-1.E0,3.076470221479E-13));
#5808=VECTOR('',#5807,1.501242479188E-1);
#5809=CARTESIAN_POINT('',(3.625E0,5.041382209818E-1,3.5E0));
#5810=LINE('',#5809,#5808);
#5811=DIRECTION('',(0.E0,1.E0,-3.046888777042E-13));
#5812=VECTOR('',#5811,1.501242479188E-1);
#5813=CARTESIAN_POINT('',(4.325E0,3.540139730630E-1,3.5E0));
#5814=LINE('',#5813,#5812);
#5815=CARTESIAN_POINT('',(3.625E0,5.35E0,3.299691191779E0));
#5816=DIRECTION('',(-1.E0,0.E0,0.E0));
#5817=DIRECTION('',(0.E0,-9.991467585604E-1,4.130078520020E-2));
#5818=AXIS2_PLACEMENT_3D('',#5815,#5816,#5817);
#5820=DIRECTION('',(0.E0,4.999999999998E-1,8.660254037846E-1));
#5821=VECTOR('',#5820,3.994845223864E-1);
#5822=CARTESIAN_POINT('',(3.625E0,1.149776791645E0,5.724691191778E0));
#5823=LINE('',#5822,#5821);
#5824=CARTESIAN_POINT('',(3.625E0,7.E-1,6.445654936584E0));
#5825=DIRECTION('',(1.E0,0.E0,0.E0));
#5826=DIRECTION('',(0.E0,8.660254037823E-1,-5.000000000038E-1));
#5827=AXIS2_PLACEMENT_3D('',#5824,#5825,#5826);
#5829=DIRECTION('',(0.E0,-7.071067811866E-1,7.071067811865E-1));
#5830=VECTOR('',#5829,6.707106781184E-1);
#5831=CARTESIAN_POINT('',(3.625E0,1.230330085890E0,6.975985022474E0));
#5832=LINE('',#5831,#5830);
#5833=DIRECTION('',(0.E0,-7.071067811868E-1,-7.071067811863E-1));
#5834=VECTOR('',#5833,1.5E-1);
#5835=CARTESIAN_POINT('',(3.625E0,7.560660171780E-1,7.450249091186E0));
#5836=LINE('',#5835,#5834);
#5837=DIRECTION('',(0.E0,7.071067811866E-1,-7.071067811865E-1));
#5838=VECTOR('',#5837,6.707106781184E-1);
#5839=CARTESIAN_POINT('',(3.625E0,6.5E-1,7.344183074008E0));
#5840=LINE('',#5839,#5838);
#5841=CARTESIAN_POINT('',(3.625E0,7.E-1,6.445654936584E0));
#5842=DIRECTION('',(-1.E0,0.E0,0.E0));
#5843=DIRECTION('',(0.E0,7.071067811852E-1,7.071067811879E-1));
#5844=AXIS2_PLACEMENT_3D('',#5841,#5842,#5843);
#5846=DIRECTION('',(0.E0,-4.999999999998E-1,-8.660254037845E-1));
#5847=VECTOR('',#5846,3.994845223865E-1);
#5848=CARTESIAN_POINT('',(3.625E0,1.219615242270E0,6.145654936584E0));
#5849=LINE('',#5848,#5847);
#5850=CARTESIAN_POINT('',(3.625E0,5.35E0,3.299691191779E0));
#5851=DIRECTION('',(1.E0,0.E0,0.E0));
#5852=DIRECTION('',(0.E0,-8.660254037848E-1,4.999999999994E-1));
#5853=AXIS2_PLACEMENT_3D('',#5850,#5851,#5852);
#5855=DIRECTION('',(-1.E0,-1.631076226464E-12,-3.449938747378E-12));
#5856=VECTOR('',#5855,7.E-1);
#5857=CARTESIAN_POINT('',(4.325E0,1.149776791646E0,5.724691191780E0));
#5858=LINE('',#5857,#5856);
#5859=DIRECTION('',(1.E0,0.E0,0.E0));
#5860=VECTOR('',#5859,7.E-1);
#5861=CARTESIAN_POINT('',(3.625E0,5.041382209818E-1,3.5E0));
#5862=LINE('',#5861,#5860);
#5863=CARTESIAN_POINT('',(4.325E0,5.35E0,3.299691191779E0));
#5864=DIRECTION('',(-1.E0,0.E0,0.E0));
#5865=DIRECTION('',(0.E0,-9.991972053874E-1,4.006176164420E-2));
#5866=AXIS2_PLACEMENT_3D('',#5863,#5864,#5865);
#5868=DIRECTION('',(0.E0,4.999999999999E-1,8.660254037845E-1));
#5869=VECTOR('',#5868,3.994845223859E-1);
#5870=CARTESIAN_POINT('',(4.325E0,1.019872981077E0,5.799691191779E0));
#5871=LINE('',#5870,#5869);
#5872=CARTESIAN_POINT('',(4.325E0,7.E-1,6.445654936584E0));
#5873=DIRECTION('',(1.E0,0.E0,0.E0));
#5874=DIRECTION('',(0.E0,8.660254037826E-1,-5.000000000032E-1));
#5875=AXIS2_PLACEMENT_3D('',#5872,#5873,#5874);
#5877=DIRECTION('',(0.E0,-7.071067811865E-1,7.071067811865E-1));
#5878=VECTOR('',#5877,6.707106781185E-1);
#5879=CARTESIAN_POINT('',(4.325E0,1.124264068712E0,6.869919005296E0));
#5880=LINE('',#5879,#5878);
#5881=DIRECTION('',(0.E0,7.071067811868E-1,7.071067811863E-1));
#5882=VECTOR('',#5881,1.5E-1);
#5883=CARTESIAN_POINT('',(4.325E0,6.5E-1,7.344183074008E0));
#5884=LINE('',#5883,#5882);
#5885=DIRECTION('',(0.E0,7.071067811866E-1,-7.071067811865E-1));
#5886=VECTOR('',#5885,6.707106781183E-1);
#5887=CARTESIAN_POINT('',(4.325E0,7.560660171780E-1,7.450249091186E0));
#5888=LINE('',#5887,#5886);
#5889=CARTESIAN_POINT('',(4.325E0,7.E-1,6.445654936584E0));
#5890=DIRECTION('',(-1.E0,0.E0,0.E0));
#5891=DIRECTION('',(0.E0,7.071067811853E-1,7.071067811878E-1));
#5892=AXIS2_PLACEMENT_3D('',#5889,#5890,#5891);
#5894=DIRECTION('',(0.E0,-4.999999999998E-1,-8.660254037846E-1));
#5895=VECTOR('',#5894,3.994845223855E-1);
#5896=CARTESIAN_POINT('',(4.325E0,1.349519052839E0,6.070654936585E0));
#5897=LINE('',#5896,#5895);
#5898=CARTESIAN_POINT('',(4.325E0,5.35E0,3.299691191779E0));
#5899=DIRECTION('',(1.E0,0.E0,0.E0));
#5900=DIRECTION('',(0.E0,-8.660254037842E-1,5.000000000005E-1));
#5901=AXIS2_PLACEMENT_3D('',#5898,#5899,#5900);
#5903=DIRECTION('',(-1.E0,0.E0,0.E0));
#5904=VECTOR('',#5903,7.E-1);
#5905=CARTESIAN_POINT('',(4.325E0,3.540139730630E-1,3.5E0));
#5906=LINE('',#5905,#5904);
#5907=DIRECTION('',(1.E0,3.080075876889E-13,6.471014200672E-13));
#5908=VECTOR('',#5907,7.E-1);
#5909=CARTESIAN_POINT('',(3.625E0,1.019872981077E0,5.799691191778E0));
#5910=LINE('',#5909,#5908);
#5911=DIRECTION('',(1.E0,1.043609643148E-13,-1.370332418966E-13));
#5912=VECTOR('',#5911,7.E-1);
#5913=CARTESIAN_POINT('',(3.625E0,1.124264068712E0,6.869919005296E0));
#5914=LINE('',#5913,#5912);
#5915=DIRECTION('',(-1.E0,3.552713678801E-14,8.374253671458E-14));
#5916=VECTOR('',#5915,7.E-1);
#5917=CARTESIAN_POINT('',(4.325E0,1.219615242270E0,6.145654936583E0));
#5918=LINE('',#5917,#5916);
#5919=DIRECTION('',(1.E0,2.696255916947E-14,0.E0));
#5920=VECTOR('',#5919,7.E-1);
#5921=CARTESIAN_POINT('',(3.625E0,6.5E-1,7.344183074008E0));
#5922=LINE('',#5921,#5920);
#5923=DIRECTION('',(1.E0,0.E0,-2.918300521872E-14));
#5924=VECTOR('',#5923,7.E-1);
#5925=CARTESIAN_POINT('',(3.625E0,7.560660171780E-1,7.450249091186E0));
#5926=LINE('',#5925,#5924);
#5927=DIRECTION('',(1.E0,9.655768248454E-13,2.329565112242E-12));
#5928=VECTOR('',#5927,7.E-1);
#5929=CARTESIAN_POINT('',(3.625E0,1.349519052838E0,6.070654936583E0));
#5930=LINE('',#5929,#5928);
#5931=DIRECTION('',(-1.E0,1.053125840502E-13,-1.370332418966E-13));
#5932=VECTOR('',#5931,7.E-1);
#5933=CARTESIAN_POINT('',(4.325E0,1.230330085890E0,6.975985022474E0));
#5934=LINE('',#5933,#5932);
#5935=DIRECTION('',(0.E0,-1.E0,0.E0));
#5936=VECTOR('',#5935,6.E-1);
#5937=CARTESIAN_POINT('',(5.725E0,8.5E-1,8.E0));
#5938=LINE('',#5937,#5936);
#5939=DIRECTION('',(0.E0,-1.E0,0.E0));
#5940=VECTOR('',#5939,6.E-1);
#5941=CARTESIAN_POINT('',(7.225E0,8.5E-1,8.E0));
#5942=LINE('',#5941,#5940);
#5943=DIRECTION('',(1.E0,0.E0,0.E0));
#5944=VECTOR('',#5943,1.5E0);
#5945=CARTESIAN_POINT('',(5.725E0,8.5E-1,2.3E0));
#5946=LINE('',#5945,#5944);
#5947=DIRECTION('',(0.E0,0.E0,1.E0));
#5948=VECTOR('',#5947,5.7E0);
#5949=CARTESIAN_POINT('',(7.225E0,8.5E-1,2.3E0));
#5950=LINE('',#5949,#5948);
#5951=DIRECTION('',(-1.E0,0.E0,0.E0));
#5952=VECTOR('',#5951,1.5E0);
#5953=CARTESIAN_POINT('',(7.225E0,8.5E-1,8.E0));
#5954=LINE('',#5953,#5952);
#5955=DIRECTION('',(0.E0,0.E0,-1.E0));
#5956=VECTOR('',#5955,5.7E0);
#5957=CARTESIAN_POINT('',(5.725E0,8.5E-1,8.E0));
#5958=LINE('',#5957,#5956);
#5959=DIRECTION('',(0.E0,0.E0,1.E0));
#5960=VECTOR('',#5959,4.2E0);
#5961=CARTESIAN_POINT('',(6.025E0,8.5E-1,3.5E0));
#5962=LINE('',#5961,#5960);
#5963=DIRECTION('',(1.E0,0.E0,0.E0));
#5964=VECTOR('',#5963,9.E-1);
#5965=CARTESIAN_POINT('',(6.025E0,8.5E-1,7.7E0));
#5966=LINE('',#5965,#5964);
#5967=DIRECTION('',(0.E0,0.E0,-1.E0));
#5968=VECTOR('',#5967,4.2E0);
#5969=CARTESIAN_POINT('',(6.925E0,8.5E-1,7.7E0));
#5970=LINE('',#5969,#5968);
#5971=DIRECTION('',(-1.E0,0.E0,0.E0));
#5972=VECTOR('',#5971,9.E-1);
#5973=CARTESIAN_POINT('',(6.925E0,8.5E-1,3.5E0));
#5974=LINE('',#5973,#5972);
#5975=DIRECTION('',(0.E0,1.E0,0.E0));
#5976=VECTOR('',#5975,8.5E-1);
#5977=CARTESIAN_POINT('',(6.025E0,0.E0,7.7E0));
#5978=LINE('',#5977,#5976);
#5979=DIRECTION('',(0.E0,-1.E0,0.E0));
#5980=VECTOR('',#5979,8.5E-1);
#5981=CARTESIAN_POINT('',(6.025E0,8.5E-1,3.5E0));
#5982=LINE('',#5981,#5980);
#5983=DIRECTION('',(0.E0,1.E0,0.E0));
#5984=VECTOR('',#5983,8.5E-1);
#5985=CARTESIAN_POINT('',(6.925E0,0.E0,7.7E0));
#5986=LINE('',#5985,#5984);
#5987=DIRECTION('',(0.E0,1.E0,0.E0));
#5988=VECTOR('',#5987,8.5E-1);
#5989=CARTESIAN_POINT('',(6.925E0,0.E0,3.5E0));
#5990=LINE('',#5989,#5988);
#5991=DIRECTION('',(0.E0,-1.E0,-1.084286521762E-13));
#5992=VECTOR('',#5991,1.515402104026E-1);
#5993=CARTESIAN_POINT('',(6.125E0,5.508263655991E-1,3.5E0));
#5994=LINE('',#5993,#5992);
#5995=DIRECTION('',(0.E0,1.E0,1.084286521762E-13));
#5996=VECTOR('',#5995,1.515402104026E-1);
#5997=CARTESIAN_POINT('',(6.825E0,3.992861551966E-1,3.5E0));
#5998=LINE('',#5997,#5996);
#5999=CARTESIAN_POINT('',(6.125E0,5.35E0,2.799691191779E0));
#6000=DIRECTION('',(-1.E0,0.E0,0.E0));
#6001=DIRECTION('',(0.E0,-9.895203369899E-1,1.443935687053E-1));
#6002=AXIS2_PLACEMENT_3D('',#5999,#6000,#6001);
#6004=DIRECTION('',(0.E0,4.999999999998E-1,8.660254037846E-1));
#6005=VECTOR('',#6004,3.994845223846E-1);
#6006=CARTESIAN_POINT('',(6.125E0,1.149776791646E0,5.224691191780E0));
#6007=LINE('',#6006,#6005);
#6008=CARTESIAN_POINT('',(6.125E0,7.E-1,5.945654936584E0));
#6009=DIRECTION('',(1.E0,0.E0,0.E0));
#6010=DIRECTION('',(0.E0,8.660254037848E-1,-4.999999999994E-1));
#6011=AXIS2_PLACEMENT_3D('',#6008,#6009,#6010);
#6013=DIRECTION('',(0.E0,-7.071067811866E-1,7.071067811865E-1));
#6014=VECTOR('',#6013,6.707106781184E-1);
#6015=CARTESIAN_POINT('',(6.125E0,1.230330085890E0,6.475985022474E0));
#6016=LINE('',#6015,#6014);
#6017=DIRECTION('',(0.E0,-7.071067811868E-1,-7.071067811863E-1));
#6018=VECTOR('',#6017,1.5E-1);
#6019=CARTESIAN_POINT('',(6.125E0,7.560660171780E-1,6.950249091186E0));
#6020=LINE('',#6019,#6018);
#6021=DIRECTION('',(0.E0,7.071067811866E-1,-7.071067811865E-1));
#6022=VECTOR('',#6021,6.707106781184E-1);
#6023=CARTESIAN_POINT('',(6.125E0,6.5E-1,6.844183074008E0));
#6024=LINE('',#6023,#6022);
#6025=CARTESIAN_POINT('',(6.125E0,7.E-1,5.945654936584E0));
#6026=DIRECTION('',(-1.E0,0.E0,0.E0));
#6027=DIRECTION('',(0.E0,7.071067811852E-1,7.071067811879E-1));
#6028=AXIS2_PLACEMENT_3D('',#6025,#6026,#6027);
#6030=DIRECTION('',(0.E0,-4.999999999998E-1,-8.660254037845E-1));
#6031=VECTOR('',#6030,3.994845223868E-1);
#6032=CARTESIAN_POINT('',(6.125E0,1.219615242270E0,5.645654936584E0));
#6033=LINE('',#6032,#6031);
#6034=CARTESIAN_POINT('',(6.125E0,5.35E0,2.799691191779E0));
#6035=DIRECTION('',(1.E0,0.E0,0.E0));
#6036=DIRECTION('',(0.E0,-8.660254037849E-1,4.999999999992E-1));
#6037=AXIS2_PLACEMENT_3D('',#6034,#6035,#6036);
#6039=DIRECTION('',(-1.E0,-1.128938212755E-12,-2.273736754432E-12));
#6040=VECTOR('',#6039,7.E-1);
#6041=CARTESIAN_POINT('',(6.825E0,1.149776791647E0,5.224691191782E0));
#6042=LINE('',#6041,#6040);
#6043=DIRECTION('',(1.E0,0.E0,0.E0));
#6044=VECTOR('',#6043,7.E-1);
#6045=CARTESIAN_POINT('',(6.125E0,5.508263655991E-1,3.5E0));
#6046=LINE('',#6045,#6044);
#6047=CARTESIAN_POINT('',(6.825E0,5.35E0,2.799691191779E0));
#6048=DIRECTION('',(-1.E0,0.E0,0.E0));
#6049=DIRECTION('',(0.E0,-9.901427689607E-1,1.400617616442E-1));
#6050=AXIS2_PLACEMENT_3D('',#6047,#6048,#6049);
#6052=DIRECTION('',(0.E0,4.999999999999E-1,8.660254037845E-1));
#6053=VECTOR('',#6052,3.994845223861E-1);
#6054=CARTESIAN_POINT('',(6.825E0,1.019872981077E0,5.299691191778E0));
#6055=LINE('',#6054,#6053);
#6056=CARTESIAN_POINT('',(6.825E0,7.E-1,5.945654936584E0));
#6057=DIRECTION('',(1.E0,0.E0,0.E0));
#6058=DIRECTION('',(0.E0,8.660254037826E-1,-5.000000000032E-1));
#6059=AXIS2_PLACEMENT_3D('',#6056,#6057,#6058);
#6061=DIRECTION('',(0.E0,-7.071067811865E-1,7.071067811865E-1));
#6062=VECTOR('',#6061,6.707106781185E-1);
#6063=CARTESIAN_POINT('',(6.825E0,1.124264068712E0,6.369919005296E0));
#6064=LINE('',#6063,#6062);
#6065=DIRECTION('',(0.E0,7.071067811868E-1,7.071067811863E-1));
#6066=VECTOR('',#6065,1.5E-1);
#6067=CARTESIAN_POINT('',(6.825E0,6.5E-1,6.844183074008E0));
#6068=LINE('',#6067,#6066);
#6069=DIRECTION('',(0.E0,7.071067811866E-1,-7.071067811865E-1));
#6070=VECTOR('',#6069,6.707106781183E-1);
#6071=CARTESIAN_POINT('',(6.825E0,7.560660171780E-1,6.950249091186E0));
#6072=LINE('',#6071,#6070);
#6073=CARTESIAN_POINT('',(6.825E0,7.E-1,5.945654936584E0));
#6074=DIRECTION('',(-1.E0,0.E0,0.E0));
#6075=DIRECTION('',(0.E0,7.071067811853E-1,7.071067811878E-1));
#6076=AXIS2_PLACEMENT_3D('',#6073,#6074,#6075);
#6078=DIRECTION('',(0.E0,-4.999999999999E-1,-8.660254037845E-1));
#6079=VECTOR('',#6078,3.994845223833E-1);
#6080=CARTESIAN_POINT('',(6.825E0,1.349519052839E0,5.570654936585E0));
#6081=LINE('',#6080,#6079);
#6082=CARTESIAN_POINT('',(6.825E0,5.35E0,2.799691191779E0));
#6083=DIRECTION('',(1.E0,0.E0,0.E0));
#6084=DIRECTION('',(0.E0,-8.660254037837E-1,5.000000000013E-1));
#6085=AXIS2_PLACEMENT_3D('',#6082,#6083,#6084);
#6087=DIRECTION('',(1.E0,4.022179414928E-13,8.120488408687E-13));
#6088=VECTOR('',#6087,7.E-1);
#6089=CARTESIAN_POINT('',(6.125E0,1.019872981077E0,5.299691191778E0));
#6090=LINE('',#6089,#6088);
#6091=DIRECTION('',(-1.E0,0.E0,0.E0));
#6092=VECTOR('',#6091,7.E-1);
#6093=CARTESIAN_POINT('',(6.825E0,3.992861551966E-1,3.5E0));
#6094=LINE('',#6093,#6092);
#6095=DIRECTION('',(1.E0,1.043609643148E-13,-1.370332418966E-13));
#6096=VECTOR('',#6095,7.E-1);
#6097=CARTESIAN_POINT('',(6.125E0,1.124264068712E0,6.369919005296E0));
#6098=LINE('',#6097,#6096);
#6099=DIRECTION('',(-1.E0,3.552713678801E-14,8.247371040073E-14));
#6100=VECTOR('',#6099,7.E-1);
#6101=CARTESIAN_POINT('',(6.825E0,1.219615242270E0,5.645654936583E0));
#6102=LINE('',#6101,#6100);
#6103=DIRECTION('',(1.E0,2.696255916947E-14,0.E0));
#6104=VECTOR('',#6103,7.E-1);
#6105=CARTESIAN_POINT('',(6.125E0,6.5E-1,6.844183074008E0));
#6106=LINE('',#6105,#6104);
#6107=DIRECTION('',(1.E0,0.E0,-2.918300521872E-14));
#6108=VECTOR('',#6107,7.E-1);
#6109=CARTESIAN_POINT('',(6.125E0,7.560660171780E-1,6.950249091186E0));
#6110=LINE('',#6109,#6108);
#6111=DIRECTION('',(1.E0,2.699427982731E-13,6.483702463811E-13));
#6112=VECTOR('',#6111,7.E-1);
#6113=CARTESIAN_POINT('',(6.125E0,1.349519052838E0,5.570654936584E0));
#6114=LINE('',#6113,#6112);
#6115=DIRECTION('',(-1.E0,1.053125840502E-13,-1.370332418966E-13));
#6116=VECTOR('',#6115,7.E-1);
#6117=CARTESIAN_POINT('',(6.825E0,1.230330085890E0,6.475985022474E0));
#6118=LINE('',#6117,#6116);
#6119=DIRECTION('',(0.E0,-1.E0,0.E0));
#6120=VECTOR('',#6119,6.E-1);
#6121=CARTESIAN_POINT('',(8.225E0,8.5E-1,1.04E1));
#6122=LINE('',#6121,#6120);
#6123=DIRECTION('',(0.E0,0.E0,-1.E0));
#6124=VECTOR('',#6123,4.5E-1);
#6125=CARTESIAN_POINT('',(8.225E0,8.5E-1,2.75E0));
#6126=LINE('',#6125,#6124);
#6127=DIRECTION('',(7.071067811866E-1,0.E0,7.071067811865E-1));
#6128=VECTOR('',#6127,6.363961030679E-1);
#6129=CARTESIAN_POINT('',(7.775E0,8.5E-1,2.3E0));
#6130=LINE('',#6129,#6128);
#6131=DIRECTION('',(7.071067811865E-1,0.E0,7.071067811866E-1));
#6132=VECTOR('',#6131,2.121320343560E0);
#6133=CARTESIAN_POINT('',(8.225E0,8.5E-1,2.75E0));
#6134=LINE('',#6133,#6132);
#6135=DIRECTION('',(0.E0,0.E0,1.E0));
#6136=VECTOR('',#6135,6.15E0);
#6137=CARTESIAN_POINT('',(9.725E0,8.5E-1,4.25E0));
#6138=LINE('',#6137,#6136);
#6139=DIRECTION('',(-1.E0,0.E0,0.E0));
#6140=VECTOR('',#6139,1.5E0);
#6141=CARTESIAN_POINT('',(9.725E0,8.5E-1,1.04E1));
#6142=LINE('',#6141,#6140);
#6143=DIRECTION('',(0.E0,0.E0,-1.E0));
#6144=VECTOR('',#6143,7.65E0);
#6145=CARTESIAN_POINT('',(8.225E0,8.5E-1,1.04E1));
#6146=LINE('',#6145,#6144);
#6147=DIRECTION('',(0.E0,0.E0,1.E0));
#6148=VECTOR('',#6147,3.7E0);
#6149=CARTESIAN_POINT('',(8.525E0,8.5E-1,6.3E0));
#6150=LINE('',#6149,#6148);
#6151=DIRECTION('',(1.E0,0.E0,0.E0));
#6152=VECTOR('',#6151,9.E-1);
#6153=CARTESIAN_POINT('',(8.525E0,8.5E-1,1.E1));
#6154=LINE('',#6153,#6152);
#6155=DIRECTION('',(0.E0,0.E0,-1.E0));
#6156=VECTOR('',#6155,3.7E0);
#6157=CARTESIAN_POINT('',(9.425E0,8.5E-1,1.E1));
#6158=LINE('',#6157,#6156);
#6159=DIRECTION('',(-1.E0,0.E0,0.E0));
#6160=VECTOR('',#6159,9.E-1);
#6161=CARTESIAN_POINT('',(9.425E0,8.5E-1,6.3E0));
#6162=LINE('',#6161,#6160);
#6163=DIRECTION('',(0.E0,0.E0,-1.E0));
#6164=VECTOR('',#6163,3.2E0);
#6165=CARTESIAN_POINT('',(1.0975E1,8.5E-1,5.5E0));
#6166=LINE('',#6165,#6164);
#6167=DIRECTION('',(1.548618783067E-14,0.E0,1.E0));
#6168=VECTOR('',#6167,1.95E0);
#6169=CARTESIAN_POINT('',(9.725E0,8.5E-1,2.3E0));
#6170=LINE('',#6169,#6168);
#6171=DIRECTION('',(7.071067811865E-1,0.E0,7.071067811865E-1));
#6172=VECTOR('',#6171,1.767766952966E0);
#6173=CARTESIAN_POINT('',(9.725E0,8.5E-1,4.25E0));
#6174=LINE('',#6173,#6172);
#6175=DIRECTION('',(1.E0,0.E0,0.E0));
#6176=VECTOR('',#6175,1.25E0);
#6177=CARTESIAN_POINT('',(9.725E0,8.5E-1,2.3E0));
#6178=LINE('',#6177,#6176);
#6179=DIRECTION('',(0.E0,-1.E0,0.E0));
#6180=VECTOR('',#6179,6.E-1);
#6181=CARTESIAN_POINT('',(1.0975E1,8.5E-1,2.3E0));
#6182=LINE('',#6181,#6180);
#6183=DIRECTION('',(-1.E0,0.E0,0.E0));
#6184=VECTOR('',#6183,1.25E0);
#6185=CARTESIAN_POINT('',(1.0975E1,2.5E-1,2.3E0));
#6186=LINE('',#6185,#6184);
#6187=DIRECTION('',(0.E0,1.E0,0.E0));
#6188=VECTOR('',#6187,6.E-1);
#6189=CARTESIAN_POINT('',(9.725E0,2.5E-1,2.3E0));
#6190=LINE('',#6189,#6188);
#6191=DIRECTION('',(0.E0,-1.E0,0.E0));
#6192=VECTOR('',#6191,6.E-1);
#6193=CARTESIAN_POINT('',(9.725E0,8.5E-1,1.04E1));
#6194=LINE('',#6193,#6192);
#6195=DIRECTION('',(0.E0,1.E0,0.E0));
#6196=VECTOR('',#6195,8.5E-1);
#6197=CARTESIAN_POINT('',(8.525E0,0.E0,1.E1));
#6198=LINE('',#6197,#6196);
#6199=DIRECTION('',(0.E0,-1.E0,0.E0));
#6200=VECTOR('',#6199,8.5E-1);
#6201=CARTESIAN_POINT('',(8.525E0,8.5E-1,6.3E0));
#6202=LINE('',#6201,#6200);
#6203=DIRECTION('',(0.E0,1.E0,0.E0));
#6204=VECTOR('',#6203,8.5E-1);
#6205=CARTESIAN_POINT('',(9.425E0,0.E0,1.E1));
#6206=LINE('',#6205,#6204);
#6207=DIRECTION('',(0.E0,1.E0,0.E0));
#6208=VECTOR('',#6207,8.5E-1);
#6209=CARTESIAN_POINT('',(9.425E0,0.E0,6.3E0));
#6210=LINE('',#6209,#6208);
#6211=DIRECTION('',(0.E0,-1.E0,-1.054981480633E-13));
#6212=VECTOR('',#6211,1.515402104026E-1);
#6213=CARTESIAN_POINT('',(8.625E0,5.508263655992E-1,6.3E0));
#6214=LINE('',#6213,#6212);
#6215=DIRECTION('',(0.E0,1.E0,1.054981480633E-13));
#6216=VECTOR('',#6215,1.515402104026E-1);
#6217=CARTESIAN_POINT('',(9.325E0,3.992861551966E-1,6.3E0));
#6218=LINE('',#6217,#6216);
#6219=CARTESIAN_POINT('',(8.625E0,5.35E0,5.599691191779E0));
#6220=DIRECTION('',(-1.E0,0.E0,0.E0));
#6221=DIRECTION('',(0.E0,-9.895203369899E-1,1.443935687053E-1));
#6222=AXIS2_PLACEMENT_3D('',#6219,#6220,#6221);
#6224=DIRECTION('',(0.E0,4.999999999997E-1,8.660254037846E-1));
#6225=VECTOR('',#6224,3.994845223849E-1);
#6226=CARTESIAN_POINT('',(8.625E0,1.149776791646E0,8.024691191780E0));
#6227=LINE('',#6226,#6225);
#6228=CARTESIAN_POINT('',(8.625E0,7.E-1,8.745654936584E0));
#6229=DIRECTION('',(1.E0,0.E0,0.E0));
#6230=DIRECTION('',(0.E0,8.660254037854E-1,-4.999999999983E-1));
#6231=AXIS2_PLACEMENT_3D('',#6228,#6229,#6230);
#6233=DIRECTION('',(0.E0,-7.071067811866E-1,7.071067811865E-1));
#6234=VECTOR('',#6233,6.707106781184E-1);
#6235=CARTESIAN_POINT('',(8.625E0,1.230330085890E0,9.275985022474E0));
#6236=LINE('',#6235,#6234);
#6237=DIRECTION('',(0.E0,-7.071067811868E-1,-7.071067811863E-1));
#6238=VECTOR('',#6237,1.5E-1);
#6239=CARTESIAN_POINT('',(8.625E0,7.560660171780E-1,9.750249091186E0));
#6240=LINE('',#6239,#6238);
#6241=DIRECTION('',(0.E0,7.071067811866E-1,-7.071067811865E-1));
#6242=VECTOR('',#6241,6.707106781184E-1);
#6243=CARTESIAN_POINT('',(8.625E0,6.5E-1,9.644183074008E0));
#6244=LINE('',#6243,#6242);
#6245=CARTESIAN_POINT('',(8.625E0,7.E-1,8.745654936584E0));
#6246=DIRECTION('',(-1.E0,0.E0,0.E0));
#6247=DIRECTION('',(0.E0,7.071067811852E-1,7.071067811879E-1));
#6248=AXIS2_PLACEMENT_3D('',#6245,#6246,#6247);
#6250=DIRECTION('',(0.E0,-4.999999999997E-1,-8.660254037846E-1));
#6251=VECTOR('',#6250,3.994845223875E-1);
#6252=CARTESIAN_POINT('',(8.625E0,1.219615242270E0,8.445654936583E0));
#6253=LINE('',#6252,#6251);
#6254=CARTESIAN_POINT('',(8.625E0,5.35E0,5.599691191779E0));
#6255=DIRECTION('',(1.E0,0.E0,0.E0));
#6256=DIRECTION('',(0.E0,-8.660254037851E-1,4.999999999988E-1));
#6257=AXIS2_PLACEMENT_3D('',#6254,#6255,#6256);
#6259=DIRECTION('',(-1.E0,-6.439293542826E-13,-1.296740492762E-12));
#6260=VECTOR('',#6259,7.E-1);
#6261=CARTESIAN_POINT('',(9.325E0,1.149776791647E0,8.024691191781E0));
#6262=LINE('',#6261,#6260);
#6263=DIRECTION('',(1.E0,0.E0,0.E0));
#6264=VECTOR('',#6263,7.E-1);
#6265=CARTESIAN_POINT('',(8.625E0,5.508263655992E-1,6.3E0));
#6266=LINE('',#6265,#6264);
#6267=CARTESIAN_POINT('',(9.325E0,5.35E0,5.599691191779E0));
#6268=DIRECTION('',(-1.E0,0.E0,0.E0));
#6269=DIRECTION('',(0.E0,-9.901427689607E-1,1.400617616442E-1));
#6270=AXIS2_PLACEMENT_3D('',#6267,#6268,#6269);
#6272=DIRECTION('',(0.E0,4.999999999998E-1,8.660254037845E-1));
#6273=VECTOR('',#6272,3.994845223864E-1);
#6274=CARTESIAN_POINT('',(9.325E0,1.019872981077E0,8.099691191778E0));
#6275=LINE('',#6274,#6273);
#6276=CARTESIAN_POINT('',(9.325E0,7.E-1,8.745654936584E0));
#6277=DIRECTION('',(1.E0,0.E0,0.E0));
#6278=DIRECTION('',(0.E0,8.660254037835E-1,-5.000000000017E-1));
#6279=AXIS2_PLACEMENT_3D('',#6276,#6277,#6278);
#6281=DIRECTION('',(0.E0,-7.071067811865E-1,7.071067811865E-1));
#6282=VECTOR('',#6281,6.707106781185E-1);
#6283=CARTESIAN_POINT('',(9.325E0,1.124264068712E0,9.169919005296E0));
#6284=LINE('',#6283,#6282);
#6285=DIRECTION('',(0.E0,7.071067811868E-1,7.071067811863E-1));
#6286=VECTOR('',#6285,1.5E-1);
#6287=CARTESIAN_POINT('',(9.325E0,6.5E-1,9.644183074008E0));
#6288=LINE('',#6287,#6286);
#6289=DIRECTION('',(0.E0,7.071067811866E-1,-7.071067811865E-1));
#6290=VECTOR('',#6289,6.707106781183E-1);
#6291=CARTESIAN_POINT('',(9.325E0,7.560660171780E-1,9.750249091186E0));
#6292=LINE('',#6291,#6290);
#6293=CARTESIAN_POINT('',(9.325E0,7.E-1,8.745654936584E0));
#6294=DIRECTION('',(-1.E0,0.E0,0.E0));
#6295=DIRECTION('',(0.E0,7.071067811853E-1,7.071067811878E-1));
#6296=AXIS2_PLACEMENT_3D('',#6293,#6294,#6295);
#6298=DIRECTION('',(0.E0,-4.999999999998E-1,-8.660254037846E-1));
#6299=VECTOR('',#6298,3.994845223841E-1);
#6300=CARTESIAN_POINT('',(9.325E0,1.349519052839E0,8.370654936585E0));
#6301=LINE('',#6300,#6299);
#6302=CARTESIAN_POINT('',(9.325E0,5.35E0,5.599691191779E0));
#6303=DIRECTION('',(1.E0,0.E0,0.E0));
#6304=DIRECTION('',(0.E0,-8.660254037839E-1,5.000000000009E-1));
#6305=AXIS2_PLACEMENT_3D('',#6302,#6303,#6304);
#6307=DIRECTION('',(1.E0,8.726352973554E-13,1.763668576262E-12));
#6308=VECTOR('',#6307,7.E-1);
#6309=CARTESIAN_POINT('',(8.625E0,1.019872981077E0,8.099691191777E0));
#6310=LINE('',#6309,#6308);
#6311=DIRECTION('',(-1.E0,0.E0,0.E0));
#6312=VECTOR('',#6311,7.E-1);
#6313=CARTESIAN_POINT('',(9.325E0,3.992861551966E-1,6.3E0));
#6314=LINE('',#6313,#6312);
#6315=DIRECTION('',(1.E0,1.053125840502E-13,-1.395708945243E-13));
#6316=VECTOR('',#6315,7.E-1);
#6317=CARTESIAN_POINT('',(8.625E0,1.124264068712E0,9.169919005296E0));
#6318=LINE('',#6317,#6316);
#6319=DIRECTION('',(-1.E0,-1.627269747522E-13,-3.958738099235E-13));
#6320=VECTOR('',#6319,7.E-1);
#6321=CARTESIAN_POINT('',(9.325E0,1.219615242270E0,8.445654936584E0));
#6322=LINE('',#6321,#6320);
#6323=DIRECTION('',(1.E0,2.712116245870E-14,0.E0));
#6324=VECTOR('',#6323,7.E-1);
#6325=CARTESIAN_POINT('',(8.625E0,6.5E-1,9.644183074008E0));
#6326=LINE('',#6325,#6324);
#6327=DIRECTION('',(1.E0,0.E0,-2.791417890486E-14));
#6328=VECTOR('',#6327,7.E-1);
#6329=CARTESIAN_POINT('',(8.625E0,7.560660171780E-1,9.750249091186E0));
#6330=LINE('',#6329,#6328);
#6331=DIRECTION('',(1.E0,9.643079985316E-14,2.283887364943E-13));
#6332=VECTOR('',#6331,7.E-1);
#6333=CARTESIAN_POINT('',(8.625E0,1.349519052838E0,8.370654936584E0));
#6334=LINE('',#6333,#6332);
#6335=DIRECTION('',(-1.E0,1.056297906286E-13,-1.370332418966E-13));
#6336=VECTOR('',#6335,7.E-1);
#6337=CARTESIAN_POINT('',(9.325E0,1.230330085890E0,9.275985022474E0));
#6338=LINE('',#6337,#6336);
#6339=DIRECTION('',(0.E0,-1.E0,0.E0));
#6340=VECTOR('',#6339,1.75E0);
#6341=CARTESIAN_POINT('',(1.1775E1,2.6E0,2.407304626357E1));
#6342=LINE('',#6341,#6340);
#6343=DIRECTION('',(0.E0,1.E0,0.E0));
#6344=VECTOR('',#6343,1.75E0);
#6345=CARTESIAN_POINT('',(1.1775E1,8.5E-1,6.3E0));
#6346=LINE('',#6345,#6344);
#6347=DIRECTION('',(-1.750695051888E-13,0.E0,-1.E0));
#6348=VECTOR('',#6347,1.116123862481E-1);
#6349=CARTESIAN_POINT('',(1.1775E1,2.55E0,1.314261662113E1));
#6350=LINE('',#6349,#6348);
#6351=DIRECTION('',(-1.076689119714E-14,-1.E0,-7.456072154018E-13));
#6352=VECTOR('',#6351,6.599330510083E-1);
#6353=CARTESIAN_POINT('',(1.1775E1,2.55E0,1.303100423488E1));
#6354=LINE('',#6353,#6352);
#6355=DIRECTION('',(1.905619133121E-13,6.651901052323E-2,9.977851578566E-1));
#6356=VECTOR('',#6355,1.118601387985E-1);
#6357=CARTESIAN_POINT('',(1.1775E1,1.890066948992E0,1.303100423488E1));
#6358=LINE('',#6357,#6356);
#6359=DIRECTION('',(0.E0,1.E0,-4.219748518812E-13));
#6360=VECTOR('',#6359,6.524922252584E-1);
#6361=CARTESIAN_POINT('',(1.1775E1,1.897507774742E0,1.314261662113E1));
#6362=LINE('',#6361,#6360);
#6363=DIRECTION('',(0.E0,1.E0,-3.080387582774E-14));
#6364=VECTOR('',#6363,6.920000000003E-1);
#6365=CARTESIAN_POINT('',(1.1775E1,1.858E0,1.255E1));
#6366=LINE('',#6365,#6364);
#6367=DIRECTION('',(0.E0,0.E0,-1.E0));
#6368=VECTOR('',#6367,1.E-1);
#6369=CARTESIAN_POINT('',(1.1775E1,2.55E0,1.255E1));
#6370=LINE('',#6369,#6368);
#6371=DIRECTION('',(0.E0,-1.E0,1.525497285744E-14));
#6372=VECTOR('',#6371,6.986666666671E-1);
#6373=CARTESIAN_POINT('',(1.1775E1,2.55E0,1.245E1));
#6374=LINE('',#6373,#6372);
#6375=DIRECTION('',(0.E0,6.651901052523E-2,9.977851578565E-1));
#6376=VECTOR('',#6375,1.002219758558E-1);
#6377=CARTESIAN_POINT('',(1.1775E1,1.851333333333E0,1.245E1));
#6378=LINE('',#6377,#6376);
#6379=DIRECTION('',(0.E0,-1.E0,0.E0));
#6380=VECTOR('',#6379,1.75E0);
#6381=CARTESIAN_POINT('',(1.3625E1,2.6E0,2.407304626357E1));
#6382=LINE('',#6381,#6380);
#6383=DIRECTION('',(0.E0,-1.E0,0.E0));
#6384=VECTOR('',#6383,1.75E0);
#6385=CARTESIAN_POINT('',(1.3625E1,2.6E0,2.61E1));
#6386=LINE('',#6385,#6384);
#6387=DIRECTION('',(1.390633639988E-13,-1.E0,0.E0));
#6388=VECTOR('',#6387,1.75E0);
#6389=CARTESIAN_POINT('',(1.1725E1,2.6E0,2.61E1));
#6390=LINE('',#6389,#6388);
#6391=DIRECTION('',(1.E0,0.E0,0.E0));
#6392=VECTOR('',#6391,3.3E-1);
#6393=CARTESIAN_POINT('',(1.1445E1,2.55E0,1.245E1));
#6394=LINE('',#6393,#6392);
#6395=DIRECTION('',(-1.E0,0.E0,0.E0));
#6396=VECTOR('',#6395,3.3E-1);
#6397=CARTESIAN_POINT('',(1.1775E1,2.55E0,1.255E1));
#6398=LINE('',#6397,#6396);
#6399=CARTESIAN_POINT('',(1.1445E1,2.55E0,1.27E1));
#6400=DIRECTION('',(0.E0,1.E0,0.E0));
#6401=DIRECTION('',(-5.921189464667E-14,0.E0,-1.E0));
#6402=AXIS2_PLACEMENT_3D('',#6399,#6400,#6401);
#6404=CARTESIAN_POINT('',(1.1445E1,2.55E0,1.27E1));
#6405=DIRECTION('',(0.E0,1.E0,0.E0));
#6406=DIRECTION('',(-1.E0,0.E0,0.E0));
#6407=AXIS2_PLACEMENT_3D('',#6404,#6405,#6406);
#6409=DIRECTION('',(8.959579071730E-1,0.E0,4.441389743923E-1));
#6410=VECTOR('',#6409,4.426779907590E-1);
#6411=CARTESIAN_POINT('',(1.137837915385E1,2.55E0,1.283439368608E1));
#6412=LINE('',#6411,#6410);
#6413=DIRECTION('',(-8.959579071712E-1,0.E0,-4.441389743959E-1));
#6414=VECTOR('',#6413,4.922494015339E-1);
#6415=CARTESIAN_POINT('',(1.1775E1,2.55E0,1.314261662113E1));
#6416=LINE('',#6415,#6414);
#6417=CARTESIAN_POINT('',(1.1445E1,2.55E0,1.27E1));
#6418=DIRECTION('',(0.E0,-1.E0,0.E0));
#6419=DIRECTION('',(-4.441389744684E-1,0.E0,8.959579071353E-1));
#6420=AXIS2_PLACEMENT_3D('',#6417,#6418,#6419);
#6422=CARTESIAN_POINT('',(1.1445E1,2.55E0,1.27E1));
#6423=DIRECTION('',(0.E0,-1.E0,0.E0));
#6424=DIRECTION('',(-1.E0,0.E0,0.E0));
#6425=AXIS2_PLACEMENT_3D('',#6422,#6423,#6424);
#6427=DIRECTION('',(1.E0,1.271245659818E-13,0.E0));
#6428=VECTOR('',#6427,3.301205396983E-1);
#6429=CARTESIAN_POINT('',(1.144487946030E1,1.851333333333E0,1.245E1));
#6430=LINE('',#6429,#6428);
#6431=DIRECTION('',(-4.950273467614E-5,-9.999999984737E-1,-2.453920316218E-5));
#6432=VECTOR('',#6431,6.670684605213E-1);
#6433=CARTESIAN_POINT('',(1.133396525639E1,2.55E0,1.292398947679E1));
#6434=LINE('',#6433,#6432);
#6435=CARTESIAN_POINT('',(1.133393223468E1,1.882931540497E0,1.292397310746E1));
#6436=CARTESIAN_POINT('',(1.132000535854E1,1.882471290565E0,1.291706935848E1));
#6437=CARTESIAN_POINT('',(1.129384951992E1,1.881393700186E0,1.290090550282E1));
#6438=CARTESIAN_POINT('',(1.125943347371E1,1.879310666097E0,1.286965999147E1));
#6439=CARTESIAN_POINT('',(1.123142078547E1,1.876844012789E0,1.283266019185E1));
#6440=CARTESIAN_POINT('',(1.121064262140E1,1.874073136078E0,1.279109704118E1));
#6441=CARTESIAN_POINT('',(1.119787546803E1,1.871086418095E0,1.274629627144E1));
#6442=CARTESIAN_POINT('',(1.119501007630E1,1.869042648274E0,1.271563972412E1));
#6443=CARTESIAN_POINT('',(1.119501007629E1,1.868004184729E0,1.270006277094E1));
#6445=CARTESIAN_POINT('',(1.119501007629E1,1.868004184729E0,1.270006277094E1));
#6446=CARTESIAN_POINT('',(1.119501007628E1,1.867017313116E0,1.268525969675E1));
#6447=CARTESIAN_POINT('',(1.119755662408E1,1.865086431416E0,1.265629647126E1));
#6448=CARTESIAN_POINT('',(1.120897013691E1,1.862251944609E0,1.261377916916E1));
#6449=CARTESIAN_POINT('',(1.122756839608E1,1.859604206761E0,1.257406310143E1));
#6450=CARTESIAN_POINT('',(1.125271688262E1,1.857216084210E0,1.253824126316E1));
#6451=CARTESIAN_POINT('',(1.128376436956E1,1.855152169189E0,1.250728253785E1));
#6452=CARTESIAN_POINT('',(1.131956728566E1,1.853485709264E0,1.248228563898E1));
#6453=CARTESIAN_POINT('',(1.135916834083E1,1.852256243418E0,1.246384365128E1));
#6454=CARTESIAN_POINT('',(1.140143406369E1,1.851502963442E0,1.245254445164E1));
#6455=CARTESIAN_POINT('',(1.143037482177E1,1.851333333333E0,1.245E1));
#6456=CARTESIAN_POINT('',(1.144487946030E1,1.851333333333E0,1.245E1));
#6458=DIRECTION('',(1.725281915221E-4,9.999999851170E-1,-1.525497263039E-14));
#6459=VECTOR('',#6458,6.986666770654E-1);
#6460=CARTESIAN_POINT('',(1.144487946030E1,1.851333333333E0,1.245E1));
#6461=LINE('',#6460,#6459);
#6462=DIRECTION('',(-8.955654182379E-1,-2.959629413933E-2,-4.439444120941E-1));
#6463=VECTOR('',#6462,4.925020063698E-1);
#6464=CARTESIAN_POINT('',(1.1775E1,1.897507774742E0,1.314261662113E1));
#6465=LINE('',#6464,#6463);
#6466=DIRECTION('',(-8.955654182400E-1,-2.959629413959E-2,-4.439444120900E-1));
#6467=VECTOR('',#6466,4.428719980477E-1);
#6468=CARTESIAN_POINT('',(1.1775E1,1.890066948992E0,1.303100423488E1));
#6469=LINE('',#6468,#6467);
#6470=DIRECTION('',(1.E0,0.E0,0.E0));
#6471=VECTOR('',#6470,3.3E-1);
#6472=CARTESIAN_POINT('',(1.1445E1,1.858E0,1.255E1));
#6473=LINE('',#6472,#6471);
#6474=DIRECTION('',(1.796892756618E-14,-1.E0,2.823688617543E-14));
#6475=VECTOR('',#6474,6.920000000003E-1);
#6476=CARTESIAN_POINT('',(1.1445E1,2.55E0,1.255E1));
#6477=LINE('',#6476,#6475);
#6478=CARTESIAN_POINT('',(1.1445E1,1.858E0,1.255E1));
#6479=CARTESIAN_POINT('',(1.143505209870E1,1.858E0,1.255E1));
#6480=CARTESIAN_POINT('',(1.141560078666E1,1.858129138145E0,1.255193707220E1));
#6481=CARTESIAN_POINT('',(1.138726690224E1,1.858700513893E0,1.256050770840E1));
#6482=CARTESIAN_POINT('',(1.136124641663E1,1.859626929464E0,1.257440394197E1));
#6483=CARTESIAN_POINT('',(1.133838045439E1,1.860874831801E0,1.259312247703E1));
#6484=CARTESIAN_POINT('',(1.131958802849E1,1.862397237967E0,1.261595856952E1));
#6485=CARTESIAN_POINT('',(1.130556584431E1,1.864140119661E0,1.264210179493E1));
#6486=CARTESIAN_POINT('',(1.129695403038E1,1.866033531716E0,1.267050297576E1));
#6487=CARTESIAN_POINT('',(1.129499559539E1,1.867334620898E0,1.269001931348E1));
#6488=CARTESIAN_POINT('',(1.129499559735E1,1.868000001962E0,1.270000002944E1));
#6490=CARTESIAN_POINT('',(1.129499559735E1,1.868000001962E0,1.270000002944E1));
#6491=CARTESIAN_POINT('',(1.129499559919E1,1.868625595639E0,1.270938393459E1));
#6492=CARTESIAN_POINT('',(1.129673244978E1,1.869852080569E0,1.272778120856E1));
#6493=CARTESIAN_POINT('',(1.130437538352E1,1.871642794797E0,1.275464192197E1));
#6494=CARTESIAN_POINT('',(1.131687875708E1,1.873309272595E0,1.277963908895E1));
#6495=CARTESIAN_POINT('',(1.133365963918E1,1.874786169229E0,1.280179253846E1));
#6496=CARTESIAN_POINT('',(1.135431590970E1,1.876036515365E0,1.282054773050E1));
#6497=CARTESIAN_POINT('',(1.136999297243E1,1.876682435842E0,1.283023653764E1));
#6498=CARTESIAN_POINT('',(1.137837915384E1,1.876959579071E0,1.283439368608E1));
#6500=DIRECTION('',(9.538436946676E-12,1.E0,4.697957322934E-12));
#6501=VECTOR('',#6500,6.730404209287E-1);
#6502=CARTESIAN_POINT('',(1.137837915384E1,1.876959579071E0,1.283439368608E1));
#6503=LINE('',#6502,#6501);
#6504=DIRECTION('',(0.E0,0.E0,1.E0));
#6505=VECTOR('',#6504,2.E0);
#6506=CARTESIAN_POINT('',(-1.4225E1,2.6E0,2.7E1));
#6507=LINE('',#6506,#6505);
#6508=DIRECTION('',(0.E0,1.E0,0.E0));
#6509=VECTOR('',#6508,2.6E0);
#6510=CARTESIAN_POINT('',(-1.4225E1,0.E0,2.7E1));
#6511=LINE('',#6510,#6509);
#6512=DIRECTION('',(0.E0,1.E0,0.E0));
#6513=VECTOR('',#6512,2.6E0);
#6514=CARTESIAN_POINT('',(-1.3975E1,0.E0,2.7E1));
#6515=LINE('',#6514,#6513);
#6516=DIRECTION('',(0.E0,1.E0,0.E0));
#6517=VECTOR('',#6516,2.6E0);
#6518=CARTESIAN_POINT('',(-1.3975E1,0.E0,2.265E1));
#6519=LINE('',#6518,#6517);
#6520=DIRECTION('',(0.E0,-1.E0,0.E0));
#6521=VECTOR('',#6520,1.E0);
#6522=CARTESIAN_POINT('',(-1.3975E1,1.8E0,2.625E1));
#6523=LINE('',#6522,#6521);
#6524=DIRECTION('',(0.E0,-1.E0,0.E0));
#6525=VECTOR('',#6524,1.E0);
#6526=CARTESIAN_POINT('',(-1.3975E1,1.8E0,2.375E1));
#6527=LINE('',#6526,#6525);
#6528=DIRECTION('',(0.E0,-1.E0,0.E0));
#6529=VECTOR('',#6528,2.6E0);
#6530=CARTESIAN_POINT('',(-1.2975E1,2.6E0,2.265E1));
#6531=LINE('',#6530,#6529);
#6532=DIRECTION('',(0.E0,-1.E0,0.E0));
#6533=VECTOR('',#6532,2.6E0);
#6534=CARTESIAN_POINT('',(-1.2975E1,2.6E0,2.015E1));
#6535=LINE('',#6534,#6533);
#6536=DIRECTION('',(0.E0,1.E0,0.E0));
#6537=VECTOR('',#6536,2.6E0);
#6538=CARTESIAN_POINT('',(-1.3975E1,0.E0,0.E0));
#6539=LINE('',#6538,#6537);
#6540=DIRECTION('',(0.E0,-1.E0,0.E0));
#6541=VECTOR('',#6540,2.6E0);
#6542=CARTESIAN_POINT('',(-1.3975E1,2.6E0,2.015E1));
#6543=LINE('',#6542,#6541);
#6544=DIRECTION('',(0.E0,-1.E0,0.E0));
#6545=VECTOR('',#6544,1.E0);
#6546=CARTESIAN_POINT('',(-1.3975E1,1.8E0,4.25E0));
#6547=LINE('',#6546,#6545);
#6548=DIRECTION('',(0.E0,0.E0,1.E0));
#6549=VECTOR('',#6548,1.5E0);
#6550=CARTESIAN_POINT('',(-1.3975E1,8.E-1,4.25E0));
#6551=LINE('',#6550,#6549);
#6552=DIRECTION('',(0.E0,1.E0,0.E0));
#6553=VECTOR('',#6552,1.E0);
#6554=CARTESIAN_POINT('',(-1.3975E1,8.E-1,5.75E0));
#6555=LINE('',#6554,#6553);
#6556=DIRECTION('',(0.E0,0.E0,-1.E0));
#6557=VECTOR('',#6556,1.5E0);
#6558=CARTESIAN_POINT('',(-1.3975E1,1.8E0,5.75E0));
#6559=LINE('',#6558,#6557);
#6560=DIRECTION('',(-5.299989400032E-1,-8.479983040051E-1,0.E0));
#6561=VECTOR('',#6560,4.716990566028E-1);
#6562=CARTESIAN_POINT('',(-1.3975E1,1.8E0,4.25E0));
#6563=LINE('',#6562,#6561);
#6564=DIRECTION('',(0.E0,-1.E0,0.E0));
#6565=VECTOR('',#6564,6.E-1);
#6566=CARTESIAN_POINT('',(-1.4225E1,1.4E0,4.25E0));
#6567=LINE('',#6566,#6565);
#6568=DIRECTION('',(1.E0,0.E0,0.E0));
#6569=VECTOR('',#6568,2.5E-1);
#6570=CARTESIAN_POINT('',(-1.4225E1,8.E-1,4.25E0));
#6571=LINE('',#6570,#6569);
#6572=DIRECTION('',(-1.E0,0.E0,0.E0));
#6573=VECTOR('',#6572,2.5E-1);
#6574=CARTESIAN_POINT('',(-1.3975E1,8.E-1,5.75E0));
#6575=LINE('',#6574,#6573);
#6576=DIRECTION('',(0.E0,1.E0,0.E0));
#6577=VECTOR('',#6576,6.E-1);
#6578=CARTESIAN_POINT('',(-1.4225E1,8.E-1,5.75E0));
#6579=LINE('',#6578,#6577);
#6580=DIRECTION('',(5.299989400032E-1,8.479983040051E-1,0.E0));
#6581=VECTOR('',#6580,4.716990566028E-1);
#6582=CARTESIAN_POINT('',(-1.4225E1,1.4E0,5.75E0));
#6583=LINE('',#6582,#6581);
#6584=DIRECTION('',(0.E0,0.E0,1.E0));
#6585=VECTOR('',#6584,1.5E0);
#6586=CARTESIAN_POINT('',(-1.4225E1,8.E-1,4.25E0));
#6587=LINE('',#6586,#6585);
#6588=DIRECTION('',(0.E0,0.E0,1.E0));
#6589=VECTOR('',#6588,1.5E0);
#6590=CARTESIAN_POINT('',(-1.4225E1,1.4E0,4.25E0));
#6591=LINE('',#6590,#6589);
#6592=DIRECTION('',(-5.299989400032E-1,8.479983040051E-1,0.E0));
#6593=VECTOR('',#6592,4.716990566028E-1);
#6594=CARTESIAN_POINT('',(1.4225E1,1.4E0,2.625E1));
#6595=LINE('',#6594,#6593);
#6596=DIRECTION('',(0.E0,1.E0,0.E0));
#6597=VECTOR('',#6596,6.E-1);
#6598=CARTESIAN_POINT('',(1.4225E1,8.E-1,2.625E1));
#6599=LINE('',#6598,#6597);
#6600=DIRECTION('',(1.E0,0.E0,0.E0));
#6601=VECTOR('',#6600,2.5E-1);
#6602=CARTESIAN_POINT('',(1.3975E1,8.E-1,2.625E1));
#6603=LINE('',#6602,#6601);
#6604=DIRECTION('',(1.E0,0.E0,0.E0));
#6605=VECTOR('',#6604,2.5E-1);
#6606=CARTESIAN_POINT('',(-1.4225E1,8.E-1,2.625E1));
#6607=LINE('',#6606,#6605);
#6608=DIRECTION('',(0.E0,-1.E0,0.E0));
#6609=VECTOR('',#6608,6.E-1);
#6610=CARTESIAN_POINT('',(-1.4225E1,1.4E0,2.625E1));
#6611=LINE('',#6610,#6609);
#6612=DIRECTION('',(-5.299989400032E-1,-8.479983040051E-1,0.E0));
#6613=VECTOR('',#6612,4.716990566028E-1);
#6614=CARTESIAN_POINT('',(-1.3975E1,1.8E0,2.625E1));
#6615=LINE('',#6614,#6613);
#6616=DIRECTION('',(0.E0,0.E0,-1.E0));
#6617=VECTOR('',#6616,2.5E0);
#6618=CARTESIAN_POINT('',(1.3975E1,1.8E0,2.625E1));
#6619=LINE('',#6618,#6617);
#6620=DIRECTION('',(0.E0,0.E0,-1.E0));
#6621=VECTOR('',#6620,2.5E0);
#6622=CARTESIAN_POINT('',(1.4225E1,1.4E0,2.625E1));
#6623=LINE('',#6622,#6621);
#6624=DIRECTION('',(0.E0,0.E0,1.E0));
#6625=VECTOR('',#6624,2.5E0);
#6626=CARTESIAN_POINT('',(1.3975E1,8.E-1,2.375E1));
#6627=LINE('',#6626,#6625);
#6628=DIRECTION('',(0.E0,0.E0,-1.E0));
#6629=VECTOR('',#6628,2.5E0);
#6630=CARTESIAN_POINT('',(1.4225E1,8.E-1,2.625E1));
#6631=LINE('',#6630,#6629);
#6632=DIRECTION('',(1.E0,0.E0,0.E0));
#6633=VECTOR('',#6632,2.5E-1);
#6634=CARTESIAN_POINT('',(1.3975E1,8.E-1,2.375E1));
#6635=LINE('',#6634,#6633);
#6636=DIRECTION('',(0.E0,1.E0,0.E0));
#6637=VECTOR('',#6636,6.E-1);
#6638=CARTESIAN_POINT('',(1.4225E1,8.E-1,2.375E1));
#6639=LINE('',#6638,#6637);
#6640=DIRECTION('',(-5.299989400032E-1,8.479983040051E-1,0.E0));
#6641=VECTOR('',#6640,4.716990566028E-1);
#6642=CARTESIAN_POINT('',(1.4225E1,1.4E0,2.375E1));
#6643=LINE('',#6642,#6641);
#6644=DIRECTION('',(0.E0,0.E0,-1.E0));
#6645=VECTOR('',#6644,2.5E0);
#6646=CARTESIAN_POINT('',(-1.3975E1,8.E-1,2.625E1));
#6647=LINE('',#6646,#6645);
#6648=DIRECTION('',(0.E0,0.E0,-1.E0));
#6649=VECTOR('',#6648,2.5E0);
#6650=CARTESIAN_POINT('',(-1.4225E1,8.E-1,2.625E1));
#6651=LINE('',#6650,#6649);
#6652=DIRECTION('',(0.E0,0.E0,1.E0));
#6653=VECTOR('',#6652,2.5E0);
#6654=CARTESIAN_POINT('',(-1.3975E1,1.8E0,2.375E1));
#6655=LINE('',#6654,#6653);
#6656=DIRECTION('',(0.E0,0.E0,-1.E0));
#6657=VECTOR('',#6656,2.5E0);
#6658=CARTESIAN_POINT('',(-1.4225E1,1.4E0,2.625E1));
#6659=LINE('',#6658,#6657);
#6660=DIRECTION('',(-5.299989400032E-1,-8.479983040051E-1,0.E0));
#6661=VECTOR('',#6660,4.716990566028E-1);
#6662=CARTESIAN_POINT('',(-1.3975E1,1.8E0,2.375E1));
#6663=LINE('',#6662,#6661);
#6664=DIRECTION('',(0.E0,-1.E0,0.E0));
#6665=VECTOR('',#6664,6.E-1);
#6666=CARTESIAN_POINT('',(-1.4225E1,1.4E0,2.375E1));
#6667=LINE('',#6666,#6665);
#6668=DIRECTION('',(1.E0,0.E0,0.E0));
#6669=VECTOR('',#6668,2.5E-1);
#6670=CARTESIAN_POINT('',(-1.4225E1,8.E-1,2.375E1));
#6671=LINE('',#6670,#6669);
#6672=DIRECTION('',(0.E0,1.E0,0.E0));
#6673=VECTOR('',#6672,1.75E0);
#6674=CARTESIAN_POINT('',(1.3625E1,8.5E-1,2.145E1));
#6675=LINE('',#6674,#6673);
#6676=DIRECTION('',(0.E0,-1.E0,0.E0));
#6677=VECTOR('',#6676,1.E0);
#6678=CARTESIAN_POINT('',(1.3975E1,1.8E0,4.25E0));
#6679=LINE('',#6678,#6677);
#6680=DIRECTION('',(1.E0,0.E0,0.E0));
#6681=VECTOR('',#6680,2.5E-1);
#6682=CARTESIAN_POINT('',(1.3975E1,8.E-1,4.25E0));
#6683=LINE('',#6682,#6681);
#6684=DIRECTION('',(0.E0,1.E0,0.E0));
#6685=VECTOR('',#6684,6.E-1);
#6686=CARTESIAN_POINT('',(1.4225E1,8.E-1,4.25E0));
#6687=LINE('',#6686,#6685);
#6688=DIRECTION('',(-5.299989400032E-1,8.479983040051E-1,0.E0));
#6689=VECTOR('',#6688,4.716990566028E-1);
#6690=CARTESIAN_POINT('',(1.4225E1,1.4E0,4.25E0));
#6691=LINE('',#6690,#6689);
#6692=DIRECTION('',(1.E0,0.E0,0.E0));
#6693=VECTOR('',#6692,2.5E-1);
#6694=CARTESIAN_POINT('',(1.3975E1,8.E-1,5.75E0));
#6695=LINE('',#6694,#6693);
#6696=DIRECTION('',(5.299989400032E-1,-8.479983040051E-1,0.E0));
#6697=VECTOR('',#6696,4.716990566028E-1);
#6698=CARTESIAN_POINT('',(1.3975E1,1.8E0,5.75E0));
#6699=LINE('',#6698,#6697);
#6700=DIRECTION('',(0.E0,0.E0,1.E0));
#6701=VECTOR('',#6700,1.5E0);
#6702=CARTESIAN_POINT('',(1.4225E1,1.4E0,4.25E0));
#6703=LINE('',#6702,#6701);
#6704=DIRECTION('',(0.E0,0.E0,1.E0));
#6705=VECTOR('',#6704,1.5E0);
#6706=CARTESIAN_POINT('',(1.4225E1,8.E-1,4.25E0));
#6707=LINE('',#6706,#6705);
#6708=DIRECTION('',(0.E0,1.E0,0.E0));
#6709=VECTOR('',#6708,6.E-1);
#6710=CARTESIAN_POINT('',(1.4225E1,8.E-1,5.75E0));
#6711=LINE('',#6710,#6709);
#6712=DIRECTION('',(0.E0,0.E0,1.E0));
#6713=VECTOR('',#6712,2.010352946193E-1);
#6714=CARTESIAN_POINT('',(-1.3325E1,5.431604295725E-1,-2.010352946193E-1));
#6715=LINE('',#6714,#6713);
#6716=DIRECTION('',(0.E0,0.E0,-1.E0));
#6717=VECTOR('',#6716,1.25E0);
#6718=CARTESIAN_POINT('',(-1.3325E1,2.15E0,0.E0));
#6719=LINE('',#6718,#6717);
#6720=DIRECTION('',(0.E0,-1.E0,0.E0));
#6721=VECTOR('',#6720,2.E0);
#6722=CARTESIAN_POINT('',(-1.3325E1,2.15E0,-1.25E0));
#6723=LINE('',#6722,#6721);
#6724=DIRECTION('',(0.E0,1.E0,0.E0));
#6725=VECTOR('',#6724,1.431604295725E-1);
#6726=CARTESIAN_POINT('',(-1.3325E1,1.5E-1,-4.510352946193E-1));
#6727=LINE('',#6726,#6725);
#6728=CARTESIAN_POINT('',(-1.3325E1,2.931604295725E-1,-2.010352946193E-1));
#6729=DIRECTION('',(1.E0,0.E0,0.E0));
#6730=DIRECTION('',(0.E0,-3.907985046681E-14,-1.E0));
#6731=AXIS2_PLACEMENT_3D('',#6728,#6729,#6730);
#6733=DIRECTION('',(0.E0,0.E0,1.E0));
#6734=VECTOR('',#6733,2.010352946193E-1);
#6735=CARTESIAN_POINT('',(-1.3475E1,5.431604295725E-1,-2.010352946193E-1));
#6736=LINE('',#6735,#6734);
#6737=DIRECTION('',(-1.E0,0.E0,0.E0));
#6738=VECTOR('',#6737,1.5E-1);
#6739=CARTESIAN_POINT('',(-1.3325E1,2.931604295725E-1,-4.510352946193E-1));
#6740=LINE('',#6739,#6738);
#6741=DIRECTION('',(1.E0,0.E0,0.E0));
#6742=VECTOR('',#6741,1.5E-1);
#6743=CARTESIAN_POINT('',(-1.3475E1,5.431604295725E-1,-2.010352946193E-1));
#6744=LINE('',#6743,#6742);
#6745=CARTESIAN_POINT('',(-1.3575E1,1.5E-1,-4.510352946193E-1));
#6746=DIRECTION('',(0.E0,0.E0,-1.E0));
#6747=DIRECTION('',(1.E0,0.E0,0.E0));
#6748=AXIS2_PLACEMENT_3D('',#6745,#6746,#6747);
#6750=DIRECTION('',(-1.E0,0.E0,0.E0));
#6751=VECTOR('',#6750,2.E-1);
#6752=CARTESIAN_POINT('',(-1.3575E1,-1.E-1,-4.510352946193E-1));
#6753=LINE('',#6752,#6751);
#6754=DIRECTION('',(0.E0,1.E0,0.E0));
#6755=VECTOR('',#6754,1.5E-1);
#6756=CARTESIAN_POINT('',(-1.3775E1,-1.E-1,-4.510352946193E-1));
#6757=LINE('',#6756,#6755);
#6758=DIRECTION('',(1.E0,0.E0,0.E0));
#6759=VECTOR('',#6758,2.E-1);
#6760=CARTESIAN_POINT('',(-1.3775E1,5.E-2,-4.510352946193E-1));
#6761=LINE('',#6760,#6759);
#6762=CARTESIAN_POINT('',(-1.3575E1,1.5E-1,-4.510352946193E-1));
#6763=DIRECTION('',(0.E0,0.E0,1.E0));
#6764=DIRECTION('',(-3.552713678801E-14,-1.E0,0.E0));
#6765=AXIS2_PLACEMENT_3D('',#6762,#6763,#6764);
#6767=DIRECTION('',(0.E0,1.E0,0.E0));
#6768=VECTOR('',#6767,1.431604295725E-1);
#6769=CARTESIAN_POINT('',(-1.3475E1,1.5E-1,-4.510352946193E-1));
#6770=LINE('',#6769,#6768);
#6771=DIRECTION('',(0.E0,0.E0,-1.E0));
#6772=VECTOR('',#6771,7.989647053807E-1);
#6773=CARTESIAN_POINT('',(-1.3325E1,1.5E-1,-4.510352946193E-1));
#6774=LINE('',#6773,#6772);
#6775=DIRECTION('',(0.E0,0.E0,1.E0));
#6776=VECTOR('',#6775,7.989647053807E-1);
#6777=CARTESIAN_POINT('',(-1.3575E1,-1.E-1,-1.25E0));
#6778=LINE('',#6777,#6776);
#6779=DIRECTION('',(-1.E0,0.E0,0.E0));
#6780=VECTOR('',#6779,1.5E-1);
#6781=CARTESIAN_POINT('',(-1.3325E1,2.15E0,-1.25E0));
#6782=LINE('',#6781,#6780);
#6783=DIRECTION('',(0.E0,-1.E0,0.E0));
#6784=VECTOR('',#6783,2.E0);
#6785=CARTESIAN_POINT('',(-1.3475E1,2.15E0,-1.25E0));
#6786=LINE('',#6785,#6784);
#6787=CARTESIAN_POINT('',(-1.3575E1,1.5E-1,-1.25E0));
#6788=DIRECTION('',(0.E0,0.E0,-1.E0));
#6789=DIRECTION('',(1.E0,0.E0,0.E0));
#6790=AXIS2_PLACEMENT_3D('',#6787,#6788,#6789);
#6792=DIRECTION('',(-1.E0,0.E0,0.E0));
#6793=VECTOR('',#6792,2.E-1);
#6794=CARTESIAN_POINT('',(-1.3575E1,5.E-2,-1.25E0));
#6795=LINE('',#6794,#6793);
#6796=DIRECTION('',(0.E0,-1.E0,0.E0));
#6797=VECTOR('',#6796,1.5E-1);
#6798=CARTESIAN_POINT('',(-1.3775E1,5.E-2,-1.25E0));
#6799=LINE('',#6798,#6797);
#6800=DIRECTION('',(1.E0,0.E0,0.E0));
#6801=VECTOR('',#6800,2.E-1);
#6802=CARTESIAN_POINT('',(-1.3775E1,-1.E-1,-1.25E0));
#6803=LINE('',#6802,#6801);
#6804=CARTESIAN_POINT('',(-1.3575E1,1.5E-1,-1.25E0));
#6805=DIRECTION('',(0.E0,0.E0,1.E0));
#6806=DIRECTION('',(0.E0,-1.E0,0.E0));
#6807=AXIS2_PLACEMENT_3D('',#6804,#6805,#6806);
#6809=DIRECTION('',(0.E0,0.E0,-1.E0));
#6810=VECTOR('',#6809,1.25E0);
#6811=CARTESIAN_POINT('',(-1.3475E1,2.15E0,0.E0));
#6812=LINE('',#6811,#6810);
#6813=CARTESIAN_POINT('',(-1.3475E1,2.931604295725E-1,-2.010352946193E-1));
#6814=DIRECTION('',(-1.E0,0.E0,0.E0));
#6815=DIRECTION('',(0.E0,1.E0,-4.474198789239E-14));
#6816=AXIS2_PLACEMENT_3D('',#6813,#6814,#6815);
#6818=DIRECTION('',(0.E0,0.E0,-1.E0));
#6819=VECTOR('',#6818,7.989647053807E-1);
#6820=CARTESIAN_POINT('',(-1.3575E1,5.E-2,-4.510352946193E-1));
#6821=LINE('',#6820,#6819);
#6822=DIRECTION('',(0.E0,0.E0,1.E0));
#6823=VECTOR('',#6822,7.989647053807E-1);
#6824=CARTESIAN_POINT('',(-1.3475E1,1.5E-1,-1.25E0));
#6825=LINE('',#6824,#6823);
#6826=DIRECTION('',(0.E0,0.E0,-1.E0));
#6827=VECTOR('',#6826,7.989647053807E-1);
#6828=CARTESIAN_POINT('',(-1.3775E1,5.E-2,-4.510352946193E-1));
#6829=LINE('',#6828,#6827);
#6830=DIRECTION('',(0.E0,0.E0,-1.E0));
#6831=VECTOR('',#6830,7.989647053807E-1);
#6832=CARTESIAN_POINT('',(-1.3775E1,-1.E-1,-4.510352946193E-1));
#6833=LINE('',#6832,#6831);
#6834=CARTESIAN_POINT('',(9.175E0,1.E-1,1.996911917794E-1));
#6835=DIRECTION('',(-1.E0,0.E0,0.E0));
#6836=DIRECTION('',(0.E0,8.664706714804E-1,-4.992279794485E-1));
#6837=AXIS2_PLACEMENT_3D('',#6834,#6835,#6836);
#6839=DIRECTION('',(0.E0,-6.537256279752E-1,-7.567316587327E-1));
#6840=VECTOR('',#6839,4.092676385935E-1);
#6841=CARTESIAN_POINT('',(9.175E0,4.026926634931E-1,-6.179905941072E-2));
#6842=LINE('',#6841,#6840);
#6843=CARTESIAN_POINT('',(9.175E0,4.E-1,-6.003088082206E-1));
#6844=DIRECTION('',(1.E0,0.E0,0.E0));
#6845=DIRECTION('',(0.E0,-7.567316587322E-1,6.537256279758E-1));
#6846=AXIS2_PLACEMENT_3D('',#6843,#6844,#6845);
#6848=DIRECTION('',(0.E0,0.E0,-1.E0));
#6849=VECTOR('',#6848,6.500000000004E-1);
#6850=CARTESIAN_POINT('',(9.175E0,5.E-2,-6.003088082206E-1));
#6851=LINE('',#6850,#6849);
#6852=DIRECTION('',(0.E0,-1.E0,0.E0));
#6853=VECTOR('',#6852,1.5E-1);
#6854=CARTESIAN_POINT('',(9.175E0,5.E-2,-1.250308808221E0));
#6855=LINE('',#6854,#6853);
#6856=DIRECTION('',(0.E0,-2.051350542418E-13,1.E0));
#6857=VECTOR('',#6856,6.500000000014E-1);
#6858=CARTESIAN_POINT('',(9.175E0,-1.E-1,-1.250308808221E0));
#6859=LINE('',#6858,#6857);
#6860=CARTESIAN_POINT('',(9.175E0,4.E-1,-6.003088082206E-1));
#6861=DIRECTION('',(-1.E0,0.E0,0.E0));
#6862=DIRECTION('',(0.E0,-1.E0,6.145084441295E-12));
#6863=AXIS2_PLACEMENT_3D('',#6860,#6861,#6862);
#6865=DIRECTION('',(0.E0,6.537256279755E-1,7.567316587325E-1));
#6866=VECTOR('',#6865,3.613513338287E-1);
#6867=CARTESIAN_POINT('',(9.175E0,2.163417063301E-2,-2.734459942334E-1));
#6868=LINE('',#6867,#6866);
#6869=DIRECTION('',(-1.E0,0.E0,0.E0));
#6870=VECTOR('',#6869,4.E-1);
#6871=CARTESIAN_POINT('',(9.175E0,4.465882685922E-1,0.E0));
#6872=LINE('',#6871,#6870);
#6873=DIRECTION('',(1.E0,-2.602085213965E-13,-3.202299536653E-13));
#6874=VECTOR('',#6873,4.E-1);
#6875=CARTESIAN_POINT('',(8.775E0,4.026926634932E-1,-6.179905941059E-2));
#6876=LINE('',#6875,#6874);
#6877=DIRECTION('',(0.E0,-6.537256279755E-1,-7.567316587325E-1));
#6878=VECTOR('',#6877,3.613513338288E-1);
#6879=CARTESIAN_POINT('',(8.775E0,2.578587982600E-1,0.E0));
#6880=LINE('',#6879,#6878);
#6881=CARTESIAN_POINT('',(8.775E0,4.E-1,-6.003088082206E-1));
#6882=DIRECTION('',(1.E0,0.E0,0.E0));
#6883=DIRECTION('',(0.E0,-7.567316587358E-1,6.537256279717E-1));
#6884=AXIS2_PLACEMENT_3D('',#6881,#6882,#6883);
#6886=DIRECTION('',(0.E0,2.051350542419E-13,-1.E0));
#6887=VECTOR('',#6886,6.500000000013E-1);
#6888=CARTESIAN_POINT('',(8.775E0,-1.000000000002E-1,-6.003088082197E-1));
#6889=LINE('',#6888,#6887);
#6890=DIRECTION('',(-1.184237892933E-14,1.E0,0.E0));
#6891=VECTOR('',#6890,1.5E-1);
#6892=CARTESIAN_POINT('',(8.775E0,-1.E-1,-1.250308808221E0));
#6893=LINE('',#6892,#6891);
#6894=DIRECTION('',(0.E0,0.E0,1.E0));
#6895=VECTOR('',#6894,6.500000000004E-1);
#6896=CARTESIAN_POINT('',(8.775E0,5.E-2,-1.250308808221E0));
#6897=LINE('',#6896,#6895);
#6898=CARTESIAN_POINT('',(8.775E0,4.E-1,-6.003088082206E-1));
#6899=DIRECTION('',(-1.E0,0.E0,0.E0));
#6900=DIRECTION('',(0.E0,-1.E0,0.E0));
#6901=AXIS2_PLACEMENT_3D('',#6898,#6899,#6900);
#6903=DIRECTION('',(0.E0,6.537256279752E-1,7.567316587327E-1));
#6904=VECTOR('',#6903,4.092676385938E-1);
#6905=CARTESIAN_POINT('',(8.775E0,1.351439194435E-1,-3.715048384293E-1));
#6906=LINE('',#6905,#6904);
#6907=CARTESIAN_POINT('',(8.775E0,1.E-1,1.996911917794E-1));
#6908=DIRECTION('',(1.E0,0.E0,0.E0));
#6909=DIRECTION('',(0.E0,7.567316587333E-1,-6.537256279745E-1));
#6910=AXIS2_PLACEMENT_3D('',#6907,#6908,#6909);
#6912=DIRECTION('',(-1.E0,-2.775557561563E-14,-2.323141679028E-13));
#6913=VECTOR('',#6912,4.E-1);
#6914=CARTESIAN_POINT('',(9.175E0,-1.000000000001E-1,-6.003088082196E-1));
#6915=LINE('',#6914,#6913);
#6916=DIRECTION('',(1.E0,6.401996988092E-14,8.590350653037E-14));
#6917=VECTOR('',#6916,4.E-1);
#6918=CARTESIAN_POINT('',(8.775E0,2.163417063299E-2,-2.734459942335E-1));
#6919=LINE('',#6918,#6917);
#6920=DIRECTION('',(-1.E0,-2.775557561563E-14,0.E0));
#6921=VECTOR('',#6920,4.E-1);
#6922=CARTESIAN_POINT('',(9.175E0,-1.E-1,-1.250308808221E0));
#6923=LINE('',#6922,#6921);
#6924=DIRECTION('',(-1.E0,0.E0,0.E0));
#6925=VECTOR('',#6924,4.E-1);
#6926=CARTESIAN_POINT('',(9.175E0,5.E-2,-1.250308808221E0));
#6927=LINE('',#6926,#6925);
#6928=DIRECTION('',(-1.E0,-1.043609643148E-13,-1.409983241274E-13));
#6929=VECTOR('',#6928,4.E-1);
#6930=CARTESIAN_POINT('',(9.175E0,1.351439194436E-1,-3.715048384292E-1));
#6931=LINE('',#6930,#6929);
#6932=DIRECTION('',(1.E0,0.E0,0.E0));
#6933=VECTOR('',#6932,4.E-1);
#6934=CARTESIAN_POINT('',(8.775E0,5.E-2,-6.003088082206E-1));
#6935=LINE('',#6934,#6933);
#6936=CARTESIAN_POINT('',(6.675E0,1.E-1,1.996911917794E-1));
#6937=DIRECTION('',(-1.E0,0.E0,0.E0));
#6938=DIRECTION('',(0.E0,8.664706714804E-1,-4.992279794485E-1));
#6939=AXIS2_PLACEMENT_3D('',#6936,#6937,#6938);
#6941=DIRECTION('',(0.E0,-6.537256279752E-1,-7.567316587327E-1));
#6942=VECTOR('',#6941,4.092676385935E-1);
#6943=CARTESIAN_POINT('',(6.675E0,4.026926634931E-1,-6.179905941072E-2));
#6944=LINE('',#6943,#6942);
#6945=CARTESIAN_POINT('',(6.675E0,4.E-1,-6.003088082206E-1));
#6946=DIRECTION('',(1.E0,0.E0,0.E0));
#6947=DIRECTION('',(0.E0,-7.567316587322E-1,6.537256279758E-1));
#6948=AXIS2_PLACEMENT_3D('',#6945,#6946,#6947);
#6950=DIRECTION('',(0.E0,0.E0,-1.E0));
#6951=VECTOR('',#6950,6.500000000004E-1);
#6952=CARTESIAN_POINT('',(6.675E0,5.E-2,-6.003088082206E-1));
#6953=LINE('',#6952,#6951);
#6954=DIRECTION('',(0.E0,-1.E0,0.E0));
#6955=VECTOR('',#6954,1.5E-1);
#6956=CARTESIAN_POINT('',(6.675E0,5.E-2,-1.250308808221E0));
#6957=LINE('',#6956,#6955);
#6958=DIRECTION('',(0.E0,-2.051350542418E-13,1.E0));
#6959=VECTOR('',#6958,6.500000000014E-1);
#6960=CARTESIAN_POINT('',(6.675E0,-1.E-1,-1.250308808221E0));
#6961=LINE('',#6960,#6959);
#6962=CARTESIAN_POINT('',(6.675E0,4.E-1,-6.003088082206E-1));
#6963=DIRECTION('',(-1.E0,0.E0,0.E0));
#6964=DIRECTION('',(0.E0,-1.E0,6.145084441295E-12));
#6965=AXIS2_PLACEMENT_3D('',#6962,#6963,#6964);
#6967=DIRECTION('',(0.E0,6.537256279755E-1,7.567316587325E-1));
#6968=VECTOR('',#6967,3.613513338287E-1);
#6969=CARTESIAN_POINT('',(6.675E0,2.163417063301E-2,-2.734459942334E-1));
#6970=LINE('',#6969,#6968);
#6971=DIRECTION('',(-1.E0,0.E0,0.E0));
#6972=VECTOR('',#6971,4.E-1);
#6973=CARTESIAN_POINT('',(6.675E0,4.465882685922E-1,0.E0));
#6974=LINE('',#6973,#6972);
#6975=DIRECTION('',(1.E0,-2.602085213965E-13,-3.202299536653E-13));
#6976=VECTOR('',#6975,4.E-1);
#6977=CARTESIAN_POINT('',(6.275E0,4.026926634932E-1,-6.179905941059E-2));
#6978=LINE('',#6977,#6976);
#6979=DIRECTION('',(0.E0,-6.537256279755E-1,-7.567316587325E-1));
#6980=VECTOR('',#6979,3.613513338288E-1);
#6981=CARTESIAN_POINT('',(6.275E0,2.578587982600E-1,0.E0));
#6982=LINE('',#6981,#6980);
#6983=CARTESIAN_POINT('',(6.275E0,4.E-1,-6.003088082206E-1));
#6984=DIRECTION('',(1.E0,0.E0,0.E0));
#6985=DIRECTION('',(0.E0,-7.567316587358E-1,6.537256279717E-1));
#6986=AXIS2_PLACEMENT_3D('',#6983,#6984,#6985);
#6988=DIRECTION('',(0.E0,2.051350542419E-13,-1.E0));
#6989=VECTOR('',#6988,6.500000000013E-1);
#6990=CARTESIAN_POINT('',(6.275E0,-1.000000000002E-1,-6.003088082197E-1));
#6991=LINE('',#6990,#6989);
#6992=DIRECTION('',(0.E0,1.E0,0.E0));
#6993=VECTOR('',#6992,1.5E-1);
#6994=CARTESIAN_POINT('',(6.275E0,-1.E-1,-1.250308808221E0));
#6995=LINE('',#6994,#6993);
#6996=DIRECTION('',(0.E0,0.E0,1.E0));
#6997=VECTOR('',#6996,6.500000000004E-1);
#6998=CARTESIAN_POINT('',(6.275E0,5.E-2,-1.250308808221E0));
#6999=LINE('',#6998,#6997);
#7000=CARTESIAN_POINT('',(6.275E0,4.E-1,-6.003088082206E-1));
#7001=DIRECTION('',(-1.E0,0.E0,0.E0));
#7002=DIRECTION('',(0.E0,-1.E0,0.E0));
#7003=AXIS2_PLACEMENT_3D('',#7000,#7001,#7002);
#7005=DIRECTION('',(0.E0,6.537256279752E-1,7.567316587327E-1));
#7006=VECTOR('',#7005,4.092676385938E-1);
#7007=CARTESIAN_POINT('',(6.275E0,1.351439194435E-1,-3.715048384293E-1));
#7008=LINE('',#7007,#7006);
#7009=CARTESIAN_POINT('',(6.275E0,1.E-1,1.996911917794E-1));
#7010=DIRECTION('',(1.E0,0.E0,0.E0));
#7011=DIRECTION('',(0.E0,7.567316587333E-1,-6.537256279745E-1));
#7012=AXIS2_PLACEMENT_3D('',#7009,#7010,#7011);
#7014=DIRECTION('',(-1.E0,-2.775557561563E-14,-2.323141679028E-13));
#7015=VECTOR('',#7014,4.E-1);
#7016=CARTESIAN_POINT('',(6.675E0,-1.000000000001E-1,-6.003088082196E-1));
#7017=LINE('',#7016,#7015);
#7018=DIRECTION('',(1.E0,6.401996988092E-14,8.590350653037E-14));
#7019=VECTOR('',#7018,4.E-1);
#7020=CARTESIAN_POINT('',(6.275E0,2.163417063299E-2,-2.734459942335E-1));
#7021=LINE('',#7020,#7019);
#7022=DIRECTION('',(-1.E0,-2.775557561563E-14,0.E0));
#7023=VECTOR('',#7022,4.E-1);
#7024=CARTESIAN_POINT('',(6.675E0,-1.E-1,-1.250308808221E0));
#7025=LINE('',#7024,#7023);
#7026=DIRECTION('',(-1.E0,0.E0,0.E0));
#7027=VECTOR('',#7026,4.E-1);
#7028=CARTESIAN_POINT('',(6.675E0,5.E-2,-1.250308808221E0));
#7029=LINE('',#7028,#7027);
#7030=DIRECTION('',(-1.E0,-1.043609643148E-13,-1.409983241274E-13));
#7031=VECTOR('',#7030,4.E-1);
#7032=CARTESIAN_POINT('',(6.675E0,1.351439194436E-1,-3.715048384292E-1));
#7033=LINE('',#7032,#7031);
#7034=DIRECTION('',(1.E0,0.E0,0.E0));
#7035=VECTOR('',#7034,4.E-1);
#7036=CARTESIAN_POINT('',(6.275E0,5.E-2,-6.003088082206E-1));
#7037=LINE('',#7036,#7035);
#7038=CARTESIAN_POINT('',(4.175E0,1.E-1,1.996911917794E-1));
#7039=DIRECTION('',(-1.E0,0.E0,0.E0));
#7040=DIRECTION('',(0.E0,8.664706714804E-1,-4.992279794485E-1));
#7041=AXIS2_PLACEMENT_3D('',#7038,#7039,#7040);
#7043=DIRECTION('',(0.E0,-6.537256279752E-1,-7.567316587327E-1));
#7044=VECTOR('',#7043,4.092676385935E-1);
#7045=CARTESIAN_POINT('',(4.175E0,4.026926634931E-1,-6.179905941072E-2));
#7046=LINE('',#7045,#7044);
#7047=CARTESIAN_POINT('',(4.175E0,4.E-1,-6.003088082206E-1));
#7048=DIRECTION('',(1.E0,0.E0,0.E0));
#7049=DIRECTION('',(0.E0,-7.567316587322E-1,6.537256279758E-1));
#7050=AXIS2_PLACEMENT_3D('',#7047,#7048,#7049);
#7052=DIRECTION('',(0.E0,0.E0,-1.E0));
#7053=VECTOR('',#7052,6.500000000004E-1);
#7054=CARTESIAN_POINT('',(4.175E0,5.E-2,-6.003088082206E-1));
#7055=LINE('',#7054,#7053);
#7056=DIRECTION('',(0.E0,-1.E0,0.E0));
#7057=VECTOR('',#7056,1.5E-1);
#7058=CARTESIAN_POINT('',(4.175E0,5.E-2,-1.250308808221E0));
#7059=LINE('',#7058,#7057);
#7060=DIRECTION('',(0.E0,-2.051350542418E-13,1.E0));
#7061=VECTOR('',#7060,6.500000000014E-1);
#7062=CARTESIAN_POINT('',(4.175E0,-1.E-1,-1.250308808221E0));
#7063=LINE('',#7062,#7061);
#7064=CARTESIAN_POINT('',(4.175E0,4.E-1,-6.003088082206E-1));
#7065=DIRECTION('',(-1.E0,0.E0,0.E0));
#7066=DIRECTION('',(0.E0,-1.E0,6.145084441295E-12));
#7067=AXIS2_PLACEMENT_3D('',#7064,#7065,#7066);
#7069=DIRECTION('',(0.E0,6.537256279755E-1,7.567316587325E-1));
#7070=VECTOR('',#7069,3.613513338287E-1);
#7071=CARTESIAN_POINT('',(4.175E0,2.163417063301E-2,-2.734459942334E-1));
#7072=LINE('',#7071,#7070);
#7073=DIRECTION('',(-1.E0,0.E0,0.E0));
#7074=VECTOR('',#7073,4.E-1);
#7075=CARTESIAN_POINT('',(4.175E0,4.465882685922E-1,0.E0));
#7076=LINE('',#7075,#7074);
#7077=DIRECTION('',(1.E0,-2.602085213965E-13,-3.202299536653E-13));
#7078=VECTOR('',#7077,4.E-1);
#7079=CARTESIAN_POINT('',(3.775E0,4.026926634932E-1,-6.179905941059E-2));
#7080=LINE('',#7079,#7078);
#7081=DIRECTION('',(0.E0,-6.537256279755E-1,-7.567316587325E-1));
#7082=VECTOR('',#7081,3.613513338288E-1);
#7083=CARTESIAN_POINT('',(3.775E0,2.578587982600E-1,0.E0));
#7084=LINE('',#7083,#7082);
#7085=CARTESIAN_POINT('',(3.775E0,4.E-1,-6.003088082206E-1));
#7086=DIRECTION('',(1.E0,0.E0,0.E0));
#7087=DIRECTION('',(0.E0,-7.567316587358E-1,6.537256279717E-1));
#7088=AXIS2_PLACEMENT_3D('',#7085,#7086,#7087);
#7090=DIRECTION('',(0.E0,2.051350542419E-13,-1.E0));
#7091=VECTOR('',#7090,6.500000000013E-1);
#7092=CARTESIAN_POINT('',(3.775E0,-1.000000000002E-1,-6.003088082197E-1));
#7093=LINE('',#7092,#7091);
#7094=DIRECTION('',(0.E0,1.E0,0.E0));
#7095=VECTOR('',#7094,1.5E-1);
#7096=CARTESIAN_POINT('',(3.775E0,-1.E-1,-1.250308808221E0));
#7097=LINE('',#7096,#7095);
#7098=DIRECTION('',(0.E0,0.E0,1.E0));
#7099=VECTOR('',#7098,6.500000000004E-1);
#7100=CARTESIAN_POINT('',(3.775E0,5.E-2,-1.250308808221E0));
#7101=LINE('',#7100,#7099);
#7102=CARTESIAN_POINT('',(3.775E0,4.E-1,-6.003088082206E-1));
#7103=DIRECTION('',(-1.E0,0.E0,0.E0));
#7104=DIRECTION('',(0.E0,-1.E0,0.E0));
#7105=AXIS2_PLACEMENT_3D('',#7102,#7103,#7104);
#7107=DIRECTION('',(0.E0,6.537256279752E-1,7.567316587327E-1));
#7108=VECTOR('',#7107,4.092676385938E-1);
#7109=CARTESIAN_POINT('',(3.775E0,1.351439194435E-1,-3.715048384293E-1));
#7110=LINE('',#7109,#7108);
#7111=CARTESIAN_POINT('',(3.775E0,1.E-1,1.996911917794E-1));
#7112=DIRECTION('',(1.E0,0.E0,0.E0));
#7113=DIRECTION('',(0.E0,7.567316587333E-1,-6.537256279745E-1));
#7114=AXIS2_PLACEMENT_3D('',#7111,#7112,#7113);
#7116=DIRECTION('',(-1.E0,-2.775557561563E-14,-2.323141679028E-13));
#7117=VECTOR('',#7116,4.E-1);
#7118=CARTESIAN_POINT('',(4.175E0,-1.000000000001E-1,-6.003088082196E-1));
#7119=LINE('',#7118,#7117);
#7120=DIRECTION('',(1.E0,6.401996988092E-14,8.590350653037E-14));
#7121=VECTOR('',#7120,4.E-1);
#7122=CARTESIAN_POINT('',(3.775E0,2.163417063299E-2,-2.734459942335E-1));
#7123=LINE('',#7122,#7121);
#7124=DIRECTION('',(-1.E0,-2.775557561563E-14,0.E0));
#7125=VECTOR('',#7124,4.E-1);
#7126=CARTESIAN_POINT('',(4.175E0,-1.E-1,-1.250308808221E0));
#7127=LINE('',#7126,#7125);
#7128=DIRECTION('',(-1.E0,0.E0,0.E0));
#7129=VECTOR('',#7128,4.E-1);
#7130=CARTESIAN_POINT('',(4.175E0,5.E-2,-1.250308808221E0));
#7131=LINE('',#7130,#7129);
#7132=DIRECTION('',(-1.E0,-1.043609643148E-13,-1.409983241274E-13));
#7133=VECTOR('',#7132,4.E-1);
#7134=CARTESIAN_POINT('',(4.175E0,1.351439194436E-1,-3.715048384292E-1));
#7135=LINE('',#7134,#7133);
#7136=DIRECTION('',(1.E0,0.E0,0.E0));
#7137=VECTOR('',#7136,4.E-1);
#7138=CARTESIAN_POINT('',(3.775E0,5.E-2,-6.003088082206E-1));
#7139=LINE('',#7138,#7137);
#7140=DIRECTION('',(0.E0,0.E0,-1.E0));
#7141=VECTOR('',#7140,2.003088082206E-1);
#7142=CARTESIAN_POINT('',(2.525E0,2.02E0,0.E0));
#7143=LINE('',#7142,#7141);
#7144=CARTESIAN_POINT('',(2.525E0,1.67E0,-2.003088082206E-1));
#7145=DIRECTION('',(-1.E0,0.E0,0.E0));
#7146=DIRECTION('',(0.E0,1.E0,0.E0));
#7147=AXIS2_PLACEMENT_3D('',#7144,#7145,#7146);
#7149=DIRECTION('',(0.E0,-1.E0,0.E0));
#7150=VECTOR('',#7149,1.47E0);
#7151=CARTESIAN_POINT('',(2.525E0,1.67E0,-5.503088082206E-1));
#7152=LINE('',#7151,#7150);
#7153=CARTESIAN_POINT('',(2.525E0,2.E-1,-7.003088082206E-1));
#7154=DIRECTION('',(1.E0,0.E0,0.E0));
#7155=DIRECTION('',(0.E0,0.E0,1.E0));
#7156=AXIS2_PLACEMENT_3D('',#7153,#7154,#7155);
#7158=DIRECTION('',(0.E0,0.E0,-1.E0));
#7159=VECTOR('',#7158,5.500000000004E-1);
#7160=CARTESIAN_POINT('',(2.525E0,5.E-2,-7.003088082206E-1));
#7161=LINE('',#7160,#7159);
#7162=DIRECTION('',(0.E0,-1.E0,0.E0));
#7163=VECTOR('',#7162,1.5E-1);
#7164=CARTESIAN_POINT('',(2.525E0,5.E-2,-1.250308808221E0));
#7165=LINE('',#7164,#7163);
#7166=DIRECTION('',(0.E0,-2.423818721483E-13,1.E0));
#7167=VECTOR('',#7166,5.500000000012E-1);
#7168=CARTESIAN_POINT('',(2.525E0,-1.E-1,-1.250308808221E0));
#7169=LINE('',#7168,#7167);
#7170=CARTESIAN_POINT('',(2.525E0,2.E-1,-7.003088082206E-1));
#7171=DIRECTION('',(-1.E0,0.E0,0.E0));
#7172=DIRECTION('',(0.E0,-1.E0,7.689034594202E-12));
#7173=AXIS2_PLACEMENT_3D('',#7170,#7171,#7172);
#7175=DIRECTION('',(0.E0,1.E0,-9.070597636558E-14));
#7176=VECTOR('',#7175,1.470000000001E0);
#7177=CARTESIAN_POINT('',(2.525E0,1.999999999993E-1,-4.003088082204E-1));
#7178=LINE('',#7177,#7176);
#7179=CARTESIAN_POINT('',(2.525E0,1.67E0,-2.003088082206E-1));
#7180=DIRECTION('',(1.E0,0.E0,0.E0));
#7181=DIRECTION('',(0.E0,1.660893644839E-12,-1.E0));
#7182=AXIS2_PLACEMENT_3D('',#7179,#7180,#7181);
#7184=DIRECTION('',(0.E0,0.E0,1.E0));
#7185=VECTOR('',#7184,2.003088082206E-1);
#7186=CARTESIAN_POINT('',(2.525E0,1.87E0,-2.003088082206E-1));
#7187=LINE('',#7186,#7185);
#7188=DIRECTION('',(0.E0,0.E0,-1.E0));
#7189=VECTOR('',#7188,2.003088082206E-1);
#7190=CARTESIAN_POINT('',(2.125E0,2.02E0,0.E0));
#7191=LINE('',#7190,#7189);
#7192=DIRECTION('',(0.E0,0.E0,-1.E0));
#7193=VECTOR('',#7192,2.003088082206E-1);
#7194=CARTESIAN_POINT('',(2.125E0,1.87E0,0.E0));
#7195=LINE('',#7194,#7193);
#7196=CARTESIAN_POINT('',(2.125E0,1.67E0,-2.003088082206E-1));
#7197=DIRECTION('',(-1.E0,0.E0,0.E0));
#7198=DIRECTION('',(0.E0,1.E0,0.E0));
#7199=AXIS2_PLACEMENT_3D('',#7196,#7197,#7198);
#7201=DIRECTION('',(0.E0,-1.E0,9.070597636558E-14));
#7202=VECTOR('',#7201,1.470000000001E0);
#7203=CARTESIAN_POINT('',(2.125E0,1.67E0,-4.003088082206E-1));
#7204=LINE('',#7203,#7202);
#7205=CARTESIAN_POINT('',(2.125E0,2.E-1,-7.003088082206E-1));
#7206=DIRECTION('',(1.E0,0.E0,0.E0));
#7207=DIRECTION('',(0.E0,-7.690329854397E-12,1.E0));
#7208=AXIS2_PLACEMENT_3D('',#7205,#7206,#7207);
#7210=DIRECTION('',(0.E0,2.424323368313E-13,-1.E0));
#7211=VECTOR('',#7210,5.500000000011E-1);
#7212=CARTESIAN_POINT('',(2.125E0,-1.000000000002E-1,-7.003088082199E-1));
#7213=LINE('',#7212,#7211);
#7214=DIRECTION('',(0.E0,1.E0,0.E0));
#7215=VECTOR('',#7214,1.5E-1);
#7216=CARTESIAN_POINT('',(2.125E0,-1.E-1,-1.250308808221E0));
#7217=LINE('',#7216,#7215);
#7218=DIRECTION('',(0.E0,0.E0,1.E0));
#7219=VECTOR('',#7218,5.500000000004E-1);
#7220=CARTESIAN_POINT('',(2.125E0,5.E-2,-1.250308808221E0));
#7221=LINE('',#7220,#7219);
#7222=CARTESIAN_POINT('',(2.125E0,2.E-1,-7.003088082206E-1));
#7223=DIRECTION('',(-1.E0,0.E0,0.E0));
#7224=DIRECTION('',(0.E0,-1.E0,0.E0));
#7225=AXIS2_PLACEMENT_3D('',#7222,#7223,#7224);
#7227=DIRECTION('',(0.E0,1.E0,0.E0));
#7228=VECTOR('',#7227,1.47E0);
#7229=CARTESIAN_POINT('',(2.125E0,2.E-1,-5.503088082206E-1));
#7230=LINE('',#7229,#7228);
#7231=CARTESIAN_POINT('',(2.125E0,1.67E0,-2.003088082206E-1));
#7232=DIRECTION('',(1.E0,0.E0,0.E0));
#7233=DIRECTION('',(0.E0,0.E0,-1.E0));
#7234=AXIS2_PLACEMENT_3D('',#7231,#7232,#7233);
#7236=DIRECTION('',(-1.E0,-1.382227665658E-13,-2.775557561563E-14));
#7237=VECTOR('',#7236,4.E-1);
#7238=CARTESIAN_POINT('',(2.525E0,1.67E0,-4.003088082206E-1));
#7239=LINE('',#7238,#7237);
#7240=DIRECTION('',(1.E0,0.E0,0.E0));
#7241=VECTOR('',#7240,4.E-1);
#7242=CARTESIAN_POINT('',(2.125E0,1.87E0,-2.003088082206E-1));
#7243=LINE('',#7242,#7241);
#7244=DIRECTION('',(-1.E0,-2.775557561563E-14,-1.743050148661E-13));
#7245=VECTOR('',#7244,4.E-1);
#7246=CARTESIAN_POINT('',(2.525E0,-1.000000000001E-1,-7.003088082198E-1));
#7247=LINE('',#7246,#7245);
#7248=DIRECTION('',(1.E0,1.745131816833E-13,2.775557561563E-14));
#7249=VECTOR('',#7248,4.E-1);
#7250=CARTESIAN_POINT('',(2.125E0,1.999999999992E-1,-4.003088082205E-1));
#7251=LINE('',#7250,#7249);
#7252=DIRECTION('',(-1.E0,-2.775557561563E-14,0.E0));
#7253=VECTOR('',#7252,4.E-1);
#7254=CARTESIAN_POINT('',(2.525E0,-1.E-1,-1.250308808221E0));
#7255=LINE('',#7254,#7253);
#7256=DIRECTION('',(-1.E0,0.E0,0.E0));
#7257=VECTOR('',#7256,4.E-1);
#7258=CARTESIAN_POINT('',(2.525E0,5.E-2,-1.250308808221E0));
#7259=LINE('',#7258,#7257);
#7260=DIRECTION('',(-1.E0,0.E0,0.E0));
#7261=VECTOR('',#7260,4.E-1);
#7262=CARTESIAN_POINT('',(2.525E0,2.E-1,-5.503088082206E-1));
#7263=LINE('',#7262,#7261);
#7264=DIRECTION('',(1.E0,0.E0,0.E0));
#7265=VECTOR('',#7264,4.E-1);
#7266=CARTESIAN_POINT('',(2.125E0,5.E-2,-7.003088082206E-1));
#7267=LINE('',#7266,#7265);
#7268=DIRECTION('',(-1.E0,0.E0,0.E0));
#7269=VECTOR('',#7268,4.E-1);
#7270=CARTESIAN_POINT('',(2.525E0,2.02E0,-2.003088082206E-1));
#7271=LINE('',#7270,#7269);
#7272=DIRECTION('',(1.E0,0.E0,0.E0));
#7273=VECTOR('',#7272,4.E-1);
#7274=CARTESIAN_POINT('',(2.125E0,1.67E0,-5.503088082206E-1));
#7275=LINE('',#7274,#7273);
#7276=DIRECTION('',(0.E0,-6.537256279752E-1,-7.567316587327E-1));
#7277=VECTOR('',#7276,4.909333898510E-1);
#7278=CARTESIAN_POINT('',(8.75E-1,4.560796580179E-1,0.E0));
#7279=LINE('',#7278,#7277);
#7280=CARTESIAN_POINT('',(8.75E-1,4.E-1,-6.003088082206E-1));
#7281=DIRECTION('',(1.E0,0.E0,0.E0));
#7282=DIRECTION('',(0.E0,-7.567316587325E-1,6.537256279755E-1));
#7283=AXIS2_PLACEMENT_3D('',#7280,#7281,#7282);
#7285=DIRECTION('',(0.E0,0.E0,-1.E0));
#7286=VECTOR('',#7285,6.500000000004E-1);
#7287=CARTESIAN_POINT('',(8.75E-1,5.E-2,-6.003088082206E-1));
#7288=LINE('',#7287,#7286);
#7289=DIRECTION('',(0.E0,-1.E0,0.E0));
#7290=VECTOR('',#7289,1.5E-1);
#7291=CARTESIAN_POINT('',(8.75E-1,5.E-2,-1.250308808221E0));
#7292=LINE('',#7291,#7290);
#7293=DIRECTION('',(0.E0,-2.051350542418E-13,1.E0));
#7294=VECTOR('',#7293,6.500000000014E-1);
#7295=CARTESIAN_POINT('',(8.75E-1,-1.E-1,-1.250308808221E0));
#7296=LINE('',#7295,#7294);
#7297=CARTESIAN_POINT('',(8.75E-1,4.E-1,-6.003088082206E-1));
#7298=DIRECTION('',(-1.E0,0.E0,0.E0));
#7299=DIRECTION('',(0.E0,-1.E0,6.147082842740E-12));
#7300=AXIS2_PLACEMENT_3D('',#7297,#7298,#7299);
#7302=DIRECTION('',(0.E0,6.537256279755E-1,7.567316587325E-1));
#7303=VECTOR('',#7302,3.613513338287E-1);
#7304=CARTESIAN_POINT('',(8.75E-1,2.163417063301E-2,-2.734459942334E-1));
#7305=LINE('',#7304,#7303);
#7306=DIRECTION('',(0.E0,-6.537256279755E-1,-7.567316587325E-1));
#7307=VECTOR('',#7306,3.613513338288E-1);
#7308=CARTESIAN_POINT('',(4.75E-1,2.578587982600E-1,0.E0));
#7309=LINE('',#7308,#7307);
#7310=CARTESIAN_POINT('',(4.75E-1,4.E-1,-6.003088082206E-1));
#7311=DIRECTION('',(1.E0,0.E0,0.E0));
#7312=DIRECTION('',(0.E0,-7.567316587358E-1,6.537256279717E-1));
#7313=AXIS2_PLACEMENT_3D('',#7310,#7311,#7312);
#7315=DIRECTION('',(0.E0,2.051350542419E-13,-1.E0));
#7316=VECTOR('',#7315,6.500000000013E-1);
#7317=CARTESIAN_POINT('',(4.75E-1,-1.000000000002E-1,-6.003088082197E-1));
#7318=LINE('',#7317,#7316);
#7319=DIRECTION('',(0.E0,1.E0,0.E0));
#7320=VECTOR('',#7319,1.5E-1);
#7321=CARTESIAN_POINT('',(4.75E-1,-1.E-1,-1.250308808221E0));
#7322=LINE('',#7321,#7320);
#7323=DIRECTION('',(0.E0,0.E0,1.E0));
#7324=VECTOR('',#7323,6.500000000004E-1);
#7325=CARTESIAN_POINT('',(4.75E-1,5.E-2,-1.250308808221E0));
#7326=LINE('',#7325,#7324);
#7327=CARTESIAN_POINT('',(4.75E-1,4.E-1,-6.003088082206E-1));
#7328=DIRECTION('',(-1.E0,0.E0,0.E0));
#7329=DIRECTION('',(0.E0,-1.E0,0.E0));
#7330=AXIS2_PLACEMENT_3D('',#7327,#7328,#7329);
#7332=DIRECTION('',(0.E0,6.537256279752E-1,7.567316587328E-1));
#7333=VECTOR('',#7332,4.909333898510E-1);
#7334=CARTESIAN_POINT('',(4.75E-1,1.351439194435E-1,-3.715048384293E-1));
#7335=LINE('',#7334,#7333);
#7336=DIRECTION('',(-1.E0,-2.775557561563E-14,-2.325917236590E-13));
#7337=VECTOR('',#7336,4.E-1);
#7338=CARTESIAN_POINT('',(8.75E-1,-1.000000000001E-1,-6.003088082196E-1));
#7339=LINE('',#7338,#7337);
#7340=DIRECTION('',(1.E0,6.401996988092E-14,8.590350653037E-14));
#7341=VECTOR('',#7340,4.E-1);
#7342=CARTESIAN_POINT('',(4.75E-1,2.163417063298E-2,-2.734459942335E-1));
#7343=LINE('',#7342,#7341);
#7344=DIRECTION('',(-1.E0,-2.775557561563E-14,0.E0));
#7345=VECTOR('',#7344,4.E-1);
#7346=CARTESIAN_POINT('',(8.75E-1,-1.E-1,-1.250308808221E0));
#7347=LINE('',#7346,#7345);
#7348=DIRECTION('',(-1.E0,0.E0,0.E0));
#7349=VECTOR('',#7348,4.E-1);
#7350=CARTESIAN_POINT('',(8.75E-1,5.E-2,-1.250308808221E0));
#7351=LINE('',#7350,#7349);
#7352=DIRECTION('',(-1.E0,-3.781697177629E-14,-5.592748486549E-14));
#7353=VECTOR('',#7352,4.E-1);
#7354=CARTESIAN_POINT('',(8.75E-1,1.351439194436E-1,-3.715048384293E-1));
#7355=LINE('',#7354,#7353);
#7356=DIRECTION('',(1.E0,0.E0,0.E0));
#7357=VECTOR('',#7356,4.E-1);
#7358=CARTESIAN_POINT('',(4.75E-1,5.E-2,-6.003088082206E-1));
#7359=LINE('',#7358,#7357);
#7360=DIRECTION('',(0.E0,-6.537256279752E-1,-7.567316587327E-1));
#7361=VECTOR('',#7360,4.909333898510E-1);
#7362=CARTESIAN_POINT('',(-8.25E-1,4.560796580179E-1,0.E0));
#7363=LINE('',#7362,#7361);
#7364=CARTESIAN_POINT('',(-8.25E-1,4.E-1,-6.003088082206E-1));
#7365=DIRECTION('',(1.E0,0.E0,0.E0));
#7366=DIRECTION('',(0.E0,-7.567316587325E-1,6.537256279755E-1));
#7367=AXIS2_PLACEMENT_3D('',#7364,#7365,#7366);
#7369=DIRECTION('',(0.E0,0.E0,-1.E0));
#7370=VECTOR('',#7369,6.500000000004E-1);
#7371=CARTESIAN_POINT('',(-8.25E-1,5.E-2,-6.003088082206E-1));
#7372=LINE('',#7371,#7370);
#7373=DIRECTION('',(0.E0,-1.E0,0.E0));
#7374=VECTOR('',#7373,1.5E-1);
#7375=CARTESIAN_POINT('',(-8.25E-1,5.E-2,-1.250308808221E0));
#7376=LINE('',#7375,#7374);
#7377=DIRECTION('',(0.E0,-2.051350542418E-13,1.E0));
#7378=VECTOR('',#7377,6.500000000014E-1);
#7379=CARTESIAN_POINT('',(-8.25E-1,-1.E-1,-1.250308808221E0));
#7380=LINE('',#7379,#7378);
#7381=CARTESIAN_POINT('',(-8.25E-1,4.E-1,-6.003088082206E-1));
#7382=DIRECTION('',(-1.E0,0.E0,0.E0));
#7383=DIRECTION('',(0.E0,-1.E0,6.147082842740E-12));
#7384=AXIS2_PLACEMENT_3D('',#7381,#7382,#7383);
#7386=DIRECTION('',(0.E0,6.537256279755E-1,7.567316587325E-1));
#7387=VECTOR('',#7386,3.613513338287E-1);
#7388=CARTESIAN_POINT('',(-8.25E-1,2.163417063301E-2,-2.734459942334E-1));
#7389=LINE('',#7388,#7387);
#7390=DIRECTION('',(0.E0,-6.537256279755E-1,-7.567316587325E-1));
#7391=VECTOR('',#7390,3.613513338288E-1);
#7392=CARTESIAN_POINT('',(-1.225E0,2.578587982600E-1,0.E0));
#7393=LINE('',#7392,#7391);
#7394=CARTESIAN_POINT('',(-1.225E0,4.E-1,-6.003088082206E-1));
#7395=DIRECTION('',(1.E0,0.E0,0.E0));
#7396=DIRECTION('',(0.E0,-7.567316587358E-1,6.537256279717E-1));
#7397=AXIS2_PLACEMENT_3D('',#7394,#7395,#7396);
#7399=DIRECTION('',(0.E0,2.051350542419E-13,-1.E0));
#7400=VECTOR('',#7399,6.500000000013E-1);
#7401=CARTESIAN_POINT('',(-1.225E0,-1.000000000002E-1,-6.003088082197E-1));
#7402=LINE('',#7401,#7400);
#7403=DIRECTION('',(0.E0,1.E0,0.E0));
#7404=VECTOR('',#7403,1.5E-1);
#7405=CARTESIAN_POINT('',(-1.225E0,-1.E-1,-1.250308808221E0));
#7406=LINE('',#7405,#7404);
#7407=DIRECTION('',(0.E0,0.E0,1.E0));
#7408=VECTOR('',#7407,6.500000000004E-1);
#7409=CARTESIAN_POINT('',(-1.225E0,5.E-2,-1.250308808221E0));
#7410=LINE('',#7409,#7408);
#7411=CARTESIAN_POINT('',(-1.225E0,4.E-1,-6.003088082206E-1));
#7412=DIRECTION('',(-1.E0,0.E0,0.E0));
#7413=DIRECTION('',(0.E0,-1.E0,0.E0));
#7414=AXIS2_PLACEMENT_3D('',#7411,#7412,#7413);
#7416=DIRECTION('',(0.E0,6.537256279752E-1,7.567316587328E-1));
#7417=VECTOR('',#7416,4.909333898510E-1);
#7418=CARTESIAN_POINT('',(-1.225E0,1.351439194435E-1,-3.715048384293E-1));
#7419=LINE('',#7418,#7417);
#7420=DIRECTION('',(-1.E0,-2.775557561563E-14,-2.325917236590E-13));
#7421=VECTOR('',#7420,4.E-1);
#7422=CARTESIAN_POINT('',(-8.25E-1,-1.000000000001E-1,-6.003088082196E-1));
#7423=LINE('',#7422,#7421);
#7424=DIRECTION('',(1.E0,6.401996988092E-14,8.590350653037E-14));
#7425=VECTOR('',#7424,4.E-1);
#7426=CARTESIAN_POINT('',(-1.225E0,2.163417063298E-2,-2.734459942335E-1));
#7427=LINE('',#7426,#7425);
#7428=DIRECTION('',(-1.E0,-2.775557561563E-14,0.E0));
#7429=VECTOR('',#7428,4.E-1);
#7430=CARTESIAN_POINT('',(-8.25E-1,-1.E-1,-1.250308808221E0));
#7431=LINE('',#7430,#7429);
#7432=DIRECTION('',(-1.E0,0.E0,0.E0));
#7433=VECTOR('',#7432,4.E-1);
#7434=CARTESIAN_POINT('',(-8.25E-1,5.E-2,-1.250308808221E0));
#7435=LINE('',#7434,#7433);
#7436=DIRECTION('',(-1.E0,-3.781697177629E-14,-5.592748486549E-14));
#7437=VECTOR('',#7436,4.E-1);
#7438=CARTESIAN_POINT('',(-8.25E-1,1.351439194436E-1,-3.715048384293E-1));
#7439=LINE('',#7438,#7437);
#7440=DIRECTION('',(1.E0,0.E0,0.E0));
#7441=VECTOR('',#7440,4.E-1);
#7442=CARTESIAN_POINT('',(-1.225E0,5.E-2,-6.003088082206E-1));
#7443=LINE('',#7442,#7441);
#7444=DIRECTION('',(0.E0,-6.537256279751E-1,-7.567316587328E-1));
#7445=VECTOR('',#7444,3.613513338280E-1);
#7446=CARTESIAN_POINT('',(-1.035E1,2.578587982600E-1,0.E0));
#7447=LINE('',#7446,#7445);
#7448=CARTESIAN_POINT('',(-1.035E1,4.E-1,-6.003088082206E-1));
#7449=DIRECTION('',(1.E0,0.E0,0.E0));
#7450=DIRECTION('',(0.E0,-7.567316587328E-1,6.537256279751E-1));
#7451=AXIS2_PLACEMENT_3D('',#7448,#7449,#7450);
#7453=DIRECTION('',(0.E0,0.E0,-1.E0));
#7454=VECTOR('',#7453,6.496911917794E-1);
#7455=CARTESIAN_POINT('',(-1.035E1,-1.E-1,-6.003088082206E-1));
#7456=LINE('',#7455,#7454);
#7457=DIRECTION('',(0.E0,1.E0,0.E0));
#7458=VECTOR('',#7457,1.5E-1);
#7459=CARTESIAN_POINT('',(-1.035E1,-1.E-1,-1.25E0));
#7460=LINE('',#7459,#7458);
#7461=DIRECTION('',(0.E0,0.E0,1.E0));
#7462=VECTOR('',#7461,6.496911917794E-1);
#7463=CARTESIAN_POINT('',(-1.035E1,5.E-2,-1.25E0));
#7464=LINE('',#7463,#7462);
#7465=CARTESIAN_POINT('',(-1.035E1,4.E-1,-6.003088082206E-1));
#7466=DIRECTION('',(-1.E0,0.E0,0.E0));
#7467=DIRECTION('',(0.E0,-1.E0,0.E0));
#7468=AXIS2_PLACEMENT_3D('',#7465,#7466,#7467);
#7470=DIRECTION('',(0.E0,6.537256279752E-1,7.567316587328E-1));
#7471=VECTOR('',#7470,4.909333898512E-1);
#7472=CARTESIAN_POINT('',(-1.035E1,1.351439194434E-1,-3.715048384294E-1));
#7473=LINE('',#7472,#7471);
#7474=DIRECTION('',(0.E0,-6.537256279752E-1,-7.567316587327E-1));
#7475=VECTOR('',#7474,4.909333898509E-1);
#7476=CARTESIAN_POINT('',(-9.95E0,4.560796580179E-1,0.E0));
#7477=LINE('',#7476,#7475);
#7478=CARTESIAN_POINT('',(-9.95E0,4.E-1,-6.003088082206E-1));
#7479=DIRECTION('',(1.E0,0.E0,0.E0));
#7480=DIRECTION('',(0.E0,-7.567316587323E-1,6.537256279757E-1));
#7481=AXIS2_PLACEMENT_3D('',#7478,#7479,#7480);
#7483=DIRECTION('',(0.E0,0.E0,-1.E0));
#7484=VECTOR('',#7483,6.496911917794E-1);
#7485=CARTESIAN_POINT('',(-9.95E0,5.E-2,-6.003088082206E-1));
#7486=LINE('',#7485,#7484);
#7487=DIRECTION('',(0.E0,-1.E0,0.E0));
#7488=VECTOR('',#7487,1.5E-1);
#7489=CARTESIAN_POINT('',(-9.95E0,5.E-2,-1.25E0));
#7490=LINE('',#7489,#7488);
#7491=DIRECTION('',(0.E0,0.E0,1.E0));
#7492=VECTOR('',#7491,6.496911917794E-1);
#7493=CARTESIAN_POINT('',(-9.95E0,-1.E-1,-1.25E0));
#7494=LINE('',#7493,#7492);
#7495=CARTESIAN_POINT('',(-9.95E0,4.E-1,-6.003088082206E-1));
#7496=DIRECTION('',(-1.E0,0.E0,0.E0));
#7497=DIRECTION('',(0.E0,-1.E0,0.E0));
#7498=AXIS2_PLACEMENT_3D('',#7495,#7496,#7497);
#7500=DIRECTION('',(0.E0,6.537256279752E-1,7.567316587328E-1));
#7501=VECTOR('',#7500,3.613513338280E-1);
#7502=CARTESIAN_POINT('',(-9.95E0,2.163417063362E-2,-2.734459942330E-1));
#7503=LINE('',#7502,#7501);
#7504=DIRECTION('',(1.E0,0.E0,8.382183835920E-14));
#7505=VECTOR('',#7504,4.E-1);
#7506=CARTESIAN_POINT('',(-1.035E1,5.E-2,-6.003088082206E-1));
#7507=LINE('',#7506,#7505);
#7508=DIRECTION('',(-1.E0,-3.770594947383E-13,-5.448419493348E-13));
#7509=VECTOR('',#7508,4.E-1);
#7510=CARTESIAN_POINT('',(-9.95E0,1.351439194436E-1,-3.715048384292E-1));
#7511=LINE('',#7510,#7509);
#7512=DIRECTION('',(1.E0,0.E0,0.E0));
#7513=VECTOR('',#7512,4.E-1);
#7514=CARTESIAN_POINT('',(-1.035E1,5.E-2,-1.25E0));
#7515=LINE('',#7514,#7513);
#7516=DIRECTION('',(1.E0,0.E0,0.E0));
#7517=VECTOR('',#7516,4.E-1);
#7518=CARTESIAN_POINT('',(-1.035E1,-1.E-1,-1.25E0));
#7519=LINE('',#7518,#7517);
#7520=DIRECTION('',(1.E0,2.728720027712E-14,3.816391647149E-14));
#7521=VECTOR('',#7520,4.E-1);
#7522=CARTESIAN_POINT('',(-1.035E1,2.163417063361E-2,-2.734459942330E-1));
#7523=LINE('',#7522,#7521);
#7524=DIRECTION('',(-1.E0,0.E0,0.E0));
#7525=VECTOR('',#7524,4.E-1);
#7526=CARTESIAN_POINT('',(-9.95E0,-1.E-1,-6.003088082206E-1));
#7527=LINE('',#7526,#7525);
#7528=DIRECTION('',(0.E0,-6.537256279751E-1,-7.567316587328E-1));
#7529=VECTOR('',#7528,3.613513338280E-1);
#7530=CARTESIAN_POINT('',(-8.65E0,2.578587982600E-1,0.E0));
#7531=LINE('',#7530,#7529);
#7532=CARTESIAN_POINT('',(-8.65E0,4.E-1,-6.003088082206E-1));
#7533=DIRECTION('',(1.E0,0.E0,0.E0));
#7534=DIRECTION('',(0.E0,-7.567316587328E-1,6.537256279751E-1));
#7535=AXIS2_PLACEMENT_3D('',#7532,#7533,#7534);
#7537=DIRECTION('',(0.E0,0.E0,-1.E0));
#7538=VECTOR('',#7537,6.496911917794E-1);
#7539=CARTESIAN_POINT('',(-8.65E0,-1.E-1,-6.003088082206E-1));
#7540=LINE('',#7539,#7538);
#7541=DIRECTION('',(0.E0,1.E0,0.E0));
#7542=VECTOR('',#7541,1.5E-1);
#7543=CARTESIAN_POINT('',(-8.65E0,-1.E-1,-1.25E0));
#7544=LINE('',#7543,#7542);
#7545=DIRECTION('',(0.E0,0.E0,1.E0));
#7546=VECTOR('',#7545,6.496911917794E-1);
#7547=CARTESIAN_POINT('',(-8.65E0,5.E-2,-1.25E0));
#7548=LINE('',#7547,#7546);
#7549=CARTESIAN_POINT('',(-8.65E0,4.E-1,-6.003088082206E-1));
#7550=DIRECTION('',(-1.E0,0.E0,0.E0));
#7551=DIRECTION('',(0.E0,-1.E0,0.E0));
#7552=AXIS2_PLACEMENT_3D('',#7549,#7550,#7551);
#7554=DIRECTION('',(0.E0,6.537256279752E-1,7.567316587328E-1));
#7555=VECTOR('',#7554,4.909333898512E-1);
#7556=CARTESIAN_POINT('',(-8.65E0,1.351439194434E-1,-3.715048384294E-1));
#7557=LINE('',#7556,#7555);
#7558=DIRECTION('',(0.E0,-6.537256279752E-1,-7.567316587327E-1));
#7559=VECTOR('',#7558,4.909333898509E-1);
#7560=CARTESIAN_POINT('',(-8.25E0,4.560796580179E-1,0.E0));
#7561=LINE('',#7560,#7559);
#7562=CARTESIAN_POINT('',(-8.25E0,4.E-1,-6.003088082206E-1));
#7563=DIRECTION('',(1.E0,0.E0,0.E0));
#7564=DIRECTION('',(0.E0,-7.567316587323E-1,6.537256279757E-1));
#7565=AXIS2_PLACEMENT_3D('',#7562,#7563,#7564);
#7567=DIRECTION('',(0.E0,0.E0,-1.E0));
#7568=VECTOR('',#7567,6.496911917794E-1);
#7569=CARTESIAN_POINT('',(-8.25E0,5.E-2,-6.003088082206E-1));
#7570=LINE('',#7569,#7568);
#7571=DIRECTION('',(0.E0,-1.E0,0.E0));
#7572=VECTOR('',#7571,1.5E-1);
#7573=CARTESIAN_POINT('',(-8.25E0,5.E-2,-1.25E0));
#7574=LINE('',#7573,#7572);
#7575=DIRECTION('',(0.E0,0.E0,1.E0));
#7576=VECTOR('',#7575,6.496911917794E-1);
#7577=CARTESIAN_POINT('',(-8.25E0,-1.E-1,-1.25E0));
#7578=LINE('',#7577,#7576);
#7579=CARTESIAN_POINT('',(-8.25E0,4.E-1,-6.003088082206E-1));
#7580=DIRECTION('',(-1.E0,0.E0,0.E0));
#7581=DIRECTION('',(0.E0,-1.E0,0.E0));
#7582=AXIS2_PLACEMENT_3D('',#7579,#7580,#7581);
#7584=DIRECTION('',(0.E0,6.537256279752E-1,7.567316587328E-1));
#7585=VECTOR('',#7584,3.613513338280E-1);
#7586=CARTESIAN_POINT('',(-8.25E0,2.163417063362E-2,-2.734459942330E-1));
#7587=LINE('',#7586,#7585);
#7588=DIRECTION('',(1.E0,0.E0,8.382183835920E-14));
#7589=VECTOR('',#7588,4.E-1);
#7590=CARTESIAN_POINT('',(-8.65E0,5.E-2,-6.003088082206E-1));
#7591=LINE('',#7590,#7589);
#7592=DIRECTION('',(-1.E0,-3.770594947383E-13,-5.448419493348E-13));
#7593=VECTOR('',#7592,4.E-1);
#7594=CARTESIAN_POINT('',(-8.25E0,1.351439194436E-1,-3.715048384292E-1));
#7595=LINE('',#7594,#7593);
#7596=DIRECTION('',(1.E0,0.E0,0.E0));
#7597=VECTOR('',#7596,4.E-1);
#7598=CARTESIAN_POINT('',(-8.65E0,5.E-2,-1.25E0));
#7599=LINE('',#7598,#7597);
#7600=DIRECTION('',(1.E0,0.E0,0.E0));
#7601=VECTOR('',#7600,4.E-1);
#7602=CARTESIAN_POINT('',(-8.65E0,-1.E-1,-1.25E0));
#7603=LINE('',#7602,#7601);
#7604=DIRECTION('',(1.E0,2.728720027712E-14,3.816391647149E-14));
#7605=VECTOR('',#7604,4.E-1);
#7606=CARTESIAN_POINT('',(-8.65E0,2.163417063361E-2,-2.734459942330E-1));
#7607=LINE('',#7606,#7605);
#7608=DIRECTION('',(-1.E0,0.E0,0.E0));
#7609=VECTOR('',#7608,4.E-1);
#7610=CARTESIAN_POINT('',(-8.25E0,-1.E-1,-6.003088082206E-1));
#7611=LINE('',#7610,#7609);
#7612=DIRECTION('',(0.E0,-6.537256279752E-1,-7.567316587328E-1));
#7613=VECTOR('',#7612,3.613513338280E-1);
#7614=CARTESIAN_POINT('',(-6.225E0,2.578587982600E-1,0.E0));
#7615=LINE('',#7614,#7613);
#7616=CARTESIAN_POINT('',(-6.225E0,4.E-1,-6.003088082206E-1));
#7617=DIRECTION('',(1.E0,0.E0,0.E0));
#7618=DIRECTION('',(0.E0,-7.567316587325E-1,6.537256279755E-1));
#7619=AXIS2_PLACEMENT_3D('',#7616,#7617,#7618);
#7621=DIRECTION('',(0.E0,0.E0,-1.E0));
#7622=VECTOR('',#7621,6.496911917794E-1);
#7623=CARTESIAN_POINT('',(-6.225E0,-1.E-1,-6.003088082206E-1));
#7624=LINE('',#7623,#7622);
#7625=DIRECTION('',(0.E0,1.E0,0.E0));
#7626=VECTOR('',#7625,1.5E-1);
#7627=CARTESIAN_POINT('',(-6.225E0,-1.E-1,-1.25E0));
#7628=LINE('',#7627,#7626);
#7629=DIRECTION('',(0.E0,0.E0,1.E0));
#7630=VECTOR('',#7629,6.496911917794E-1);
#7631=CARTESIAN_POINT('',(-6.225E0,5.E-2,-1.25E0));
#7632=LINE('',#7631,#7630);
#7633=CARTESIAN_POINT('',(-6.225E0,4.E-1,-6.003088082206E-1));
#7634=DIRECTION('',(-1.E0,0.E0,0.E0));
#7635=DIRECTION('',(0.E0,-1.E0,0.E0));
#7636=AXIS2_PLACEMENT_3D('',#7633,#7634,#7635);
#7638=DIRECTION('',(0.E0,6.537256279752E-1,7.567316587328E-1));
#7639=VECTOR('',#7638,4.909333898510E-1);
#7640=CARTESIAN_POINT('',(-6.225E0,1.351439194435E-1,-3.715048384293E-1));
#7641=LINE('',#7640,#7639);
#7642=DIRECTION('',(0.E0,-6.537256279752E-1,-7.567316587328E-1));
#7643=VECTOR('',#7642,4.909333898511E-1);
#7644=CARTESIAN_POINT('',(-5.825E0,4.560796580179E-1,0.E0));
#7645=LINE('',#7644,#7643);
#7646=CARTESIAN_POINT('',(-5.825E0,4.E-1,-6.003088082206E-1));
#7647=DIRECTION('',(1.E0,0.E0,0.E0));
#7648=DIRECTION('',(0.E0,-7.567316587330E-1,6.537256279750E-1));
#7649=AXIS2_PLACEMENT_3D('',#7646,#7647,#7648);
#7651=DIRECTION('',(0.E0,0.E0,-1.E0));
#7652=VECTOR('',#7651,6.496911917794E-1);
#7653=CARTESIAN_POINT('',(-5.825E0,5.E-2,-6.003088082206E-1));
#7654=LINE('',#7653,#7652);
#7655=DIRECTION('',(0.E0,-1.E0,0.E0));
#7656=VECTOR('',#7655,1.5E-1);
#7657=CARTESIAN_POINT('',(-5.825E0,5.E-2,-1.25E0));
#7658=LINE('',#7657,#7656);
#7659=DIRECTION('',(0.E0,0.E0,1.E0));
#7660=VECTOR('',#7659,6.496911917794E-1);
#7661=CARTESIAN_POINT('',(-5.825E0,-1.E-1,-1.25E0));
#7662=LINE('',#7661,#7660);
#7663=CARTESIAN_POINT('',(-5.825E0,4.E-1,-6.003088082206E-1));
#7664=DIRECTION('',(-1.E0,0.E0,0.E0));
#7665=DIRECTION('',(0.E0,-1.E0,0.E0));
#7666=AXIS2_PLACEMENT_3D('',#7663,#7664,#7665);
#7668=DIRECTION('',(0.E0,6.537256279752E-1,7.567316587328E-1));
#7669=VECTOR('',#7668,3.613513338280E-1);
#7670=CARTESIAN_POINT('',(-5.825E0,2.163417063361E-2,-2.734459942330E-1));
#7671=LINE('',#7670,#7669);
#7672=DIRECTION('',(1.E0,0.E0,8.326672684689E-14));
#7673=VECTOR('',#7672,4.E-1);
#7674=CARTESIAN_POINT('',(-6.225E0,5.E-2,-6.003088082206E-1));
#7675=LINE('',#7674,#7673);
#7676=DIRECTION('',(-1.E0,8.854028621386E-14,1.312838726619E-13));
#7677=VECTOR('',#7676,4.E-1);
#7678=CARTESIAN_POINT('',(-5.825E0,1.351439194435E-1,-3.715048384293E-1));
#7679=LINE('',#7678,#7677);
#7680=DIRECTION('',(1.E0,0.E0,0.E0));
#7681=VECTOR('',#7680,4.E-1);
#7682=CARTESIAN_POINT('',(-6.225E0,5.E-2,-1.25E0));
#7683=LINE('',#7682,#7681);
#7684=DIRECTION('',(1.E0,0.E0,0.E0));
#7685=VECTOR('',#7684,4.E-1);
#7686=CARTESIAN_POINT('',(-6.225E0,-1.E-1,-1.25E0));
#7687=LINE('',#7686,#7685);
#7688=DIRECTION('',(1.E0,-8.025698161607E-14,-1.212918654403E-13));
#7689=VECTOR('',#7688,4.E-1);
#7690=CARTESIAN_POINT('',(-6.225E0,2.163417063365E-2,-2.734459942329E-1));
#7691=LINE('',#7690,#7689);
#7692=DIRECTION('',(-1.E0,0.E0,0.E0));
#7693=VECTOR('',#7692,4.E-1);
#7694=CARTESIAN_POINT('',(-5.825E0,-1.E-1,-6.003088082206E-1));
#7695=LINE('',#7694,#7693);
#7696=DIRECTION('',(0.E0,-6.537256279752E-1,-7.567316587328E-1));
#7697=VECTOR('',#7696,3.613513338280E-1);
#7698=CARTESIAN_POINT('',(-3.725E0,2.578587982600E-1,0.E0));
#7699=LINE('',#7698,#7697);
#7700=CARTESIAN_POINT('',(-3.725E0,4.E-1,-6.003088082206E-1));
#7701=DIRECTION('',(1.E0,0.E0,0.E0));
#7702=DIRECTION('',(0.E0,-7.567316587325E-1,6.537256279755E-1));
#7703=AXIS2_PLACEMENT_3D('',#7700,#7701,#7702);
#7705=DIRECTION('',(0.E0,0.E0,-1.E0));
#7706=VECTOR('',#7705,6.496911917794E-1);
#7707=CARTESIAN_POINT('',(-3.725E0,-1.E-1,-6.003088082206E-1));
#7708=LINE('',#7707,#7706);
#7709=DIRECTION('',(0.E0,1.E0,0.E0));
#7710=VECTOR('',#7709,1.5E-1);
#7711=CARTESIAN_POINT('',(-3.725E0,-1.E-1,-1.25E0));
#7712=LINE('',#7711,#7710);
#7713=DIRECTION('',(0.E0,0.E0,1.E0));
#7714=VECTOR('',#7713,6.496911917794E-1);
#7715=CARTESIAN_POINT('',(-3.725E0,5.E-2,-1.25E0));
#7716=LINE('',#7715,#7714);
#7717=CARTESIAN_POINT('',(-3.725E0,4.E-1,-6.003088082206E-1));
#7718=DIRECTION('',(-1.E0,0.E0,0.E0));
#7719=DIRECTION('',(0.E0,-1.E0,0.E0));
#7720=AXIS2_PLACEMENT_3D('',#7717,#7718,#7719);
#7722=DIRECTION('',(0.E0,6.537256279752E-1,7.567316587328E-1));
#7723=VECTOR('',#7722,4.909333898510E-1);
#7724=CARTESIAN_POINT('',(-3.725E0,1.351439194435E-1,-3.715048384293E-1));
#7725=LINE('',#7724,#7723);
#7726=DIRECTION('',(0.E0,-6.537256279752E-1,-7.567316587327E-1));
#7727=VECTOR('',#7726,4.909333898510E-1);
#7728=CARTESIAN_POINT('',(-3.325E0,4.560796580179E-1,0.E0));
#7729=LINE('',#7728,#7727);
#7730=CARTESIAN_POINT('',(-3.325E0,4.E-1,-6.003088082206E-1));
#7731=DIRECTION('',(1.E0,0.E0,0.E0));
#7732=DIRECTION('',(0.E0,-7.567316587325E-1,6.537256279755E-1));
#7733=AXIS2_PLACEMENT_3D('',#7730,#7731,#7732);
#7735=DIRECTION('',(0.E0,0.E0,-1.E0));
#7736=VECTOR('',#7735,6.496911917794E-1);
#7737=CARTESIAN_POINT('',(-3.325E0,5.E-2,-6.003088082206E-1));
#7738=LINE('',#7737,#7736);
#7739=DIRECTION('',(0.E0,-1.E0,0.E0));
#7740=VECTOR('',#7739,1.5E-1);
#7741=CARTESIAN_POINT('',(-3.325E0,5.E-2,-1.25E0));
#7742=LINE('',#7741,#7740);
#7743=DIRECTION('',(0.E0,0.E0,1.E0));
#7744=VECTOR('',#7743,6.496911917794E-1);
#7745=CARTESIAN_POINT('',(-3.325E0,-1.E-1,-1.25E0));
#7746=LINE('',#7745,#7744);
#7747=CARTESIAN_POINT('',(-3.325E0,4.E-1,-6.003088082206E-1));
#7748=DIRECTION('',(-1.E0,0.E0,0.E0));
#7749=DIRECTION('',(0.E0,-1.E0,0.E0));
#7750=AXIS2_PLACEMENT_3D('',#7747,#7748,#7749);
#7752=DIRECTION('',(0.E0,6.537256279752E-1,7.567316587328E-1));
#7753=VECTOR('',#7752,3.613513338280E-1);
#7754=CARTESIAN_POINT('',(-3.325E0,2.163417063361E-2,-2.734459942330E-1));
#7755=LINE('',#7754,#7753);
#7756=DIRECTION('',(1.E0,0.E0,8.326672684689E-14));
#7757=VECTOR('',#7756,4.E-1);
#7758=CARTESIAN_POINT('',(-3.725E0,5.E-2,-6.003088082206E-1));
#7759=LINE('',#7758,#7757);
#7760=DIRECTION('',(-1.E0,-3.788636071533E-14,-5.592748486549E-14));
#7761=VECTOR('',#7760,4.E-1);
#7762=CARTESIAN_POINT('',(-3.325E0,1.351439194436E-1,-3.715048384293E-1));
#7763=LINE('',#7762,#7761);
#7764=DIRECTION('',(1.E0,0.E0,0.E0));
#7765=VECTOR('',#7764,4.E-1);
#7766=CARTESIAN_POINT('',(-3.725E0,5.E-2,-1.25E0));
#7767=LINE('',#7766,#7765);
#7768=DIRECTION('',(1.E0,0.E0,0.E0));
#7769=VECTOR('',#7768,4.E-1);
#7770=CARTESIAN_POINT('',(-3.725E0,-1.E-1,-1.25E0));
#7771=LINE('',#7770,#7769);
#7772=DIRECTION('',(1.E0,-8.025698161607E-14,-1.212918654403E-13));
#7773=VECTOR('',#7772,4.E-1);
#7774=CARTESIAN_POINT('',(-3.725E0,2.163417063365E-2,-2.734459942329E-1));
#7775=LINE('',#7774,#7773);
#7776=DIRECTION('',(-1.E0,0.E0,0.E0));
#7777=VECTOR('',#7776,4.E-1);
#7778=CARTESIAN_POINT('',(-3.325E0,-1.E-1,-6.003088082206E-1));
#7779=LINE('',#7778,#7777);
#7780=CARTESIAN_POINT('',(1.3975E1,0.E0,0.E0));
#7781=CARTESIAN_POINT('',(-1.3975E1,0.E0,0.E0));
#7782=VERTEX_POINT('',#7780);
#7783=VERTEX_POINT('',#7781);
#7784=CARTESIAN_POINT('',(-1.3975E1,0.E0,2.015E1));
#7785=VERTEX_POINT('',#7784);
#7786=CARTESIAN_POINT('',(-1.2975E1,0.E0,2.015E1));
#7787=VERTEX_POINT('',#7786);
#7788=CARTESIAN_POINT('',(-1.2975E1,0.E0,2.265E1));
#7789=VERTEX_POINT('',#7788);
#7790=CARTESIAN_POINT('',(-1.3975E1,0.E0,2.265E1));
#7791=VERTEX_POINT('',#7790);
#7792=CARTESIAN_POINT('',(-1.3975E1,0.E0,2.7E1));
#7793=VERTEX_POINT('',#7792);
#7794=CARTESIAN_POINT('',(-1.4225E1,0.E0,2.7E1));
#7795=VERTEX_POINT('',#7794);
#7796=CARTESIAN_POINT('',(-1.4225E1,0.E0,2.9E1));
#7797=VERTEX_POINT('',#7796);
#7798=CARTESIAN_POINT('',(-1.1725E1,0.E0,2.9E1));
#7799=VERTEX_POINT('',#7798);
#7800=CARTESIAN_POINT('',(-1.1725E1,0.E0,2.09E1));
#7801=VERTEX_POINT('',#7800);
#7802=CARTESIAN_POINT('',(-1.1225E1,0.E0,2.04E1));
#7803=VERTEX_POINT('',#7802);
#7804=CARTESIAN_POINT('',(-1.0225E1,0.E0,2.04E1));
#7805=VERTEX_POINT('',#7804);
#7806=CARTESIAN_POINT('',(-9.725E0,0.E0,1.99E1));
#7807=VERTEX_POINT('',#7806);
#7808=CARTESIAN_POINT('',(-9.724999999999E0,0.E0,1.618098411588E1));
#7809=VERTEX_POINT('',#7808);
#7810=CARTESIAN_POINT('',(-7.995000000027E0,0.E0,1.346306211554E1));
#7811=VERTEX_POINT('',#7810);
#7812=CARTESIAN_POINT('',(7.245000000027E0,0.E0,1.346306211555E1));
#7813=VERTEX_POINT('',#7812);
#7814=CARTESIAN_POINT('',(8.974999999998E0,0.E0,1.618098411590E1));
#7815=VERTEX_POINT('',#7814);
#7816=CARTESIAN_POINT('',(8.975E0,0.E0,1.988951808247E1));
#7817=VERTEX_POINT('',#7816);
#7818=CARTESIAN_POINT('',(9.475E0,0.E0,2.038951808247E1));
#7819=VERTEX_POINT('',#7818);
#7820=CARTESIAN_POINT('',(1.0475E1,0.E0,2.038951808247E1));
#7821=VERTEX_POINT('',#7820);
#7822=CARTESIAN_POINT('',(1.0975E1,0.E0,2.088951808247E1));
#7823=VERTEX_POINT('',#7822);
#7824=CARTESIAN_POINT('',(1.0975E1,0.E0,2.9E1));
#7825=VERTEX_POINT('',#7824);
#7826=CARTESIAN_POINT('',(1.4225E1,0.E0,2.9E1));
#7827=VERTEX_POINT('',#7826);
#7828=CARTESIAN_POINT('',(1.4225E1,0.E0,2.7E1));
#7829=VERTEX_POINT('',#7828);
#7830=CARTESIAN_POINT('',(1.3975E1,0.E0,2.7E1));
#7831=VERTEX_POINT('',#7830);
#7832=CARTESIAN_POINT('',(1.3975E1,0.E0,2.145E1));
#7833=VERTEX_POINT('',#7832);
#7834=CARTESIAN_POINT('',(1.2975E1,0.E0,2.145E1));
#7835=VERTEX_POINT('',#7834);
#7836=CARTESIAN_POINT('',(1.2975E1,0.E0,1.895E1));
#7837=VERTEX_POINT('',#7836);
#7838=CARTESIAN_POINT('',(1.3975E1,0.E0,1.895E1));
#7839=VERTEX_POINT('',#7838);
#7840=CARTESIAN_POINT('',(-1.475E0,0.E0,7.7E0));
#7841=CARTESIAN_POINT('',(-1.475E0,0.E0,3.5E0));
#7842=VERTEX_POINT('',#7840);
#7843=VERTEX_POINT('',#7841);
#7844=CARTESIAN_POINT('',(-5.75E-1,0.E0,3.5E0));
#7845=VERTEX_POINT('',#7844);
#7846=CARTESIAN_POINT('',(-5.75E-1,0.E0,7.7E0));
#7847=VERTEX_POINT('',#7846);
#7848=CARTESIAN_POINT('',(1.025E0,0.E0,7.7E0));
#7849=CARTESIAN_POINT('',(1.025E0,0.E0,3.5E0));
#7850=VERTEX_POINT('',#7848);
#7851=VERTEX_POINT('',#7849);
#7852=CARTESIAN_POINT('',(1.925E0,0.E0,3.5E0));
#7853=VERTEX_POINT('',#7852);
#7854=CARTESIAN_POINT('',(1.925E0,0.E0,7.7E0));
#7855=VERTEX_POINT('',#7854);
#7856=CARTESIAN_POINT('',(3.525E0,0.E0,7.7E0));
#7857=CARTESIAN_POINT('',(3.525E0,0.E0,3.5E0));
#7858=VERTEX_POINT('',#7856);
#7859=VERTEX_POINT('',#7857);
#7860=CARTESIAN_POINT('',(4.425E0,0.E0,3.5E0));
#7861=VERTEX_POINT('',#7860);
#7862=CARTESIAN_POINT('',(4.425E0,0.E0,7.7E0));
#7863=VERTEX_POINT('',#7862);
#7864=CARTESIAN_POINT('',(6.025E0,0.E0,7.7E0));
#7865=CARTESIAN_POINT('',(6.025E0,0.E0,3.5E0));
#7866=VERTEX_POINT('',#7864);
#7867=VERTEX_POINT('',#7865);
#7868=CARTESIAN_POINT('',(6.925E0,0.E0,3.5E0));
#7869=VERTEX_POINT('',#7868);
#7870=CARTESIAN_POINT('',(6.925E0,0.E0,7.7E0));
#7871=VERTEX_POINT('',#7870);
#7872=CARTESIAN_POINT('',(8.525E0,0.E0,1.E1));
#7873=CARTESIAN_POINT('',(8.525E0,0.E0,6.3E0));
#7874=VERTEX_POINT('',#7872);
#7875=VERTEX_POINT('',#7873);
#7876=CARTESIAN_POINT('',(9.425E0,0.E0,6.3E0));
#7877=VERTEX_POINT('',#7876);
#7878=CARTESIAN_POINT('',(9.425E0,0.E0,1.E1));
#7879=VERTEX_POINT('',#7878);
#7880=CARTESIAN_POINT('',(-3.975E0,0.E0,7.7E0));
#7881=CARTESIAN_POINT('',(-3.975E0,0.E0,3.5E0));
#7882=VERTEX_POINT('',#7880);
#7883=VERTEX_POINT('',#7881);
#7884=CARTESIAN_POINT('',(-3.075E0,0.E0,3.5E0));
#7885=VERTEX_POINT('',#7884);
#7886=CARTESIAN_POINT('',(-3.075E0,0.E0,7.7E0));
#7887=VERTEX_POINT('',#7886);
#7888=CARTESIAN_POINT('',(-6.475E0,0.E0,7.7E0));
#7889=CARTESIAN_POINT('',(-6.475E0,0.E0,3.5E0));
#7890=VERTEX_POINT('',#7888);
#7891=VERTEX_POINT('',#7889);
#7892=CARTESIAN_POINT('',(-5.575E0,0.E0,3.5E0));
#7893=VERTEX_POINT('',#7892);
#7894=CARTESIAN_POINT('',(-5.575E0,0.E0,7.7E0));
#7895=VERTEX_POINT('',#7894);
#7896=CARTESIAN_POINT('',(-8.905E0,0.E0,7.7E0));
#7897=CARTESIAN_POINT('',(-8.905E0,0.E0,3.5E0));
#7898=VERTEX_POINT('',#7896);
#7899=VERTEX_POINT('',#7897);
#7900=CARTESIAN_POINT('',(-8.005E0,0.E0,3.5E0));
#7901=VERTEX_POINT('',#7900);
#7902=CARTESIAN_POINT('',(-8.005E0,0.E0,7.7E0));
#7903=VERTEX_POINT('',#7902);
#7904=CARTESIAN_POINT('',(-1.0605E1,0.E0,7.7E0));
#7905=CARTESIAN_POINT('',(-1.0605E1,0.E0,3.5E0));
#7906=VERTEX_POINT('',#7904);
#7907=VERTEX_POINT('',#7905);
#7908=CARTESIAN_POINT('',(-9.705E0,0.E0,3.5E0));
#7909=VERTEX_POINT('',#7908);
#7910=CARTESIAN_POINT('',(-9.705E0,0.E0,7.7E0));
#7911=VERTEX_POINT('',#7910);
#7912=CARTESIAN_POINT('',(1.3975E1,2.6E0,0.E0));
#7913=VERTEX_POINT('',#7912);
#7914=CARTESIAN_POINT('',(-1.3975E1,2.6E0,0.E0));
#7915=VERTEX_POINT('',#7914);
#7916=CARTESIAN_POINT('',(-1.3325E1,2.15E0,0.E0));
#7917=CARTESIAN_POINT('',(-1.3325E1,5.431604295725E-1,0.E0));
#7918=VERTEX_POINT('',#7916);
#7919=VERTEX_POINT('',#7917);
#7920=CARTESIAN_POINT('',(-1.3475E1,5.431604295725E-1,0.E0));
#7921=VERTEX_POINT('',#7920);
#7922=CARTESIAN_POINT('',(-1.3475E1,2.15E0,0.E0));
#7923=VERTEX_POINT('',#7922);
#7924=CARTESIAN_POINT('',(9.175E0,4.465882685922E-1,0.E0));
#7925=CARTESIAN_POINT('',(9.175E0,2.578587982600E-1,0.E0));
#7926=VERTEX_POINT('',#7924);
#7927=VERTEX_POINT('',#7925);
#7928=CARTESIAN_POINT('',(8.775E0,2.578587982600E-1,0.E0));
#7929=VERTEX_POINT('',#7928);
#7930=CARTESIAN_POINT('',(8.775E0,4.465882685922E-1,0.E0));
#7931=VERTEX_POINT('',#7930);
#7932=CARTESIAN_POINT('',(6.675E0,4.465882685922E-1,0.E0));
#7933=CARTESIAN_POINT('',(6.675E0,2.578587982600E-1,0.E0));
#7934=VERTEX_POINT('',#7932);
#7935=VERTEX_POINT('',#7933);
#7936=CARTESIAN_POINT('',(6.275E0,2.578587982600E-1,0.E0));
#7937=VERTEX_POINT('',#7936);
#7938=CARTESIAN_POINT('',(6.275E0,4.465882685922E-1,0.E0));
#7939=VERTEX_POINT('',#7938);
#7940=CARTESIAN_POINT('',(4.175E0,4.465882685922E-1,0.E0));
#7941=CARTESIAN_POINT('',(4.175E0,2.578587982600E-1,0.E0));
#7942=VERTEX_POINT('',#7940);
#7943=VERTEX_POINT('',#7941);
#7944=CARTESIAN_POINT('',(3.775E0,2.578587982600E-1,0.E0));
#7945=VERTEX_POINT('',#7944);
#7946=CARTESIAN_POINT('',(3.775E0,4.465882685922E-1,0.E0));
#7947=VERTEX_POINT('',#7946);
#7948=CARTESIAN_POINT('',(2.525E0,2.02E0,0.E0));
#7949=CARTESIAN_POINT('',(2.525E0,1.87E0,0.E0));
#7950=VERTEX_POINT('',#7948);
#7951=VERTEX_POINT('',#7949);
#7952=CARTESIAN_POINT('',(2.125E0,1.87E0,0.E0));
#7953=VERTEX_POINT('',#7952);
#7954=CARTESIAN_POINT('',(2.125E0,2.02E0,0.E0));
#7955=VERTEX_POINT('',#7954);
#7956=CARTESIAN_POINT('',(8.75E-1,4.560796580179E-1,0.E0));
#7957=CARTESIAN_POINT('',(8.75E-1,2.578587982600E-1,0.E0));
#7958=VERTEX_POINT('',#7956);
#7959=VERTEX_POINT('',#7957);
#7960=CARTESIAN_POINT('',(4.75E-1,2.578587982600E-1,0.E0));
#7961=VERTEX_POINT('',#7960);
#7962=CARTESIAN_POINT('',(4.75E-1,4.560796580179E-1,0.E0));
#7963=VERTEX_POINT('',#7962);
#7964=CARTESIAN_POINT('',(-8.25E-1,4.560796580179E-1,0.E0));
#7965=CARTESIAN_POINT('',(-8.25E-1,2.578587982600E-1,0.E0));
#7966=VERTEX_POINT('',#7964);
#7967=VERTEX_POINT('',#7965);
#7968=CARTESIAN_POINT('',(-1.225E0,2.578587982600E-1,0.E0));
#7969=VERTEX_POINT('',#7968);
#7970=CARTESIAN_POINT('',(-1.225E0,4.560796580179E-1,0.E0));
#7971=VERTEX_POINT('',#7970);
#7972=CARTESIAN_POINT('',(-1.035E1,2.578587982600E-1,0.E0));
#7973=CARTESIAN_POINT('',(-1.035E1,4.560796580179E-1,0.E0));
#7974=VERTEX_POINT('',#7972);
#7975=VERTEX_POINT('',#7973);
#7976=CARTESIAN_POINT('',(-9.95E0,4.560796580179E-1,0.E0));
#7977=VERTEX_POINT('',#7976);
#7978=CARTESIAN_POINT('',(-9.95E0,2.578587982600E-1,0.E0));
#7979=VERTEX_POINT('',#7978);
#7980=CARTESIAN_POINT('',(-8.65E0,2.578587982600E-1,0.E0));
#7981=CARTESIAN_POINT('',(-8.65E0,4.560796580179E-1,0.E0));
#7982=VERTEX_POINT('',#7980);
#7983=VERTEX_POINT('',#7981);
#7984=CARTESIAN_POINT('',(-8.25E0,4.560796580179E-1,0.E0));
#7985=VERTEX_POINT('',#7984);
#7986=CARTESIAN_POINT('',(-8.25E0,2.578587982600E-1,0.E0));
#7987=VERTEX_POINT('',#7986);
#7988=CARTESIAN_POINT('',(-6.225E0,2.578587982600E-1,0.E0));
#7989=CARTESIAN_POINT('',(-6.225E0,4.560796580179E-1,0.E0));
#7990=VERTEX_POINT('',#7988);
#7991=VERTEX_POINT('',#7989);
#7992=CARTESIAN_POINT('',(-5.825E0,4.560796580179E-1,0.E0));
#7993=VERTEX_POINT('',#7992);
#7994=CARTESIAN_POINT('',(-5.825E0,2.578587982600E-1,0.E0));
#7995=VERTEX_POINT('',#7994);
#7996=CARTESIAN_POINT('',(-3.725E0,2.578587982600E-1,0.E0));
#7997=CARTESIAN_POINT('',(-3.725E0,4.560796580179E-1,0.E0));
#7998=VERTEX_POINT('',#7996);
#7999=VERTEX_POINT('',#7997);
#8000=CARTESIAN_POINT('',(-3.325E0,4.560796580179E-1,0.E0));
#8001=VERTEX_POINT('',#8000);
#8002=CARTESIAN_POINT('',(-3.325E0,2.578587982600E-1,0.E0));
#8003=VERTEX_POINT('',#8002);
#8004=CARTESIAN_POINT('',(1.3975E1,2.6E0,1.895E1));
#8005=VERTEX_POINT('',#8004);
#8006=CARTESIAN_POINT('',(1.3975E1,1.8E0,4.25E0));
#8007=CARTESIAN_POINT('',(1.3975E1,8.E-1,4.25E0));
#8008=VERTEX_POINT('',#8006);
#8009=VERTEX_POINT('',#8007);
#8010=CARTESIAN_POINT('',(1.3975E1,1.8E0,5.75E0));
#8011=VERTEX_POINT('',#8010);
#8012=CARTESIAN_POINT('',(1.3975E1,8.E-1,5.75E0));
#8013=VERTEX_POINT('',#8012);
#8014=CARTESIAN_POINT('',(1.3625E1,8.5E-1,1.895E1));
#8015=CARTESIAN_POINT('',(1.2975E1,8.5E-1,1.895E1));
#8016=VERTEX_POINT('',#8014);
#8017=VERTEX_POINT('',#8015);
#8018=CARTESIAN_POINT('',(1.3625E1,2.6E0,1.895E1));
#8019=VERTEX_POINT('',#8018);
#8020=CARTESIAN_POINT('',(1.2975E1,8.5E-1,2.145E1));
#8021=VERTEX_POINT('',#8020);
#8022=CARTESIAN_POINT('',(1.3625E1,8.5E-1,2.145E1));
#8023=VERTEX_POINT('',#8022);
#8024=CARTESIAN_POINT('',(1.3975E1,2.6E0,2.145E1));
#8025=VERTEX_POINT('',#8024);
#8026=CARTESIAN_POINT('',(1.3625E1,2.6E0,2.145E1));
#8027=VERTEX_POINT('',#8026);
#8028=CARTESIAN_POINT('',(1.3975E1,2.6E0,2.7E1));
#8029=VERTEX_POINT('',#8028);
#8030=CARTESIAN_POINT('',(1.3975E1,8.E-1,2.375E1));
#8031=CARTESIAN_POINT('',(1.3975E1,1.8E0,2.375E1));
#8032=VERTEX_POINT('',#8030);
#8033=VERTEX_POINT('',#8031);
#8034=CARTESIAN_POINT('',(1.4225E1,2.6E0,2.7E1));
#8035=VERTEX_POINT('',#8034);
#8036=CARTESIAN_POINT('',(1.4225E1,2.6E0,2.9E1));
#8037=VERTEX_POINT('',#8036);
#8038=CARTESIAN_POINT('',(1.1775E1,2.6E0,2.407304626357E1));
#8039=CARTESIAN_POINT('',(1.1775E1,2.6E0,6.3E0));
#8040=VERTEX_POINT('',#8038);
#8041=VERTEX_POINT('',#8039);
#8042=CARTESIAN_POINT('',(7.775E0,2.6E0,2.3E0));
#8043=VERTEX_POINT('',#8042);
#8044=CARTESIAN_POINT('',(-1.2475E1,2.6E0,2.3E0));
#8045=VERTEX_POINT('',#8044);
#8046=CARTESIAN_POINT('',(-1.4225E1,2.6E0,2.7E1));
#8047=CARTESIAN_POINT('',(-1.4225E1,2.6E0,2.9E1));
#8048=VERTEX_POINT('',#8046);
#8049=VERTEX_POINT('',#8047);
#8050=CARTESIAN_POINT('',(-1.3975E1,2.6E0,2.7E1));
#8051=VERTEX_POINT('',#8050);
#8052=CARTESIAN_POINT('',(-1.3975E1,2.6E0,2.265E1));
#8053=VERTEX_POINT('',#8052);
#8054=CARTESIAN_POINT('',(-1.2975E1,2.6E0,2.265E1));
#8055=VERTEX_POINT('',#8054);
#8056=CARTESIAN_POINT('',(-1.2975E1,2.6E0,2.015E1));
#8057=VERTEX_POINT('',#8056);
#8058=CARTESIAN_POINT('',(-1.3975E1,2.6E0,2.015E1));
#8059=VERTEX_POINT('',#8058);
#8060=CARTESIAN_POINT('',(1.1725E1,2.6E0,2.61E1));
#8061=CARTESIAN_POINT('',(1.3625E1,2.6E0,2.61E1));
#8062=VERTEX_POINT('',#8060);
#8063=VERTEX_POINT('',#8061);
#8064=CARTESIAN_POINT('',(1.3625E1,2.6E0,2.407304626357E1));
#8065=VERTEX_POINT('',#8064);
#8066=CARTESIAN_POINT('',(1.1775E1,8.5E-1,2.407304626357E1));
#8067=VERTEX_POINT('',#8066);
#8068=CARTESIAN_POINT('',(1.1775E1,8.5E-1,6.3E0));
#8069=VERTEX_POINT('',#8068);
#8070=CARTESIAN_POINT('',(1.1775E1,2.55E0,1.314261662113E1));
#8071=CARTESIAN_POINT('',(1.1775E1,2.55E0,1.303100423488E1));
#8072=VERTEX_POINT('',#8070);
#8073=VERTEX_POINT('',#8071);
#8074=CARTESIAN_POINT('',(1.1775E1,1.890066948992E0,1.303100423488E1));
#8075=VERTEX_POINT('',#8074);
#8076=CARTESIAN_POINT('',(1.1775E1,1.897507774742E0,1.314261662113E1));
#8077=VERTEX_POINT('',#8076);
#8078=CARTESIAN_POINT('',(1.1775E1,1.858E0,1.255E1));
#8079=CARTESIAN_POINT('',(1.1775E1,2.55E0,1.255E1));
#8080=VERTEX_POINT('',#8078);
#8081=VERTEX_POINT('',#8079);
#8082=CARTESIAN_POINT('',(1.1775E1,2.55E0,1.245E1));
#8083=VERTEX_POINT('',#8082);
#8084=CARTESIAN_POINT('',(1.1775E1,1.851333333333E0,1.245E1));
#8085=VERTEX_POINT('',#8084);
#8086=CARTESIAN_POINT('',(1.3625E1,8.5E-1,2.407304626357E1));
#8087=VERTEX_POINT('',#8086);
#8088=CARTESIAN_POINT('',(1.0975E1,8.5E-1,5.5E0));
#8089=VERTEX_POINT('',#8088);
#8090=CARTESIAN_POINT('',(1.3625E1,8.5E-1,2.61E1));
#8091=VERTEX_POINT('',#8090);
#8092=CARTESIAN_POINT('',(1.1725E1,8.5E-1,2.61E1));
#8093=VERTEX_POINT('',#8092);
#8094=CARTESIAN_POINT('',(8.225E0,8.5E-1,2.75E0));
#8095=CARTESIAN_POINT('',(9.725E0,8.5E-1,4.25E0));
#8096=VERTEX_POINT('',#8094);
#8097=VERTEX_POINT('',#8095);
#8098=CARTESIAN_POINT('',(7.775E0,8.5E-1,2.3E0));
#8099=VERTEX_POINT('',#8098);
#8100=CARTESIAN_POINT('',(9.725E0,8.5E-1,1.04E1));
#8101=VERTEX_POINT('',#8100);
#8102=CARTESIAN_POINT('',(8.225E0,8.5E-1,1.04E1));
#8103=VERTEX_POINT('',#8102);
#8104=CARTESIAN_POINT('',(8.525E0,8.5E-1,6.3E0));
#8105=CARTESIAN_POINT('',(8.525E0,8.5E-1,1.E1));
#8106=VERTEX_POINT('',#8104);
#8107=VERTEX_POINT('',#8105);
#8108=CARTESIAN_POINT('',(9.425E0,8.5E-1,1.E1));
#8109=VERTEX_POINT('',#8108);
#8110=CARTESIAN_POINT('',(9.425E0,8.5E-1,6.3E0));
#8111=VERTEX_POINT('',#8110);
#8112=CARTESIAN_POINT('',(9.725E0,8.5E-1,2.3E0));
#8113=VERTEX_POINT('',#8112);
#8114=CARTESIAN_POINT('',(9.725E0,2.5E-1,2.3E0));
#8115=VERTEX_POINT('',#8114);
#8116=CARTESIAN_POINT('',(9.725E0,2.5E-1,1.04E1));
#8117=VERTEX_POINT('',#8116);
#8118=CARTESIAN_POINT('',(1.0975E1,8.5E-1,2.3E0));
#8119=VERTEX_POINT('',#8118);
#8120=CARTESIAN_POINT('',(1.0975E1,2.5E-1,2.088951808247E1));
#8121=VERTEX_POINT('',#8120);
#8122=CARTESIAN_POINT('',(1.0975E1,2.5E-1,2.3E0));
#8123=VERTEX_POINT('',#8122);
#8124=CARTESIAN_POINT('',(1.0475E1,2.5E-1,2.038951808247E1));
#8125=VERTEX_POINT('',#8124);
#8126=CARTESIAN_POINT('',(9.475E0,2.5E-1,2.038951808247E1));
#8127=VERTEX_POINT('',#8126);
#8128=CARTESIAN_POINT('',(8.975E0,2.5E-1,1.988951808247E1));
#8129=VERTEX_POINT('',#8128);
#8130=CARTESIAN_POINT('',(8.974999999999E0,2.5E-1,1.618098411588E1));
#8131=VERTEX_POINT('',#8130);
#8132=CARTESIAN_POINT('',(7.245000000007E0,2.5E-1,1.346306211554E1));
#8133=VERTEX_POINT('',#8132);
#8134=CARTESIAN_POINT('',(-7.995000000009E0,2.5E-1,1.346306211554E1));
#8135=VERTEX_POINT('',#8134);
#8136=CARTESIAN_POINT('',(-9.724999999999E0,2.5E-1,1.618098411589E1));
#8137=VERTEX_POINT('',#8136);
#8138=CARTESIAN_POINT('',(-9.725E0,2.5E-1,1.99E1));
#8139=VERTEX_POINT('',#8138);
#8140=CARTESIAN_POINT('',(-1.0225E1,2.5E-1,2.04E1));
#8141=VERTEX_POINT('',#8140);
#8142=CARTESIAN_POINT('',(-1.1225E1,2.5E-1,2.04E1));
#8143=VERTEX_POINT('',#8142);
#8144=CARTESIAN_POINT('',(-1.1725E1,2.5E-1,2.09E1));
#8145=VERTEX_POINT('',#8144);
#8146=CARTESIAN_POINT('',(-1.1725E1,2.5E-1,2.3E0));
#8147=CARTESIAN_POINT('',(-1.1725E1,8.5E-1,2.3E0));
#8148=VERTEX_POINT('',#8146);
#8149=VERTEX_POINT('',#8147);
#8150=CARTESIAN_POINT('',(-1.3975E1,1.8E0,2.375E1));
#8151=CARTESIAN_POINT('',(-1.3975E1,8.E-1,2.375E1));
#8152=VERTEX_POINT('',#8150);
#8153=VERTEX_POINT('',#8151);
#8154=CARTESIAN_POINT('',(-1.3975E1,1.8E0,4.25E0));
#8155=CARTESIAN_POINT('',(-1.3975E1,8.E-1,4.25E0));
#8156=VERTEX_POINT('',#8154);
#8157=VERTEX_POINT('',#8155);
#8158=CARTESIAN_POINT('',(-1.3975E1,8.E-1,5.75E0));
#8159=VERTEX_POINT('',#8158);
#8160=CARTESIAN_POINT('',(-1.3975E1,1.8E0,5.75E0));
#8161=VERTEX_POINT('',#8160);
#8162=CARTESIAN_POINT('',(-1.4225E1,1.4E0,4.25E0));
#8163=VERTEX_POINT('',#8162);
#8164=CARTESIAN_POINT('',(-1.4225E1,8.E-1,4.25E0));
#8165=VERTEX_POINT('',#8164);
#8166=CARTESIAN_POINT('',(-1.4225E1,1.4E0,5.75E0));
#8167=VERTEX_POINT('',#8166);
#8168=CARTESIAN_POINT('',(-1.4225E1,8.E-1,5.75E0));
#8169=VERTEX_POINT('',#8168);
#8170=CARTESIAN_POINT('',(-1.4225E1,1.4E0,2.375E1));
#8171=VERTEX_POINT('',#8170);
#8172=CARTESIAN_POINT('',(-1.4225E1,8.E-1,2.375E1));
#8173=VERTEX_POINT('',#8172);
#8174=CARTESIAN_POINT('',(-1.2475E1,8.5E-1,2.3E0));
#8175=VERTEX_POINT('',#8174);
#8176=CARTESIAN_POINT('',(-1.2475E1,1.75E0,1.373799388535E1));
#8177=CARTESIAN_POINT('',(-1.2475E1,1.75E0,1.392132603323E1));
#8178=VERTEX_POINT('',#8176);
#8179=VERTEX_POINT('',#8177);
#8180=CARTESIAN_POINT('',(-1.2475E1,1.15E0,1.392128278343E1));
#8181=VERTEX_POINT('',#8180);
#8182=CARTESIAN_POINT('',(-1.2475E1,1.15E0,1.373799388535E1));
#8183=VERTEX_POINT('',#8182);
#8184=CARTESIAN_POINT('',(-1.2475E1,1.75E0,1.195798347283E1));
#8185=CARTESIAN_POINT('',(-1.2475E1,1.75E0,1.215893414680E1));
#8186=VERTEX_POINT('',#8184);
#8187=VERTEX_POINT('',#8185);
#8188=CARTESIAN_POINT('',(-1.2475E1,1.15E0,1.215893414680E1));
#8189=VERTEX_POINT('',#8188);
#8190=CARTESIAN_POINT('',(-1.2475E1,1.15E0,1.195798347283E1));
#8191=VERTEX_POINT('',#8190);
#8192=CARTESIAN_POINT('',(8.25E-1,9.825570875359E-1,2.3E0));
#8193=CARTESIAN_POINT('',(8.25E-1,8.5E-1,2.3E0));
#8194=VERTEX_POINT('',#8192);
#8195=VERTEX_POINT('',#8193);
#8196=CARTESIAN_POINT('',(7.25E-1,8.5E-1,2.3E0));
#8197=VERTEX_POINT('',#8196);
#8198=CARTESIAN_POINT('',(7.25E-1,2.5E-1,2.3E0));
#8199=VERTEX_POINT('',#8198);
#8200=CARTESIAN_POINT('',(-2.75E-1,2.5E-1,2.3E0));
#8201=VERTEX_POINT('',#8200);
#8202=CARTESIAN_POINT('',(-2.75E-1,8.5E-1,2.3E0));
#8203=VERTEX_POINT('',#8202);
#8204=CARTESIAN_POINT('',(-1.775E0,8.5E-1,2.3E0));
#8205=VERTEX_POINT('',#8204);
#8206=CARTESIAN_POINT('',(-1.775E0,2.5E-1,2.3E0));
#8207=VERTEX_POINT('',#8206);
#8208=CARTESIAN_POINT('',(-2.775E0,2.5E-1,2.3E0));
#8209=VERTEX_POINT('',#8208);
#8210=CARTESIAN_POINT('',(-2.775E0,8.5E-1,2.3E0));
#8211=VERTEX_POINT('',#8210);
#8212=CARTESIAN_POINT('',(-4.275E0,8.5E-1,2.3E0));
#8213=VERTEX_POINT('',#8212);
#8214=CARTESIAN_POINT('',(-4.275E0,2.5E-1,2.3E0));
#8215=VERTEX_POINT('',#8214);
#8216=CARTESIAN_POINT('',(-5.275E0,2.5E-1,2.3E0));
#8217=VERTEX_POINT('',#8216);
#8218=CARTESIAN_POINT('',(-5.275E0,8.5E-1,2.3E0));
#8219=VERTEX_POINT('',#8218);
#8220=CARTESIAN_POINT('',(-6.775E0,8.5E-1,2.3E0));
#8221=VERTEX_POINT('',#8220);
#8222=CARTESIAN_POINT('',(-6.775E0,2.5E-1,2.3E0));
#8223=VERTEX_POINT('',#8222);
#8224=CARTESIAN_POINT('',(-7.805E0,2.5E-1,2.3E0));
#8225=VERTEX_POINT('',#8224);
#8226=CARTESIAN_POINT('',(-7.805E0,8.5E-1,2.3E0));
#8227=VERTEX_POINT('',#8226);
#8228=CARTESIAN_POINT('',(8.225E0,8.5E-1,2.3E0));
#8229=VERTEX_POINT('',#8228);
#8230=CARTESIAN_POINT('',(8.225E0,2.5E-1,2.3E0));
#8231=VERTEX_POINT('',#8230);
#8232=CARTESIAN_POINT('',(7.225E0,2.5E-1,2.3E0));
#8233=VERTEX_POINT('',#8232);
#8234=CARTESIAN_POINT('',(7.225E0,8.5E-1,2.3E0));
#8235=VERTEX_POINT('',#8234);
#8236=CARTESIAN_POINT('',(5.725E0,8.5E-1,2.3E0));
#8237=VERTEX_POINT('',#8236);
#8238=CARTESIAN_POINT('',(5.725E0,2.5E-1,2.3E0));
#8239=VERTEX_POINT('',#8238);
#8240=CARTESIAN_POINT('',(4.725E0,2.5E-1,2.3E0));
#8241=VERTEX_POINT('',#8240);
#8242=CARTESIAN_POINT('',(4.725E0,8.5E-1,2.3E0));
#8243=VERTEX_POINT('',#8242);
#8244=CARTESIAN_POINT('',(3.225E0,8.5E-1,2.3E0));
#8245=VERTEX_POINT('',#8244);
#8246=CARTESIAN_POINT('',(3.225E0,2.5E-1,2.3E0));
#8247=VERTEX_POINT('',#8246);
#8248=CARTESIAN_POINT('',(2.225E0,2.5E-1,2.3E0));
#8249=VERTEX_POINT('',#8248);
#8250=CARTESIAN_POINT('',(2.225E0,8.5E-1,2.3E0));
#8251=VERTEX_POINT('',#8250);
#8252=CARTESIAN_POINT('',(2.125E0,8.5E-1,2.3E0));
#8253=VERTEX_POINT('',#8252);
#8254=CARTESIAN_POINT('',(2.125E0,9.825570875359E-1,2.3E0));
#8255=VERTEX_POINT('',#8254);
#8256=CARTESIAN_POINT('',(8.25E-1,8.499999999999E-1,3.126878357304E0));
#8257=VERTEX_POINT('',#8256);
#8258=CARTESIAN_POINT('',(8.25E-1,9.231353957010E-1,2.546434600775E0));
#8259=VERTEX_POINT('',#8258);
#8260=CARTESIAN_POINT('',(8.25E-1,1.444177122270E0,6.412882003646E0));
#8261=VERTEX_POINT('',#8260);
#8262=CARTESIAN_POINT('',(8.25E-1,1.234057835692E0,6.983523595896E0));
#8263=VERTEX_POINT('',#8262);
#8264=CARTESIAN_POINT('',(8.25E-1,8.5E-1,7.328071235792E0));
#8265=VERTEX_POINT('',#8264);
#8266=CARTESIAN_POINT('',(8.25E-1,8.500000000001E-1,7.126555175332E0));
#8267=VERTEX_POINT('',#8266);
#8268=CARTESIAN_POINT('',(8.25E-1,1.133890642843E0,6.871869964175E0));
#8269=VERTEX_POINT('',#8268);
#8270=CARTESIAN_POINT('',(8.25E-1,1.295520863285E0,6.432914893218E0));
#8271=VERTEX_POINT('',#8270);
#8272=CARTESIAN_POINT('',(2.125E0,8.499999999999E-1,3.126878357303E0));
#8273=VERTEX_POINT('',#8272);
#8274=CARTESIAN_POINT('',(2.225E0,8.5E-1,8.E0));
#8275=VERTEX_POINT('',#8274);
#8276=CARTESIAN_POINT('',(7.25E-1,8.5E-1,8.E0));
#8277=VERTEX_POINT('',#8276);
#8278=CARTESIAN_POINT('',(1.025E0,8.500000000001E-1,7.328071235792E0));
#8279=VERTEX_POINT('',#8278);
#8280=CARTESIAN_POINT('',(1.025E0,8.5E-1,7.7E0));
#8281=VERTEX_POINT('',#8280);
#8282=CARTESIAN_POINT('',(1.925E0,8.5E-1,7.7E0));
#8283=VERTEX_POINT('',#8282);
#8284=CARTESIAN_POINT('',(1.925E0,8.5E-1,7.328071235792E0));
#8285=VERTEX_POINT('',#8284);
#8286=CARTESIAN_POINT('',(2.125E0,8.500000000001E-1,7.328071235792E0));
#8287=VERTEX_POINT('',#8286);
#8288=CARTESIAN_POINT('',(2.125E0,8.500000000001E-1,7.126555175332E0));
#8289=VERTEX_POINT('',#8288);
#8290=CARTESIAN_POINT('',(1.925E0,8.500000000001E-1,7.126555175332E0));
#8291=VERTEX_POINT('',#8290);
#8292=CARTESIAN_POINT('',(1.925E0,8.5E-1,3.5E0));
#8293=VERTEX_POINT('',#8292);
#8294=CARTESIAN_POINT('',(1.025E0,8.5E-1,3.5E0));
#8295=VERTEX_POINT('',#8294);
#8296=CARTESIAN_POINT('',(1.025E0,8.500000000001E-1,7.126555175332E0));
#8297=VERTEX_POINT('',#8296);
#8298=CARTESIAN_POINT('',(2.125E0,1.295520863284E0,6.432914893216E0));
#8299=VERTEX_POINT('',#8298);
#8300=CARTESIAN_POINT('',(1.125E0,1.215397310771E0,5.838349264924E0));
#8301=CARTESIAN_POINT('',(1.125E0,1.273452695311E0,6.269155627122E0));
#8302=VERTEX_POINT('',#8300);
#8303=VERTEX_POINT('',#8301);
#8304=CARTESIAN_POINT('',(1.825E0,1.215397310771E0,5.838349264924E0));
#8305=VERTEX_POINT('',#8304);
#8306=CARTESIAN_POINT('',(1.825E0,1.273452695311E0,6.269155627122E0));
#8307=VERTEX_POINT('',#8306);
#8308=CARTESIAN_POINT('',(2.125E0,1.133890642841E0,6.871869964176E0));
#8309=VERTEX_POINT('',#8308);
#8310=CARTESIAN_POINT('',(2.125E0,1.234057835695E0,6.983523595894E0));
#8311=VERTEX_POINT('',#8310);
#8312=CARTESIAN_POINT('',(2.125E0,1.444177122269E0,6.412882003644E0));
#8313=VERTEX_POINT('',#8312);
#8314=CARTESIAN_POINT('',(2.125E0,9.231353957009E-1,2.546434600774E0));
#8315=VERTEX_POINT('',#8314);
#8316=CARTESIAN_POINT('',(1.125E0,1.299334601544E0,6.473904456797E0));
#8317=CARTESIAN_POINT('',(1.125E0,1.133890642841E0,6.871869964176E0));
#8318=VERTEX_POINT('',#8316);
#8319=VERTEX_POINT('',#8317);
#8320=CARTESIAN_POINT('',(1.825E0,1.299334601544E0,6.473904456797E0));
#8321=VERTEX_POINT('',#8320);
#8322=CARTESIAN_POINT('',(1.825E0,1.133890642842E0,6.871869964176E0));
#8323=VERTEX_POINT('',#8322);
#8324=CARTESIAN_POINT('',(1.125E0,1.021351532854E0,6.972831541154E0));
#8325=VERTEX_POINT('',#8324);
#8326=CARTESIAN_POINT('',(1.125E0,1.124264068712E0,6.869919005296E0));
#8327=VERTEX_POINT('',#8326);
#8328=CARTESIAN_POINT('',(1.925E0,6.7E-1,7.288037560061E0));
#8329=VERTEX_POINT('',#8328);
#8330=CARTESIAN_POINT('',(1.825E0,1.021351532854E0,6.972831541154E0));
#8331=VERTEX_POINT('',#8330);
#8332=CARTESIAN_POINT('',(1.025E0,6.700000000001E-1,7.288037560061E0));
#8333=VERTEX_POINT('',#8332);
#8334=CARTESIAN_POINT('',(1.925E0,7.701671928527E-1,7.399691191779E0));
#8335=VERTEX_POINT('',#8334);
#8336=CARTESIAN_POINT('',(1.825E0,7.701671928527E-1,7.399691191779E0));
#8337=VERTEX_POINT('',#8336);
#8338=CARTESIAN_POINT('',(1.825E0,1.124543832364E0,7.081771276E0));
#8339=VERTEX_POINT('',#8338);
#8340=CARTESIAN_POINT('',(1.125E0,1.124543832359E0,7.081771276004E0));
#8341=VERTEX_POINT('',#8340);
#8342=CARTESIAN_POINT('',(1.125E0,7.701671928527E-1,7.399691191779E0));
#8343=VERTEX_POINT('',#8342);
#8344=CARTESIAN_POINT('',(1.025E0,7.701671928528E-1,7.399691191779E0));
#8345=VERTEX_POINT('',#8344);
#8346=CARTESIAN_POINT('',(1.125E0,6.870927229352E-1,7.307090351073E0));
#8347=VERTEX_POINT('',#8346);
#8348=CARTESIAN_POINT('',(1.825E0,6.870927229353E-1,7.307090351073E0));
#8349=VERTEX_POINT('',#8348);
#8350=CARTESIAN_POINT('',(1.125E0,3.540139730630E-1,3.5E0));
#8351=CARTESIAN_POINT('',(1.125E0,5.041382209818E-1,3.5E0));
#8352=VERTEX_POINT('',#8350);
#8353=VERTEX_POINT('',#8351);
#8354=CARTESIAN_POINT('',(1.825E0,3.540139730630E-1,3.5E0));
#8355=VERTEX_POINT('',#8354);
#8356=CARTESIAN_POINT('',(1.825E0,5.041382209818E-1,3.5E0));
#8357=VERTEX_POINT('',#8356);
#8358=CARTESIAN_POINT('',(1.125E0,1.219615242267E0,6.145654936577E0));
#8359=VERTEX_POINT('',#8358);
#8360=CARTESIAN_POINT('',(1.125E0,1.019872981077E0,5.799691191778E0));
#8361=VERTEX_POINT('',#8360);
#8362=CARTESIAN_POINT('',(1.125E0,1.149776791643E0,5.724691191774E0));
#8363=VERTEX_POINT('',#8362);
#8364=CARTESIAN_POINT('',(1.825E0,1.219615242267E0,6.145654936577E0));
#8365=VERTEX_POINT('',#8364);
#8366=CARTESIAN_POINT('',(1.825E0,1.149776791645E0,5.724691191779E0));
#8367=VERTEX_POINT('',#8366);
#8368=CARTESIAN_POINT('',(1.825E0,1.019872981077E0,5.799691191777E0));
#8369=VERTEX_POINT('',#8368);
#8370=CARTESIAN_POINT('',(1.125E0,7.560660171778E-1,7.450249091186E0));
#8371=VERTEX_POINT('',#8370);
#8372=CARTESIAN_POINT('',(1.125E0,6.499999999999E-1,7.344183074008E0));
#8373=VERTEX_POINT('',#8372);
#8374=CARTESIAN_POINT('',(1.825E0,7.560660171780E-1,7.450249091186E0));
#8375=VERTEX_POINT('',#8374);
#8376=CARTESIAN_POINT('',(1.825E0,6.499999999999E-1,7.344183074008E0));
#8377=VERTEX_POINT('',#8376);
#8378=CARTESIAN_POINT('',(1.125E0,1.449477724165E0,6.473639592733E0));
#8379=CARTESIAN_POINT('',(1.125E0,1.444177122267E0,6.412882003628E0));
#8380=VERTEX_POINT('',#8378);
#8381=VERTEX_POINT('',#8379);
#8382=CARTESIAN_POINT('',(1.825E0,1.449477724165E0,6.473639592733E0));
#8383=VERTEX_POINT('',#8382);
#8384=CARTESIAN_POINT('',(1.825E0,1.444177122269E0,6.412882003639E0));
#8385=VERTEX_POINT('',#8384);
#8386=CARTESIAN_POINT('',(1.125E0,1.420548882117E0,6.237546050470E0));
#8387=VERTEX_POINT('',#8386);
#8388=CARTESIAN_POINT('',(1.825E0,1.420548882117E0,6.237546050469E0));
#8389=VERTEX_POINT('',#8388);
#8390=CARTESIAN_POINT('',(1.825E0,1.124264068711E0,6.869919005297E0));
#8391=VERTEX_POINT('',#8390);
#8392=CARTESIAN_POINT('',(2.225E0,2.5E-1,8.E0));
#8393=VERTEX_POINT('',#8392);
#8394=CARTESIAN_POINT('',(-7.805E0,2.5E-1,8.E0));
#8395=VERTEX_POINT('',#8394);
#8396=CARTESIAN_POINT('',(-6.775E0,2.5E-1,8.E0));
#8397=VERTEX_POINT('',#8396);
#8398=CARTESIAN_POINT('',(-5.275E0,2.5E-1,8.E0));
#8399=VERTEX_POINT('',#8398);
#8400=CARTESIAN_POINT('',(-4.275E0,2.5E-1,8.E0));
#8401=VERTEX_POINT('',#8400);
#8402=CARTESIAN_POINT('',(-2.775E0,2.5E-1,8.E0));
#8403=VERTEX_POINT('',#8402);
#8404=CARTESIAN_POINT('',(-1.775E0,2.5E-1,8.E0));
#8405=VERTEX_POINT('',#8404);
#8406=CARTESIAN_POINT('',(-2.75E-1,2.5E-1,8.E0));
#8407=VERTEX_POINT('',#8406);
#8408=CARTESIAN_POINT('',(7.25E-1,2.5E-1,8.E0));
#8409=VERTEX_POINT('',#8408);
#8410=CARTESIAN_POINT('',(3.225E0,2.5E-1,8.E0));
#8411=VERTEX_POINT('',#8410);
#8412=CARTESIAN_POINT('',(4.725E0,2.5E-1,8.E0));
#8413=VERTEX_POINT('',#8412);
#8414=CARTESIAN_POINT('',(5.725E0,2.5E-1,8.E0));
#8415=VERTEX_POINT('',#8414);
#8416=CARTESIAN_POINT('',(7.225E0,2.5E-1,8.E0));
#8417=VERTEX_POINT('',#8416);
#8418=CARTESIAN_POINT('',(8.225E0,2.5E-1,1.04E1));
#8419=VERTEX_POINT('',#8418);
#8420=CARTESIAN_POINT('',(-7.805E0,8.5E-1,8.E0));
#8421=VERTEX_POINT('',#8420);
#8422=CARTESIAN_POINT('',(-9.705E0,8.5E-1,7.7E0));
#8423=CARTESIAN_POINT('',(-9.705E0,8.5E-1,3.5E0));
#8424=VERTEX_POINT('',#8422);
#8425=VERTEX_POINT('',#8423);
#8426=CARTESIAN_POINT('',(-8.905E0,8.5E-1,3.5E0));
#8427=CARTESIAN_POINT('',(-8.905E0,8.5E-1,7.7E0));
#8428=VERTEX_POINT('',#8426);
#8429=VERTEX_POINT('',#8427);
#8430=CARTESIAN_POINT('',(-8.005E0,8.5E-1,7.7E0));
#8431=VERTEX_POINT('',#8430);
#8432=CARTESIAN_POINT('',(-8.005E0,8.5E-1,3.5E0));
#8433=VERTEX_POINT('',#8432);
#8434=CARTESIAN_POINT('',(-1.0505E1,5.041382209818E-1,3.5E0));
#8435=CARTESIAN_POINT('',(-1.0505E1,3.540139730630E-1,3.5E0));
#8436=VERTEX_POINT('',#8434);
#8437=VERTEX_POINT('',#8435);
#8438=CARTESIAN_POINT('',(-9.805E0,3.540139730630E-1,3.5E0));
#8439=VERTEX_POINT('',#8438);
#8440=CARTESIAN_POINT('',(-9.805E0,5.041382209818E-1,3.5E0));
#8441=VERTEX_POINT('',#8440);
#8442=CARTESIAN_POINT('',(-1.0505E1,1.149776791643E0,5.724691191774E0));
#8443=VERTEX_POINT('',#8442);
#8444=CARTESIAN_POINT('',(-1.0505E1,1.349519052838E0,6.070654936583E0));
#8445=VERTEX_POINT('',#8444);
#8446=CARTESIAN_POINT('',(-1.0505E1,1.230330085889E0,6.975985022475E0));
#8447=VERTEX_POINT('',#8446);
#8448=CARTESIAN_POINT('',(-1.0505E1,7.560660171780E-1,7.450249091186E0));
#8449=VERTEX_POINT('',#8448);
#8450=CARTESIAN_POINT('',(-1.0505E1,6.5E-1,7.344183074008E0));
#8451=VERTEX_POINT('',#8450);
#8452=CARTESIAN_POINT('',(-1.0505E1,1.124264068712E0,6.869919005296E0));
#8453=VERTEX_POINT('',#8452);
#8454=CARTESIAN_POINT('',(-1.0505E1,1.219615242270E0,6.145654936582E0));
#8455=VERTEX_POINT('',#8454);
#8456=CARTESIAN_POINT('',(-1.0505E1,1.019872981077E0,5.799691191778E0));
#8457=VERTEX_POINT('',#8456);
#8458=CARTESIAN_POINT('',(-9.805E0,1.149776791647E0,5.724691191781E0));
#8459=VERTEX_POINT('',#8458);
#8460=CARTESIAN_POINT('',(-9.805E0,1.019872981077E0,5.799691191777E0));
#8461=VERTEX_POINT('',#8460);
#8462=CARTESIAN_POINT('',(-9.805E0,1.219615242270E0,6.145654936583E0));
#8463=VERTEX_POINT('',#8462);
#8464=CARTESIAN_POINT('',(-9.805E0,1.124264068711E0,6.869919005296E0));
#8465=VERTEX_POINT('',#8464);
#8466=CARTESIAN_POINT('',(-9.805E0,6.5E-1,7.344183074008E0));
#8467=VERTEX_POINT('',#8466);
#8468=CARTESIAN_POINT('',(-9.805E0,7.560660171780E-1,7.450249091186E0));
#8469=VERTEX_POINT('',#8468);
#8470=CARTESIAN_POINT('',(-9.805E0,1.230330085890E0,6.975985022474E0));
#8471=VERTEX_POINT('',#8470);
#8472=CARTESIAN_POINT('',(-9.805E0,1.349519052839E0,6.070654936586E0));
#8473=VERTEX_POINT('',#8472);
#8474=CARTESIAN_POINT('',(-8.805E0,5.041382209818E-1,3.5E0));
#8475=CARTESIAN_POINT('',(-8.805E0,3.540139730630E-1,3.5E0));
#8476=VERTEX_POINT('',#8474);
#8477=VERTEX_POINT('',#8475);
#8478=CARTESIAN_POINT('',(-8.105E0,3.540139730630E-1,3.5E0));
#8479=VERTEX_POINT('',#8478);
#8480=CARTESIAN_POINT('',(-8.105E0,5.041382209818E-1,3.5E0));
#8481=VERTEX_POINT('',#8480);
#8482=CARTESIAN_POINT('',(-8.805E0,1.149776791643E0,5.724691191774E0));
#8483=VERTEX_POINT('',#8482);
#8484=CARTESIAN_POINT('',(-8.805E0,1.349519052838E0,6.070654936583E0));
#8485=VERTEX_POINT('',#8484);
#8486=CARTESIAN_POINT('',(-8.805E0,1.230330085889E0,6.975985022475E0));
#8487=VERTEX_POINT('',#8486);
#8488=CARTESIAN_POINT('',(-8.805E0,7.560660171780E-1,7.450249091186E0));
#8489=VERTEX_POINT('',#8488);
#8490=CARTESIAN_POINT('',(-8.805E0,6.5E-1,7.344183074008E0));
#8491=VERTEX_POINT('',#8490);
#8492=CARTESIAN_POINT('',(-8.805E0,1.124264068712E0,6.869919005296E0));
#8493=VERTEX_POINT('',#8492);
#8494=CARTESIAN_POINT('',(-8.805E0,1.219615242270E0,6.145654936582E0));
#8495=VERTEX_POINT('',#8494);
#8496=CARTESIAN_POINT('',(-8.805E0,1.019872981077E0,5.799691191778E0));
#8497=VERTEX_POINT('',#8496);
#8498=CARTESIAN_POINT('',(-8.105E0,1.149776791647E0,5.724691191781E0));
#8499=VERTEX_POINT('',#8498);
#8500=CARTESIAN_POINT('',(-8.105E0,1.019872981077E0,5.799691191777E0));
#8501=VERTEX_POINT('',#8500);
#8502=CARTESIAN_POINT('',(-8.105E0,1.219615242270E0,6.145654936583E0));
#8503=VERTEX_POINT('',#8502);
#8504=CARTESIAN_POINT('',(-8.105E0,1.124264068711E0,6.869919005296E0));
#8505=VERTEX_POINT('',#8504);
#8506=CARTESIAN_POINT('',(-8.105E0,6.5E-1,7.344183074008E0));
#8507=VERTEX_POINT('',#8506);
#8508=CARTESIAN_POINT('',(-8.105E0,7.560660171780E-1,7.450249091186E0));
#8509=VERTEX_POINT('',#8508);
#8510=CARTESIAN_POINT('',(-8.105E0,1.230330085890E0,6.975985022474E0));
#8511=VERTEX_POINT('',#8510);
#8512=CARTESIAN_POINT('',(-8.105E0,1.349519052839E0,6.070654936586E0));
#8513=VERTEX_POINT('',#8512);
#8514=CARTESIAN_POINT('',(-6.775E0,8.5E-1,8.E0));
#8515=VERTEX_POINT('',#8514);
#8516=CARTESIAN_POINT('',(-5.275E0,8.5E-1,8.E0));
#8517=VERTEX_POINT('',#8516);
#8518=CARTESIAN_POINT('',(-6.475E0,8.5E-1,3.5E0));
#8519=CARTESIAN_POINT('',(-6.475E0,8.5E-1,7.7E0));
#8520=VERTEX_POINT('',#8518);
#8521=VERTEX_POINT('',#8519);
#8522=CARTESIAN_POINT('',(-5.575E0,8.5E-1,7.7E0));
#8523=VERTEX_POINT('',#8522);
#8524=CARTESIAN_POINT('',(-5.575E0,8.5E-1,3.5E0));
#8525=VERTEX_POINT('',#8524);
#8526=CARTESIAN_POINT('',(-6.375E0,5.041382209818E-1,3.5E0));
#8527=CARTESIAN_POINT('',(-6.375E0,3.540139730630E-1,3.5E0));
#8528=VERTEX_POINT('',#8526);
#8529=VERTEX_POINT('',#8527);
#8530=CARTESIAN_POINT('',(-5.675E0,3.540139730630E-1,3.5E0));
#8531=VERTEX_POINT('',#8530);
#8532=CARTESIAN_POINT('',(-5.675E0,5.041382209818E-1,3.5E0));
#8533=VERTEX_POINT('',#8532);
#8534=CARTESIAN_POINT('',(-6.375E0,1.149776791643E0,5.724691191774E0));
#8535=VERTEX_POINT('',#8534);
#8536=CARTESIAN_POINT('',(-6.375E0,1.349519052838E0,6.070654936583E0));
#8537=VERTEX_POINT('',#8536);
#8538=CARTESIAN_POINT('',(-6.375E0,1.230330085889E0,6.975985022475E0));
#8539=VERTEX_POINT('',#8538);
#8540=CARTESIAN_POINT('',(-6.375E0,7.560660171780E-1,7.450249091186E0));
#8541=VERTEX_POINT('',#8540);
#8542=CARTESIAN_POINT('',(-6.375E0,6.5E-1,7.344183074008E0));
#8543=VERTEX_POINT('',#8542);
#8544=CARTESIAN_POINT('',(-6.375E0,1.124264068712E0,6.869919005296E0));
#8545=VERTEX_POINT('',#8544);
#8546=CARTESIAN_POINT('',(-6.375E0,1.219615242270E0,6.145654936582E0));
#8547=VERTEX_POINT('',#8546);
#8548=CARTESIAN_POINT('',(-6.375E0,1.019872981077E0,5.799691191778E0));
#8549=VERTEX_POINT('',#8548);
#8550=CARTESIAN_POINT('',(-5.675E0,1.149776791647E0,5.724691191781E0));
#8551=VERTEX_POINT('',#8550);
#8552=CARTESIAN_POINT('',(-5.675E0,1.019872981077E0,5.799691191777E0));
#8553=VERTEX_POINT('',#8552);
#8554=CARTESIAN_POINT('',(-5.675E0,1.219615242270E0,6.145654936583E0));
#8555=VERTEX_POINT('',#8554);
#8556=CARTESIAN_POINT('',(-5.675E0,1.124264068711E0,6.869919005296E0));
#8557=VERTEX_POINT('',#8556);
#8558=CARTESIAN_POINT('',(-5.675E0,6.5E-1,7.344183074008E0));
#8559=VERTEX_POINT('',#8558);
#8560=CARTESIAN_POINT('',(-5.675E0,7.560660171780E-1,7.450249091186E0));
#8561=VERTEX_POINT('',#8560);
#8562=CARTESIAN_POINT('',(-5.675E0,1.230330085890E0,6.975985022474E0));
#8563=VERTEX_POINT('',#8562);
#8564=CARTESIAN_POINT('',(-5.675E0,1.349519052839E0,6.070654936586E0));
#8565=VERTEX_POINT('',#8564);
#8566=CARTESIAN_POINT('',(-4.275E0,8.5E-1,8.E0));
#8567=VERTEX_POINT('',#8566);
#8568=CARTESIAN_POINT('',(-2.775E0,8.5E-1,8.E0));
#8569=VERTEX_POINT('',#8568);
#8570=CARTESIAN_POINT('',(-3.975E0,8.5E-1,3.5E0));
#8571=CARTESIAN_POINT('',(-3.975E0,8.5E-1,7.7E0));
#8572=VERTEX_POINT('',#8570);
#8573=VERTEX_POINT('',#8571);
#8574=CARTESIAN_POINT('',(-3.075E0,8.5E-1,7.7E0));
#8575=VERTEX_POINT('',#8574);
#8576=CARTESIAN_POINT('',(-3.075E0,8.5E-1,3.5E0));
#8577=VERTEX_POINT('',#8576);
#8578=CARTESIAN_POINT('',(-3.875E0,5.041382209818E-1,3.5E0));
#8579=CARTESIAN_POINT('',(-3.875E0,3.540139730630E-1,3.5E0));
#8580=VERTEX_POINT('',#8578);
#8581=VERTEX_POINT('',#8579);
#8582=CARTESIAN_POINT('',(-3.175E0,3.540139730630E-1,3.5E0));
#8583=VERTEX_POINT('',#8582);
#8584=CARTESIAN_POINT('',(-3.175E0,5.041382209818E-1,3.5E0));
#8585=VERTEX_POINT('',#8584);
#8586=CARTESIAN_POINT('',(-3.875E0,1.149776791643E0,5.724691191774E0));
#8587=VERTEX_POINT('',#8586);
#8588=CARTESIAN_POINT('',(-3.875E0,1.349519052838E0,6.070654936583E0));
#8589=VERTEX_POINT('',#8588);
#8590=CARTESIAN_POINT('',(-3.875E0,1.230330085889E0,6.975985022475E0));
#8591=VERTEX_POINT('',#8590);
#8592=CARTESIAN_POINT('',(-3.875E0,7.560660171780E-1,7.450249091186E0));
#8593=VERTEX_POINT('',#8592);
#8594=CARTESIAN_POINT('',(-3.875E0,6.499999999999E-1,7.344183074008E0));
#8595=VERTEX_POINT('',#8594);
#8596=CARTESIAN_POINT('',(-3.875E0,1.124264068712E0,6.869919005296E0));
#8597=VERTEX_POINT('',#8596);
#8598=CARTESIAN_POINT('',(-3.875E0,1.219615242270E0,6.145654936582E0));
#8599=VERTEX_POINT('',#8598);
#8600=CARTESIAN_POINT('',(-3.875E0,1.019872981077E0,5.799691191778E0));
#8601=VERTEX_POINT('',#8600);
#8602=CARTESIAN_POINT('',(-3.175E0,1.149776791647E0,5.724691191781E0));
#8603=VERTEX_POINT('',#8602);
#8604=CARTESIAN_POINT('',(-3.175E0,1.019872981077E0,5.799691191777E0));
#8605=VERTEX_POINT('',#8604);
#8606=CARTESIAN_POINT('',(-3.175E0,1.219615242270E0,6.145654936583E0));
#8607=VERTEX_POINT('',#8606);
#8608=CARTESIAN_POINT('',(-3.175E0,1.124264068711E0,6.869919005296E0));
#8609=VERTEX_POINT('',#8608);
#8610=CARTESIAN_POINT('',(-3.175E0,6.5E-1,7.344183074008E0));
#8611=VERTEX_POINT('',#8610);
#8612=CARTESIAN_POINT('',(-3.175E0,7.560660171780E-1,7.450249091186E0));
#8613=VERTEX_POINT('',#8612);
#8614=CARTESIAN_POINT('',(-3.175E0,1.230330085890E0,6.975985022474E0));
#8615=VERTEX_POINT('',#8614);
#8616=CARTESIAN_POINT('',(-3.175E0,1.349519052839E0,6.070654936586E0));
#8617=VERTEX_POINT('',#8616);
#8618=CARTESIAN_POINT('',(-1.775E0,8.5E-1,8.E0));
#8619=VERTEX_POINT('',#8618);
#8620=CARTESIAN_POINT('',(-2.75E-1,8.5E-1,8.E0));
#8621=VERTEX_POINT('',#8620);
#8622=CARTESIAN_POINT('',(-1.475E0,8.5E-1,7.7E0));
#8623=CARTESIAN_POINT('',(-1.475E0,8.5E-1,3.5E0));
#8624=VERTEX_POINT('',#8622);
#8625=VERTEX_POINT('',#8623);
#8626=CARTESIAN_POINT('',(-5.75E-1,8.5E-1,7.7E0));
#8627=VERTEX_POINT('',#8626);
#8628=CARTESIAN_POINT('',(-5.75E-1,8.5E-1,3.5E0));
#8629=VERTEX_POINT('',#8628);
#8630=CARTESIAN_POINT('',(-1.375E0,5.041382209818E-1,3.5E0));
#8631=CARTESIAN_POINT('',(-1.375E0,3.540139730630E-1,3.5E0));
#8632=VERTEX_POINT('',#8630);
#8633=VERTEX_POINT('',#8631);
#8634=CARTESIAN_POINT('',(-6.75E-1,3.540139730630E-1,3.5E0));
#8635=VERTEX_POINT('',#8634);
#8636=CARTESIAN_POINT('',(-6.75E-1,5.041382209818E-1,3.5E0));
#8637=VERTEX_POINT('',#8636);
#8638=CARTESIAN_POINT('',(-1.375E0,1.149776791643E0,5.724691191774E0));
#8639=VERTEX_POINT('',#8638);
#8640=CARTESIAN_POINT('',(-1.375E0,1.349519052838E0,6.070654936583E0));
#8641=VERTEX_POINT('',#8640);
#8642=CARTESIAN_POINT('',(-1.375E0,1.230330085889E0,6.975985022475E0));
#8643=VERTEX_POINT('',#8642);
#8644=CARTESIAN_POINT('',(-1.375E0,7.560660171780E-1,7.450249091186E0));
#8645=VERTEX_POINT('',#8644);
#8646=CARTESIAN_POINT('',(-1.375E0,6.5E-1,7.344183074008E0));
#8647=VERTEX_POINT('',#8646);
#8648=CARTESIAN_POINT('',(-1.375E0,1.124264068712E0,6.869919005296E0));
#8649=VERTEX_POINT('',#8648);
#8650=CARTESIAN_POINT('',(-1.375E0,1.219615242270E0,6.145654936582E0));
#8651=VERTEX_POINT('',#8650);
#8652=CARTESIAN_POINT('',(-1.375E0,1.019872981077E0,5.799691191778E0));
#8653=VERTEX_POINT('',#8652);
#8654=CARTESIAN_POINT('',(-6.75E-1,1.149776791647E0,5.724691191781E0));
#8655=VERTEX_POINT('',#8654);
#8656=CARTESIAN_POINT('',(-6.75E-1,1.019872981077E0,5.799691191777E0));
#8657=VERTEX_POINT('',#8656);
#8658=CARTESIAN_POINT('',(-6.75E-1,1.219615242270E0,6.145654936583E0));
#8659=VERTEX_POINT('',#8658);
#8660=CARTESIAN_POINT('',(-6.75E-1,1.124264068711E0,6.869919005296E0));
#8661=VERTEX_POINT('',#8660);
#8662=CARTESIAN_POINT('',(-6.75E-1,6.5E-1,7.344183074008E0));
#8663=VERTEX_POINT('',#8662);
#8664=CARTESIAN_POINT('',(-6.75E-1,7.560660171780E-1,7.450249091186E0));
#8665=VERTEX_POINT('',#8664);
#8666=CARTESIAN_POINT('',(-6.75E-1,1.230330085890E0,6.975985022474E0));
#8667=VERTEX_POINT('',#8666);
#8668=CARTESIAN_POINT('',(-6.75E-1,1.349519052839E0,6.070654936586E0));
#8669=VERTEX_POINT('',#8668);
#8670=CARTESIAN_POINT('',(3.225E0,8.5E-1,8.E0));
#8671=VERTEX_POINT('',#8670);
#8672=CARTESIAN_POINT('',(4.725E0,8.5E-1,8.E0));
#8673=VERTEX_POINT('',#8672);
#8674=CARTESIAN_POINT('',(3.525E0,8.5E-1,3.5E0));
#8675=CARTESIAN_POINT('',(3.525E0,8.5E-1,7.7E0));
#8676=VERTEX_POINT('',#8674);
#8677=VERTEX_POINT('',#8675);
#8678=CARTESIAN_POINT('',(4.425E0,8.5E-1,7.7E0));
#8679=VERTEX_POINT('',#8678);
#8680=CARTESIAN_POINT('',(4.425E0,8.5E-1,3.5E0));
#8681=VERTEX_POINT('',#8680);
#8682=CARTESIAN_POINT('',(3.625E0,5.041382209818E-1,3.5E0));
#8683=CARTESIAN_POINT('',(3.625E0,3.540139730630E-1,3.5E0));
#8684=VERTEX_POINT('',#8682);
#8685=VERTEX_POINT('',#8683);
#8686=CARTESIAN_POINT('',(4.325E0,3.540139730630E-1,3.5E0));
#8687=VERTEX_POINT('',#8686);
#8688=CARTESIAN_POINT('',(4.325E0,5.041382209818E-1,3.5E0));
#8689=VERTEX_POINT('',#8688);
#8690=CARTESIAN_POINT('',(3.625E0,1.149776791643E0,5.724691191774E0));
#8691=VERTEX_POINT('',#8690);
#8692=CARTESIAN_POINT('',(3.625E0,1.349519052838E0,6.070654936583E0));
#8693=VERTEX_POINT('',#8692);
#8694=CARTESIAN_POINT('',(3.625E0,1.230330085889E0,6.975985022475E0));
#8695=VERTEX_POINT('',#8694);
#8696=CARTESIAN_POINT('',(3.625E0,7.560660171780E-1,7.450249091186E0));
#8697=VERTEX_POINT('',#8696);
#8698=CARTESIAN_POINT('',(3.625E0,6.5E-1,7.344183074008E0));
#8699=VERTEX_POINT('',#8698);
#8700=CARTESIAN_POINT('',(3.625E0,1.124264068712E0,6.869919005296E0));
#8701=VERTEX_POINT('',#8700);
#8702=CARTESIAN_POINT('',(3.625E0,1.219615242270E0,6.145654936582E0));
#8703=VERTEX_POINT('',#8702);
#8704=CARTESIAN_POINT('',(3.625E0,1.019872981077E0,5.799691191778E0));
#8705=VERTEX_POINT('',#8704);
#8706=CARTESIAN_POINT('',(4.325E0,1.149776791647E0,5.724691191781E0));
#8707=VERTEX_POINT('',#8706);
#8708=CARTESIAN_POINT('',(4.325E0,1.019872981077E0,5.799691191777E0));
#8709=VERTEX_POINT('',#8708);
#8710=CARTESIAN_POINT('',(4.325E0,1.219615242270E0,6.145654936583E0));
#8711=VERTEX_POINT('',#8710);
#8712=CARTESIAN_POINT('',(4.325E0,1.124264068711E0,6.869919005296E0));
#8713=VERTEX_POINT('',#8712);
#8714=CARTESIAN_POINT('',(4.325E0,6.5E-1,7.344183074008E0));
#8715=VERTEX_POINT('',#8714);
#8716=CARTESIAN_POINT('',(4.325E0,7.560660171780E-1,7.450249091186E0));
#8717=VERTEX_POINT('',#8716);
#8718=CARTESIAN_POINT('',(4.325E0,1.230330085890E0,6.975985022474E0));
#8719=VERTEX_POINT('',#8718);
#8720=CARTESIAN_POINT('',(4.325E0,1.349519052839E0,6.070654936586E0));
#8721=VERTEX_POINT('',#8720);
#8722=CARTESIAN_POINT('',(5.725E0,8.5E-1,8.E0));
#8723=VERTEX_POINT('',#8722);
#8724=CARTESIAN_POINT('',(7.225E0,8.5E-1,8.E0));
#8725=VERTEX_POINT('',#8724);
#8726=CARTESIAN_POINT('',(6.025E0,8.5E-1,3.5E0));
#8727=CARTESIAN_POINT('',(6.025E0,8.5E-1,7.7E0));
#8728=VERTEX_POINT('',#8726);
#8729=VERTEX_POINT('',#8727);
#8730=CARTESIAN_POINT('',(6.925E0,8.5E-1,7.7E0));
#8731=VERTEX_POINT('',#8730);
#8732=CARTESIAN_POINT('',(6.925E0,8.5E-1,3.5E0));
#8733=VERTEX_POINT('',#8732);
#8734=CARTESIAN_POINT('',(6.125E0,5.508263655991E-1,3.5E0));
#8735=CARTESIAN_POINT('',(6.125E0,3.992861551966E-1,3.5E0));
#8736=VERTEX_POINT('',#8734);
#8737=VERTEX_POINT('',#8735);
#8738=CARTESIAN_POINT('',(6.825E0,3.992861551966E-1,3.5E0));
#8739=VERTEX_POINT('',#8738);
#8740=CARTESIAN_POINT('',(6.825E0,5.508263655991E-1,3.5E0));
#8741=VERTEX_POINT('',#8740);
#8742=CARTESIAN_POINT('',(6.125E0,1.149776791646E0,5.224691191781E0));
#8743=VERTEX_POINT('',#8742);
#8744=CARTESIAN_POINT('',(6.125E0,1.349519052838E0,5.570654936584E0));
#8745=VERTEX_POINT('',#8744);
#8746=CARTESIAN_POINT('',(6.125E0,1.230330085889E0,6.475985022475E0));
#8747=VERTEX_POINT('',#8746);
#8748=CARTESIAN_POINT('',(6.125E0,7.560660171780E-1,6.950249091186E0));
#8749=VERTEX_POINT('',#8748);
#8750=CARTESIAN_POINT('',(6.125E0,6.5E-1,6.844183074008E0));
#8751=VERTEX_POINT('',#8750);
#8752=CARTESIAN_POINT('',(6.125E0,1.124264068712E0,6.369919005296E0));
#8753=VERTEX_POINT('',#8752);
#8754=CARTESIAN_POINT('',(6.125E0,1.219615242270E0,5.645654936582E0));
#8755=VERTEX_POINT('',#8754);
#8756=CARTESIAN_POINT('',(6.125E0,1.019872981077E0,5.299691191778E0));
#8757=VERTEX_POINT('',#8756);
#8758=CARTESIAN_POINT('',(6.825E0,1.149776791649E0,5.224691191785E0));
#8759=VERTEX_POINT('',#8758);
#8760=CARTESIAN_POINT('',(6.825E0,1.019872981077E0,5.299691191777E0));
#8761=VERTEX_POINT('',#8760);
#8762=CARTESIAN_POINT('',(6.825E0,1.219615242270E0,5.645654936583E0));
#8763=VERTEX_POINT('',#8762);
#8764=CARTESIAN_POINT('',(6.825E0,1.124264068711E0,6.369919005296E0));
#8765=VERTEX_POINT('',#8764);
#8766=CARTESIAN_POINT('',(6.825E0,6.5E-1,6.844183074008E0));
#8767=VERTEX_POINT('',#8766);
#8768=CARTESIAN_POINT('',(6.825E0,7.560660171780E-1,6.950249091186E0));
#8769=VERTEX_POINT('',#8768);
#8770=CARTESIAN_POINT('',(6.825E0,1.230330085890E0,6.475985022474E0));
#8771=VERTEX_POINT('',#8770);
#8772=CARTESIAN_POINT('',(6.825E0,1.349519052839E0,5.570654936586E0));
#8773=VERTEX_POINT('',#8772);
#8774=CARTESIAN_POINT('',(-1.209052900072E1,1.75E0,1.294987964916E1));
#8775=VERTEX_POINT('',#8774);
#8776=CARTESIAN_POINT('',(-1.242508955722E1,1.75E0,1.220342781077E1));
#8777=VERTEX_POINT('',#8776);
#8778=CARTESIAN_POINT('',(-1.232527364065E1,1.75E0,1.209146003505E1));
#8779=VERTEX_POINT('',#8778);
#8780=CARTESIAN_POINT('',(-1.194052900072E1,1.75E0,1.294987964916E1));
#8781=VERTEX_POINT('',#8780);
#8782=CARTESIAN_POINT('',(-1.209052900072E1,1.15E0,1.294987964916E1));
#8783=VERTEX_POINT('',#8782);
#8784=CARTESIAN_POINT('',(-1.242508955719E1,1.15E0,1.220342781080E1));
#8785=VERTEX_POINT('',#8784);
#8786=CARTESIAN_POINT('',(-1.194052908222E1,1.15E0,1.295031260121E1));
#8787=VERTEX_POINT('',#8786);
#8788=CARTESIAN_POINT('',(-1.232527364067E1,1.15E0,1.209146003503E1));
#8789=VERTEX_POINT('',#8788);
#8790=CARTESIAN_POINT('',(8.625E0,5.508263655992E-1,6.3E0));
#8791=CARTESIAN_POINT('',(8.625E0,3.992861551966E-1,6.3E0));
#8792=VERTEX_POINT('',#8790);
#8793=VERTEX_POINT('',#8791);
#8794=CARTESIAN_POINT('',(9.325E0,3.992861551966E-1,6.3E0));
#8795=VERTEX_POINT('',#8794);
#8796=CARTESIAN_POINT('',(9.325E0,5.508263655992E-1,6.3E0));
#8797=VERTEX_POINT('',#8796);
#8798=CARTESIAN_POINT('',(8.625E0,1.149776791646E0,8.024691191781E0));
#8799=VERTEX_POINT('',#8798);
#8800=CARTESIAN_POINT('',(8.625E0,1.349519052838E0,8.370654936584E0));
#8801=VERTEX_POINT('',#8800);
#8802=CARTESIAN_POINT('',(8.625E0,1.230330085889E0,9.275985022475E0));
#8803=VERTEX_POINT('',#8802);
#8804=CARTESIAN_POINT('',(8.625E0,7.560660171780E-1,9.750249091186E0));
#8805=VERTEX_POINT('',#8804);
#8806=CARTESIAN_POINT('',(8.625E0,6.5E-1,9.644183074008E0));
#8807=VERTEX_POINT('',#8806);
#8808=CARTESIAN_POINT('',(8.625E0,1.124264068712E0,9.169919005296E0));
#8809=VERTEX_POINT('',#8808);
#8810=CARTESIAN_POINT('',(8.625E0,1.219615242270E0,8.445654936582E0));
#8811=VERTEX_POINT('',#8810);
#8812=CARTESIAN_POINT('',(8.625E0,1.019872981077E0,8.099691191777E0));
#8813=VERTEX_POINT('',#8812);
#8814=CARTESIAN_POINT('',(9.325E0,1.149776791648E0,8.024691191783E0));
#8815=VERTEX_POINT('',#8814);
#8816=CARTESIAN_POINT('',(9.325E0,1.019872981077E0,8.099691191777E0));
#8817=VERTEX_POINT('',#8816);
#8818=CARTESIAN_POINT('',(9.325E0,1.219615242270E0,8.445654936584E0));
#8819=VERTEX_POINT('',#8818);
#8820=CARTESIAN_POINT('',(9.325E0,1.124264068711E0,9.169919005296E0));
#8821=VERTEX_POINT('',#8820);
#8822=CARTESIAN_POINT('',(9.325E0,6.5E-1,9.644183074008E0));
#8823=VERTEX_POINT('',#8822);
#8824=CARTESIAN_POINT('',(9.325E0,7.560660171780E-1,9.750249091186E0));
#8825=VERTEX_POINT('',#8824);
#8826=CARTESIAN_POINT('',(9.325E0,1.230330085890E0,9.275985022474E0));
#8827=VERTEX_POINT('',#8826);
#8828=CARTESIAN_POINT('',(9.325E0,1.349519052839E0,8.370654936586E0));
#8829=VERTEX_POINT('',#8828);
#8830=CARTESIAN_POINT('',(1.1445E1,2.55E0,1.245E1));
#8831=VERTEX_POINT('',#8830);
#8832=CARTESIAN_POINT('',(1.1445E1,2.55E0,1.255E1));
#8833=VERTEX_POINT('',#8832);
#8834=CARTESIAN_POINT('',(1.1295E1,2.55E0,1.27E1));
#8835=VERTEX_POINT('',#8834);
#8836=CARTESIAN_POINT('',(1.137837915386E1,2.55E0,1.283439368609E1));
#8837=VERTEX_POINT('',#8836);
#8838=CARTESIAN_POINT('',(1.133396525639E1,2.55E0,1.292398947679E1));
#8839=VERTEX_POINT('',#8838);
#8840=CARTESIAN_POINT('',(1.1195E1,2.55E0,1.27E1));
#8841=VERTEX_POINT('',#8840);
#8842=CARTESIAN_POINT('',(1.144487946030E1,1.851333333333E0,1.245E1));
#8843=VERTEX_POINT('',#8842);
#8844=CARTESIAN_POINT('',(1.133393223468E1,1.882931540497E0,1.292397310746E1));
#8845=VERTEX_POINT('',#8844);
#8846=VERTEX_POINT('',#6445);
#8847=CARTESIAN_POINT('',(1.137837915384E1,1.876959579071E0,1.283439368608E1));
#8848=VERTEX_POINT('',#8847);
#8849=VERTEX_POINT('',#6478);
#8850=VERTEX_POINT('',#6488);
#8851=CARTESIAN_POINT('',(1.4225E1,8.E-1,2.375E1));
#8852=VERTEX_POINT('',#8851);
#8853=CARTESIAN_POINT('',(1.4225E1,1.4E0,2.375E1));
#8854=VERTEX_POINT('',#8853);
#8855=CARTESIAN_POINT('',(1.4225E1,8.E-1,4.25E0));
#8856=VERTEX_POINT('',#8855);
#8857=CARTESIAN_POINT('',(1.4225E1,1.4E0,4.25E0));
#8858=VERTEX_POINT('',#8857);
#8859=CARTESIAN_POINT('',(1.4225E1,8.E-1,5.75E0));
#8860=VERTEX_POINT('',#8859);
#8861=CARTESIAN_POINT('',(1.4225E1,1.4E0,5.75E0));
#8862=VERTEX_POINT('',#8861);
#8863=CARTESIAN_POINT('',(-1.3325E1,5.431604295725E-1,-2.010352946193E-1));
#8864=VERTEX_POINT('',#8863);
#8865=CARTESIAN_POINT('',(-1.3325E1,2.15E0,-1.25E0));
#8866=VERTEX_POINT('',#8865);
#8867=CARTESIAN_POINT('',(-1.3325E1,1.5E-1,-1.25E0));
#8868=VERTEX_POINT('',#8867);
#8869=CARTESIAN_POINT('',(-1.3325E1,1.5E-1,-4.510352946193E-1));
#8870=VERTEX_POINT('',#8869);
#8871=CARTESIAN_POINT('',(-1.3325E1,2.931604295725E-1,-4.510352946193E-1));
#8872=VERTEX_POINT('',#8871);
#8873=CARTESIAN_POINT('',(-1.3475E1,5.431604295725E-1,-2.010352946193E-1));
#8874=VERTEX_POINT('',#8873);
#8875=CARTESIAN_POINT('',(-1.3475E1,2.931604295725E-1,-4.510352946193E-1));
#8876=VERTEX_POINT('',#8875);
#8877=CARTESIAN_POINT('',(-1.3575E1,-1.E-1,-4.510352946193E-1));
#8878=VERTEX_POINT('',#8877);
#8879=CARTESIAN_POINT('',(-1.3775E1,-1.E-1,-4.510352946193E-1));
#8880=VERTEX_POINT('',#8879);
#8881=CARTESIAN_POINT('',(-1.3775E1,5.E-2,-4.510352946193E-1));
#8882=VERTEX_POINT('',#8881);
#8883=CARTESIAN_POINT('',(-1.3575E1,5.E-2,-4.510352946193E-1));
#8884=VERTEX_POINT('',#8883);
#8885=CARTESIAN_POINT('',(-1.3475E1,1.5E-1,-4.510352946193E-1));
#8886=VERTEX_POINT('',#8885);
#8887=CARTESIAN_POINT('',(-1.3575E1,-1.E-1,-1.25E0));
#8888=VERTEX_POINT('',#8887);
#8889=CARTESIAN_POINT('',(-1.3475E1,2.15E0,-1.25E0));
#8890=VERTEX_POINT('',#8889);
#8891=CARTESIAN_POINT('',(-1.3475E1,1.5E-1,-1.25E0));
#8892=VERTEX_POINT('',#8891);
#8893=CARTESIAN_POINT('',(-1.3575E1,5.E-2,-1.25E0));
#8894=VERTEX_POINT('',#8893);
#8895=CARTESIAN_POINT('',(-1.3775E1,5.E-2,-1.25E0));
#8896=VERTEX_POINT('',#8895);
#8897=CARTESIAN_POINT('',(-1.3775E1,-1.E-1,-1.25E0));
#8898=VERTEX_POINT('',#8897);
#8899=CARTESIAN_POINT('',(9.175E0,4.026926634930E-1,-6.179905941079E-2));
#8900=VERTEX_POINT('',#8899);
#8901=CARTESIAN_POINT('',(9.175E0,1.351439194436E-1,-3.715048384292E-1));
#8902=VERTEX_POINT('',#8901);
#8903=CARTESIAN_POINT('',(9.175E0,5.E-2,-6.003088082206E-1));
#8904=VERTEX_POINT('',#8903);
#8905=CARTESIAN_POINT('',(9.175E0,5.E-2,-1.250308808221E0));
#8906=VERTEX_POINT('',#8905);
#8907=CARTESIAN_POINT('',(9.175E0,-1.E-1,-1.250308808221E0));
#8908=VERTEX_POINT('',#8907);
#8909=CARTESIAN_POINT('',(9.175E0,-1.000000000001E-1,-6.003088082196E-1));
#8910=VERTEX_POINT('',#8909);
#8911=CARTESIAN_POINT('',(9.175E0,2.163417063189E-2,-2.734459942344E-1));
#8912=VERTEX_POINT('',#8911);
#8913=CARTESIAN_POINT('',(8.775E0,4.026926634933E-1,-6.179905941041E-2));
#8914=VERTEX_POINT('',#8913);
#8915=CARTESIAN_POINT('',(8.775E0,2.163417063299E-2,-2.734459942335E-1));
#8916=VERTEX_POINT('',#8915);
#8917=CARTESIAN_POINT('',(8.775E0,-1.000000000004E-1,-6.003088082178E-1));
#8918=VERTEX_POINT('',#8917);
#8919=CARTESIAN_POINT('',(8.775E0,-1.E-1,-1.250308808221E0));
#8920=VERTEX_POINT('',#8919);
#8921=CARTESIAN_POINT('',(8.775E0,5.E-2,-1.250308808221E0));
#8922=VERTEX_POINT('',#8921);
#8923=CARTESIAN_POINT('',(8.775E0,5.E-2,-6.003088082206E-1));
#8924=VERTEX_POINT('',#8923);
#8925=CARTESIAN_POINT('',(8.775E0,1.351439194436E-1,-3.715048384292E-1));
#8926=VERTEX_POINT('',#8925);
#8927=CARTESIAN_POINT('',(6.675E0,4.026926634930E-1,-6.179905941079E-2));
#8928=VERTEX_POINT('',#8927);
#8929=CARTESIAN_POINT('',(6.675E0,1.351439194436E-1,-3.715048384292E-1));
#8930=VERTEX_POINT('',#8929);
#8931=CARTESIAN_POINT('',(6.675E0,5.E-2,-6.003088082206E-1));
#8932=VERTEX_POINT('',#8931);
#8933=CARTESIAN_POINT('',(6.675E0,5.E-2,-1.250308808221E0));
#8934=VERTEX_POINT('',#8933);
#8935=CARTESIAN_POINT('',(6.675E0,-1.E-1,-1.250308808221E0));
#8936=VERTEX_POINT('',#8935);
#8937=CARTESIAN_POINT('',(6.675E0,-1.000000000001E-1,-6.003088082196E-1));
#8938=VERTEX_POINT('',#8937);
#8939=CARTESIAN_POINT('',(6.675E0,2.163417063189E-2,-2.734459942344E-1));
#8940=VERTEX_POINT('',#8939);
#8941=CARTESIAN_POINT('',(6.275E0,4.026926634933E-1,-6.179905941041E-2));
#8942=VERTEX_POINT('',#8941);
#8943=CARTESIAN_POINT('',(6.275E0,2.163417063299E-2,-2.734459942335E-1));
#8944=VERTEX_POINT('',#8943);
#8945=CARTESIAN_POINT('',(6.275E0,-1.000000000004E-1,-6.003088082178E-1));
#8946=VERTEX_POINT('',#8945);
#8947=CARTESIAN_POINT('',(6.275E0,-1.E-1,-1.250308808221E0));
#8948=VERTEX_POINT('',#8947);
#8949=CARTESIAN_POINT('',(6.275E0,5.E-2,-1.250308808221E0));
#8950=VERTEX_POINT('',#8949);
#8951=CARTESIAN_POINT('',(6.275E0,5.E-2,-6.003088082206E-1));
#8952=VERTEX_POINT('',#8951);
#8953=CARTESIAN_POINT('',(6.275E0,1.351439194436E-1,-3.715048384292E-1));
#8954=VERTEX_POINT('',#8953);
#8955=CARTESIAN_POINT('',(4.175E0,4.026926634930E-1,-6.179905941079E-2));
#8956=VERTEX_POINT('',#8955);
#8957=CARTESIAN_POINT('',(4.175E0,1.351439194436E-1,-3.715048384292E-1));
#8958=VERTEX_POINT('',#8957);
#8959=CARTESIAN_POINT('',(4.175E0,5.E-2,-6.003088082206E-1));
#8960=VERTEX_POINT('',#8959);
#8961=CARTESIAN_POINT('',(4.175E0,5.E-2,-1.250308808221E0));
#8962=VERTEX_POINT('',#8961);
#8963=CARTESIAN_POINT('',(4.175E0,-1.E-1,-1.250308808221E0));
#8964=VERTEX_POINT('',#8963);
#8965=CARTESIAN_POINT('',(4.175E0,-1.000000000001E-1,-6.003088082196E-1));
#8966=VERTEX_POINT('',#8965);
#8967=CARTESIAN_POINT('',(4.175E0,2.163417063189E-2,-2.734459942344E-1));
#8968=VERTEX_POINT('',#8967);
#8969=CARTESIAN_POINT('',(3.775E0,4.026926634933E-1,-6.179905941041E-2));
#8970=VERTEX_POINT('',#8969);
#8971=CARTESIAN_POINT('',(3.775E0,2.163417063299E-2,-2.734459942335E-1));
#8972=VERTEX_POINT('',#8971);
#8973=CARTESIAN_POINT('',(3.775E0,-1.000000000004E-1,-6.003088082178E-1));
#8974=VERTEX_POINT('',#8973);
#8975=CARTESIAN_POINT('',(3.775E0,-1.E-1,-1.250308808221E0));
#8976=VERTEX_POINT('',#8975);
#8977=CARTESIAN_POINT('',(3.775E0,5.E-2,-1.250308808221E0));
#8978=VERTEX_POINT('',#8977);
#8979=CARTESIAN_POINT('',(3.775E0,5.E-2,-6.003088082206E-1));
#8980=VERTEX_POINT('',#8979);
#8981=CARTESIAN_POINT('',(3.775E0,1.351439194436E-1,-3.715048384292E-1));
#8982=VERTEX_POINT('',#8981);
#8983=CARTESIAN_POINT('',(2.525E0,2.02E0,-2.003088082206E-1));
#8984=VERTEX_POINT('',#8983);
#8985=CARTESIAN_POINT('',(2.525E0,1.67E0,-5.503088082206E-1));
#8986=VERTEX_POINT('',#8985);
#8987=CARTESIAN_POINT('',(2.525E0,2.E-1,-5.503088082206E-1));
#8988=VERTEX_POINT('',#8987);
#8989=CARTESIAN_POINT('',(2.525E0,5.E-2,-7.003088082206E-1));
#8990=VERTEX_POINT('',#8989);
#8991=CARTESIAN_POINT('',(2.525E0,5.E-2,-1.250308808221E0));
#8992=VERTEX_POINT('',#8991);
#8993=CARTESIAN_POINT('',(2.525E0,-1.E-1,-1.250308808221E0));
#8994=VERTEX_POINT('',#8993);
#8995=CARTESIAN_POINT('',(2.525E0,-1.000000000001E-1,-7.003088082198E-1));
#8996=VERTEX_POINT('',#8995);
#8997=CARTESIAN_POINT('',(2.525E0,1.999999999979E-1,-4.003088082202E-1));
#8998=VERTEX_POINT('',#8997);
#8999=CARTESIAN_POINT('',(2.525E0,1.67E0,-4.003088082206E-1));
#9000=VERTEX_POINT('',#8999);
#9001=CARTESIAN_POINT('',(2.525E0,1.87E0,-2.003088082206E-1));
#9002=VERTEX_POINT('',#9001);
#9003=CARTESIAN_POINT('',(2.125E0,2.02E0,-2.003088082206E-1));
#9004=VERTEX_POINT('',#9003);
#9005=CARTESIAN_POINT('',(2.125E0,1.87E0,-2.003088082206E-1));
#9006=VERTEX_POINT('',#9005);
#9007=CARTESIAN_POINT('',(2.125E0,1.67E0,-4.003088082206E-1));
#9008=VERTEX_POINT('',#9007);
#9009=CARTESIAN_POINT('',(2.125E0,1.999999999992E-1,-4.003088082205E-1));
#9010=VERTEX_POINT('',#9009);
#9011=CARTESIAN_POINT('',(2.125E0,-1.000000000004E-1,-7.003088082185E-1));
#9012=VERTEX_POINT('',#9011);
#9013=CARTESIAN_POINT('',(2.125E0,-1.E-1,-1.250308808221E0));
#9014=VERTEX_POINT('',#9013);
#9015=CARTESIAN_POINT('',(2.125E0,5.E-2,-1.250308808221E0));
#9016=VERTEX_POINT('',#9015);
#9017=CARTESIAN_POINT('',(2.125E0,5.E-2,-7.003088082206E-1));
#9018=VERTEX_POINT('',#9017);
#9019=CARTESIAN_POINT('',(2.125E0,2.E-1,-5.503088082206E-1));
#9020=VERTEX_POINT('',#9019);
#9021=CARTESIAN_POINT('',(2.125E0,1.67E0,-5.503088082206E-1));
#9022=VERTEX_POINT('',#9021);
#9023=CARTESIAN_POINT('',(8.75E-1,1.351439194436E-1,-3.715048384293E-1));
#9024=VERTEX_POINT('',#9023);
#9025=CARTESIAN_POINT('',(8.75E-1,5.E-2,-6.003088082206E-1));
#9026=VERTEX_POINT('',#9025);
#9027=CARTESIAN_POINT('',(8.75E-1,5.E-2,-1.250308808221E0));
#9028=VERTEX_POINT('',#9027);
#9029=CARTESIAN_POINT('',(8.75E-1,-1.E-1,-1.250308808221E0));
#9030=VERTEX_POINT('',#9029);
#9031=CARTESIAN_POINT('',(8.75E-1,-1.000000000001E-1,-6.003088082196E-1));
#9032=VERTEX_POINT('',#9031);
#9033=CARTESIAN_POINT('',(8.75E-1,2.163417063189E-2,-2.734459942344E-1));
#9034=VERTEX_POINT('',#9033);
#9035=CARTESIAN_POINT('',(4.75E-1,1.351439194435E-1,-3.715048384293E-1));
#9036=VERTEX_POINT('',#9035);
#9037=CARTESIAN_POINT('',(4.75E-1,2.163417063298E-2,-2.734459942335E-1));
#9038=VERTEX_POINT('',#9037);
#9039=CARTESIAN_POINT('',(4.75E-1,-1.000000000004E-1,-6.003088082178E-1));
#9040=VERTEX_POINT('',#9039);
#9041=CARTESIAN_POINT('',(4.75E-1,-1.E-1,-1.250308808221E0));
#9042=VERTEX_POINT('',#9041);
#9043=CARTESIAN_POINT('',(4.75E-1,5.E-2,-1.250308808221E0));
#9044=VERTEX_POINT('',#9043);
#9045=CARTESIAN_POINT('',(4.75E-1,5.E-2,-6.003088082206E-1));
#9046=VERTEX_POINT('',#9045);
#9047=CARTESIAN_POINT('',(-8.25E-1,1.351439194436E-1,-3.715048384293E-1));
#9048=VERTEX_POINT('',#9047);
#9049=CARTESIAN_POINT('',(-8.25E-1,5.E-2,-6.003088082206E-1));
#9050=VERTEX_POINT('',#9049);
#9051=CARTESIAN_POINT('',(-8.25E-1,5.E-2,-1.250308808221E0));
#9052=VERTEX_POINT('',#9051);
#9053=CARTESIAN_POINT('',(-8.25E-1,-1.E-1,-1.250308808221E0));
#9054=VERTEX_POINT('',#9053);
#9055=CARTESIAN_POINT('',(-8.25E-1,-1.000000000001E-1,-6.003088082196E-1));
#9056=VERTEX_POINT('',#9055);
#9057=CARTESIAN_POINT('',(-8.25E-1,2.163417063189E-2,-2.734459942344E-1));
#9058=VERTEX_POINT('',#9057);
#9059=CARTESIAN_POINT('',(-1.225E0,1.351439194435E-1,-3.715048384293E-1));
#9060=VERTEX_POINT('',#9059);
#9061=CARTESIAN_POINT('',(-1.225E0,2.163417063298E-2,-2.734459942335E-1));
#9062=VERTEX_POINT('',#9061);
#9063=CARTESIAN_POINT('',(-1.225E0,-1.000000000004E-1,-6.003088082178E-1));
#9064=VERTEX_POINT('',#9063);
#9065=CARTESIAN_POINT('',(-1.225E0,-1.E-1,-1.250308808221E0));
#9066=VERTEX_POINT('',#9065);
#9067=CARTESIAN_POINT('',(-1.225E0,5.E-2,-1.250308808221E0));
#9068=VERTEX_POINT('',#9067);
#9069=CARTESIAN_POINT('',(-1.225E0,5.E-2,-6.003088082206E-1));
#9070=VERTEX_POINT('',#9069);
#9071=CARTESIAN_POINT('',(-1.035E1,2.163417063361E-2,-2.734459942330E-1));
#9072=VERTEX_POINT('',#9071);
#9073=CARTESIAN_POINT('',(-1.035E1,-1.E-1,-6.003088082206E-1));
#9074=VERTEX_POINT('',#9073);
#9075=CARTESIAN_POINT('',(-1.035E1,-1.E-1,-1.25E0));
#9076=VERTEX_POINT('',#9075);
#9077=CARTESIAN_POINT('',(-1.035E1,5.E-2,-1.25E0));
#9078=VERTEX_POINT('',#9077);
#9079=CARTESIAN_POINT('',(-1.035E1,5.E-2,-6.003088082206E-1));
#9080=VERTEX_POINT('',#9079);
#9081=CARTESIAN_POINT('',(-1.035E1,1.351439194432E-1,-3.715048384297E-1));
#9082=VERTEX_POINT('',#9081);
#9083=CARTESIAN_POINT('',(-9.95E0,2.163417063362E-2,-2.734459942330E-1));
#9084=VERTEX_POINT('',#9083);
#9085=CARTESIAN_POINT('',(-9.95E0,1.351439194436E-1,-3.715048384292E-1));
#9086=VERTEX_POINT('',#9085);
#9087=CARTESIAN_POINT('',(-9.95E0,5.E-2,-6.003088082205E-1));
#9088=VERTEX_POINT('',#9087);
#9089=CARTESIAN_POINT('',(-9.95E0,5.E-2,-1.25E0));
#9090=VERTEX_POINT('',#9089);
#9091=CARTESIAN_POINT('',(-9.95E0,-1.E-1,-1.25E0));
#9092=VERTEX_POINT('',#9091);
#9093=CARTESIAN_POINT('',(-9.95E0,-1.E-1,-6.003088082206E-1));
#9094=VERTEX_POINT('',#9093);
#9095=CARTESIAN_POINT('',(-8.65E0,2.163417063361E-2,-2.734459942330E-1));
#9096=VERTEX_POINT('',#9095);
#9097=CARTESIAN_POINT('',(-8.65E0,-1.E-1,-6.003088082206E-1));
#9098=VERTEX_POINT('',#9097);
#9099=CARTESIAN_POINT('',(-8.65E0,-1.E-1,-1.25E0));
#9100=VERTEX_POINT('',#9099);
#9101=CARTESIAN_POINT('',(-8.65E0,5.E-2,-1.25E0));
#9102=VERTEX_POINT('',#9101);
#9103=CARTESIAN_POINT('',(-8.65E0,5.E-2,-6.003088082206E-1));
#9104=VERTEX_POINT('',#9103);
#9105=CARTESIAN_POINT('',(-8.65E0,1.351439194432E-1,-3.715048384297E-1));
#9106=VERTEX_POINT('',#9105);
#9107=CARTESIAN_POINT('',(-8.25E0,2.163417063362E-2,-2.734459942330E-1));
#9108=VERTEX_POINT('',#9107);
#9109=CARTESIAN_POINT('',(-8.25E0,1.351439194436E-1,-3.715048384292E-1));
#9110=VERTEX_POINT('',#9109);
#9111=CARTESIAN_POINT('',(-8.25E0,5.E-2,-6.003088082205E-1));
#9112=VERTEX_POINT('',#9111);
#9113=CARTESIAN_POINT('',(-8.25E0,5.E-2,-1.25E0));
#9114=VERTEX_POINT('',#9113);
#9115=CARTESIAN_POINT('',(-8.25E0,-1.E-1,-1.25E0));
#9116=VERTEX_POINT('',#9115);
#9117=CARTESIAN_POINT('',(-8.25E0,-1.E-1,-6.003088082206E-1));
#9118=VERTEX_POINT('',#9117);
#9119=CARTESIAN_POINT('',(-6.225E0,2.163417063365E-2,-2.734459942329E-1));
#9120=VERTEX_POINT('',#9119);
#9121=CARTESIAN_POINT('',(-6.225E0,-1.E-1,-6.003088082206E-1));
#9122=VERTEX_POINT('',#9121);
#9123=CARTESIAN_POINT('',(-6.225E0,-1.E-1,-1.25E0));
#9124=VERTEX_POINT('',#9123);
#9125=CARTESIAN_POINT('',(-6.225E0,5.E-2,-1.25E0));
#9126=VERTEX_POINT('',#9125);
#9127=CARTESIAN_POINT('',(-6.225E0,5.E-2,-6.003088082206E-1));
#9128=VERTEX_POINT('',#9127);
#9129=CARTESIAN_POINT('',(-6.225E0,1.351439194436E-1,-3.715048384292E-1));
#9130=VERTEX_POINT('',#9129);
#9131=CARTESIAN_POINT('',(-5.825E0,2.163417063361E-2,-2.734459942330E-1));
#9132=VERTEX_POINT('',#9131);
#9133=CARTESIAN_POINT('',(-5.825E0,1.351439194435E-1,-3.715048384293E-1));
#9134=VERTEX_POINT('',#9133);
#9135=CARTESIAN_POINT('',(-5.825E0,5.E-2,-6.003088082205E-1));
#9136=VERTEX_POINT('',#9135);
#9137=CARTESIAN_POINT('',(-5.825E0,5.E-2,-1.25E0));
#9138=VERTEX_POINT('',#9137);
#9139=CARTESIAN_POINT('',(-5.825E0,-1.E-1,-1.25E0));
#9140=VERTEX_POINT('',#9139);
#9141=CARTESIAN_POINT('',(-5.825E0,-1.E-1,-6.003088082206E-1));
#9142=VERTEX_POINT('',#9141);
#9143=CARTESIAN_POINT('',(-3.725E0,2.163417063365E-2,-2.734459942329E-1));
#9144=VERTEX_POINT('',#9143);
#9145=CARTESIAN_POINT('',(-3.725E0,-1.E-1,-6.003088082206E-1));
#9146=VERTEX_POINT('',#9145);
#9147=CARTESIAN_POINT('',(-3.725E0,-1.E-1,-1.25E0));
#9148=VERTEX_POINT('',#9147);
#9149=CARTESIAN_POINT('',(-3.725E0,5.E-2,-1.25E0));
#9150=VERTEX_POINT('',#9149);
#9151=CARTESIAN_POINT('',(-3.725E0,5.E-2,-6.003088082206E-1));
#9152=VERTEX_POINT('',#9151);
#9153=CARTESIAN_POINT('',(-3.725E0,1.351439194436E-1,-3.715048384292E-1));
#9154=VERTEX_POINT('',#9153);
#9155=CARTESIAN_POINT('',(-3.325E0,2.163417063361E-2,-2.734459942330E-1));
#9156=VERTEX_POINT('',#9155);
#9157=CARTESIAN_POINT('',(-3.325E0,1.351439194436E-1,-3.715048384293E-1));
#9158=VERTEX_POINT('',#9157);
#9159=CARTESIAN_POINT('',(-3.325E0,5.E-2,-6.003088082205E-1));
#9160=VERTEX_POINT('',#9159);
#9161=CARTESIAN_POINT('',(-3.325E0,5.E-2,-1.25E0));
#9162=VERTEX_POINT('',#9161);
#9163=CARTESIAN_POINT('',(-3.325E0,-1.E-1,-1.25E0));
#9164=VERTEX_POINT('',#9163);
#9165=CARTESIAN_POINT('',(-3.325E0,-1.E-1,-6.003088082206E-1));
#9166=VERTEX_POINT('',#9165);
#9167=CARTESIAN_POINT('',(-1.4225E1,1.4E0,2.625E1));
#9168=CARTESIAN_POINT('',(-1.4225E1,8.E-1,2.625E1));
#9169=VERTEX_POINT('',#9167);
#9170=VERTEX_POINT('',#9168);
#9171=CARTESIAN_POINT('',(1.4225E1,8.E-1,2.625E1));
#9172=CARTESIAN_POINT('',(1.4225E1,1.4E0,2.625E1));
#9173=VERTEX_POINT('',#9171);
#9174=VERTEX_POINT('',#9172);
#9175=CARTESIAN_POINT('',(1.3975E1,1.8E0,2.625E1));
#9176=CARTESIAN_POINT('',(1.3975E1,8.E-1,2.625E1));
#9177=VERTEX_POINT('',#9175);
#9178=VERTEX_POINT('',#9176);
#9179=CARTESIAN_POINT('',(-1.3975E1,1.8E0,2.625E1));
#9180=CARTESIAN_POINT('',(-1.3975E1,8.E-1,2.625E1));
#9181=VERTEX_POINT('',#9179);
#9182=VERTEX_POINT('',#9180);
#9183=CARTESIAN_POINT('',(-1.1725E1,8.5E-1,2.9E1));
#9184=VERTEX_POINT('',#9183);
#9185=CARTESIAN_POINT('',(1.0975E1,8.5E-1,2.9E1));
#9186=VERTEX_POINT('',#9185);
#9187=CARTESIAN_POINT('',(1.1725E1,2.6E0,2.85E1));
#9188=CARTESIAN_POINT('',(1.1725E1,8.5E-1,2.85E1));
#9189=VERTEX_POINT('',#9187);
#9190=VERTEX_POINT('',#9188);
#9191=CARTESIAN_POINT('',(1.1975E1,2.6E0,2.9E1));
#9192=VERTEX_POINT('',#9191);
#9193=CARTESIAN_POINT('',(1.1975E1,8.5E-1,2.9E1));
#9194=VERTEX_POINT('',#9193);
#9195=CARTESIAN_POINT('',(-1.2725E1,2.6E0,2.9E1));
#9196=CARTESIAN_POINT('',(-1.2475E1,2.6E0,2.85E1));
#9197=VERTEX_POINT('',#9195);
#9198=VERTEX_POINT('',#9196);
#9199=CARTESIAN_POINT('',(-1.2475E1,8.5E-1,2.85E1));
#9200=VERTEX_POINT('',#9199);
#9201=CARTESIAN_POINT('',(-1.2725E1,8.5E-1,2.9E1));
#9202=VERTEX_POINT('',#9201);
#9203=CARTESIAN_POINT('',(-1.0605E1,8.5E-1,8.E0));
#9204=CARTESIAN_POINT('',(-1.0605E1,8.5E-1,7.7E0));
#9205=VERTEX_POINT('',#9203);
#9206=VERTEX_POINT('',#9204);
#9207=CARTESIAN_POINT('',(-1.0605E1,8.5E-1,3.5E0));
#9208=CARTESIAN_POINT('',(-1.0605E1,8.5E-1,2.3E0));
#9209=VERTEX_POINT('',#9207);
#9210=VERTEX_POINT('',#9208);
#9211=CARTESIAN_POINT('',(-1.0605E1,2.5E-1,8.E0));
#9212=VERTEX_POINT('',#9211);
#9213=CARTESIAN_POINT('',(-1.0605E1,2.5E-1,3.5E0));
#9214=CARTESIAN_POINT('',(-1.0605E1,2.5E-1,7.7E0));
#9215=VERTEX_POINT('',#9213);
#9216=VERTEX_POINT('',#9214);
#9217=CARTESIAN_POINT('',(-1.0605E1,2.5E-1,2.3E0));
#9218=VERTEX_POINT('',#9217);
#9219=CARTESIAN_POINT('',(0.E0,0.E0,1.45E1));
#9220=DIRECTION('',(0.E0,1.E0,0.E0));
#9221=DIRECTION('',(1.E0,0.E0,0.E0));
#9222=AXIS2_PLACEMENT_3D('',#9219,#9220,#9221);
#9223=PLANE('',#9222);
#9225=ORIENTED_EDGE('',*,*,#9224,.T.);
#9227=ORIENTED_EDGE('',*,*,#9226,.T.);
#9229=ORIENTED_EDGE('',*,*,#9228,.T.);
#9231=ORIENTED_EDGE('',*,*,#9230,.T.);
#9233=ORIENTED_EDGE('',*,*,#9232,.T.);
#9235=ORIENTED_EDGE('',*,*,#9234,.T.);
#9237=ORIENTED_EDGE('',*,*,#9236,.T.);
#9239=ORIENTED_EDGE('',*,*,#9238,.T.);
#9241=ORIENTED_EDGE('',*,*,#9240,.T.);
#9243=ORIENTED_EDGE('',*,*,#9242,.T.);
#9245=ORIENTED_EDGE('',*,*,#9244,.T.);
#9247=ORIENTED_EDGE('',*,*,#9246,.T.);
#9249=ORIENTED_EDGE('',*,*,#9248,.T.);
#9251=ORIENTED_EDGE('',*,*,#9250,.T.);
#9253=ORIENTED_EDGE('',*,*,#9252,.T.);
#9255=ORIENTED_EDGE('',*,*,#9254,.T.);
#9257=ORIENTED_EDGE('',*,*,#9256,.T.);
#9259=ORIENTED_EDGE('',*,*,#9258,.T.);
#9261=ORIENTED_EDGE('',*,*,#9260,.T.);
#9263=ORIENTED_EDGE('',*,*,#9262,.T.);
#9265=ORIENTED_EDGE('',*,*,#9264,.T.);
#9267=ORIENTED_EDGE('',*,*,#9266,.T.);
#9269=ORIENTED_EDGE('',*,*,#9268,.T.);
#9271=ORIENTED_EDGE('',*,*,#9270,.T.);
#9273=ORIENTED_EDGE('',*,*,#9272,.T.);
#9275=ORIENTED_EDGE('',*,*,#9274,.T.);
#9277=ORIENTED_EDGE('',*,*,#9276,.T.);
#9279=ORIENTED_EDGE('',*,*,#9278,.T.);
#9281=ORIENTED_EDGE('',*,*,#9280,.T.);
#9283=ORIENTED_EDGE('',*,*,#9282,.T.);
#9284=EDGE_LOOP('',(#9225,#9227,#9229,#9231,#9233,#9235,#9237,#9239,#9241,#9243,
#9245,#9247,#9249,#9251,#9253,#9255,#9257,#9259,#9261,#9263,#9265,#9267,#9269,
#9271,#9273,#9275,#9277,#9279,#9281,#9283));
#9285=FACE_OUTER_BOUND('',#9284,.F.);
#9287=ORIENTED_EDGE('',*,*,#9286,.T.);
#9289=ORIENTED_EDGE('',*,*,#9288,.T.);
#9291=ORIENTED_EDGE('',*,*,#9290,.T.);
#9293=ORIENTED_EDGE('',*,*,#9292,.T.);
#9294=EDGE_LOOP('',(#9287,#9289,#9291,#9293));
#9295=FACE_BOUND('',#9294,.F.);
#9297=ORIENTED_EDGE('',*,*,#9296,.T.);
#9299=ORIENTED_EDGE('',*,*,#9298,.T.);
#9301=ORIENTED_EDGE('',*,*,#9300,.T.);
#9303=ORIENTED_EDGE('',*,*,#9302,.T.);
#9304=EDGE_LOOP('',(#9297,#9299,#9301,#9303));
#9305=FACE_BOUND('',#9304,.F.);
#9307=ORIENTED_EDGE('',*,*,#9306,.T.);
#9309=ORIENTED_EDGE('',*,*,#9308,.T.);
#9311=ORIENTED_EDGE('',*,*,#9310,.T.);
#9313=ORIENTED_EDGE('',*,*,#9312,.T.);
#9314=EDGE_LOOP('',(#9307,#9309,#9311,#9313));
#9315=FACE_BOUND('',#9314,.F.);
#9317=ORIENTED_EDGE('',*,*,#9316,.T.);
#9319=ORIENTED_EDGE('',*,*,#9318,.T.);
#9321=ORIENTED_EDGE('',*,*,#9320,.T.);
#9323=ORIENTED_EDGE('',*,*,#9322,.T.);
#9324=EDGE_LOOP('',(#9317,#9319,#9321,#9323));
#9325=FACE_BOUND('',#9324,.F.);
#9327=ORIENTED_EDGE('',*,*,#9326,.T.);
#9329=ORIENTED_EDGE('',*,*,#9328,.T.);
#9331=ORIENTED_EDGE('',*,*,#9330,.T.);
#9333=ORIENTED_EDGE('',*,*,#9332,.T.);
#9334=EDGE_LOOP('',(#9327,#9329,#9331,#9333));
#9335=FACE_BOUND('',#9334,.F.);
#9337=ORIENTED_EDGE('',*,*,#9336,.T.);
#9339=ORIENTED_EDGE('',*,*,#9338,.T.);
#9341=ORIENTED_EDGE('',*,*,#9340,.T.);
#9343=ORIENTED_EDGE('',*,*,#9342,.T.);
#9344=EDGE_LOOP('',(#9337,#9339,#9341,#9343));
#9345=FACE_BOUND('',#9344,.F.);
#9347=ORIENTED_EDGE('',*,*,#9346,.T.);
#9349=ORIENTED_EDGE('',*,*,#9348,.T.);
#9351=ORIENTED_EDGE('',*,*,#9350,.T.);
#9353=ORIENTED_EDGE('',*,*,#9352,.T.);
#9354=EDGE_LOOP('',(#9347,#9349,#9351,#9353));
#9355=FACE_BOUND('',#9354,.F.);
#9357=ORIENTED_EDGE('',*,*,#9356,.T.);
#9359=ORIENTED_EDGE('',*,*,#9358,.T.);
#9361=ORIENTED_EDGE('',*,*,#9360,.T.);
#9363=ORIENTED_EDGE('',*,*,#9362,.T.);
#9364=EDGE_LOOP('',(#9357,#9359,#9361,#9363));
#9365=FACE_BOUND('',#9364,.F.);
#9367=ORIENTED_EDGE('',*,*,#9366,.T.);
#9369=ORIENTED_EDGE('',*,*,#9368,.T.);
#9371=ORIENTED_EDGE('',*,*,#9370,.T.);
#9373=ORIENTED_EDGE('',*,*,#9372,.T.);
#9374=EDGE_LOOP('',(#9367,#9369,#9371,#9373));
#9375=FACE_BOUND('',#9374,.F.);
#9376=ADVANCED_FACE('',(#9285,#9295,#9305,#9315,#9325,#9335,#9345,#9355,#9365,
#9375),#9223,.F.);
#9377=CARTESIAN_POINT('',(0.E0,1.3E0,0.E0));
#9378=DIRECTION('',(0.E0,0.E0,1.E0));
#9379=DIRECTION('',(-1.E0,0.E0,0.E0));
#9380=AXIS2_PLACEMENT_3D('',#9377,#9378,#9379);
#9381=PLANE('',#9380);
#9382=ORIENTED_EDGE('',*,*,#9224,.F.);
#9384=ORIENTED_EDGE('',*,*,#9383,.F.);
#9386=ORIENTED_EDGE('',*,*,#9385,.F.);
#9388=ORIENTED_EDGE('',*,*,#9387,.F.);
#9389=EDGE_LOOP('',(#9382,#9384,#9386,#9388));
#9390=FACE_OUTER_BOUND('',#9389,.F.);
#9392=ORIENTED_EDGE('',*,*,#9391,.T.);
#9394=ORIENTED_EDGE('',*,*,#9393,.T.);
#9396=ORIENTED_EDGE('',*,*,#9395,.T.);
#9398=ORIENTED_EDGE('',*,*,#9397,.T.);
#9399=EDGE_LOOP('',(#9392,#9394,#9396,#9398));
#9400=FACE_BOUND('',#9399,.F.);
#9402=ORIENTED_EDGE('',*,*,#9401,.T.);
#9404=ORIENTED_EDGE('',*,*,#9403,.T.);
#9406=ORIENTED_EDGE('',*,*,#9405,.T.);
#9408=ORIENTED_EDGE('',*,*,#9407,.F.);
#9409=EDGE_LOOP('',(#9402,#9404,#9406,#9408));
#9410=FACE_BOUND('',#9409,.F.);
#9412=ORIENTED_EDGE('',*,*,#9411,.T.);
#9414=ORIENTED_EDGE('',*,*,#9413,.T.);
#9416=ORIENTED_EDGE('',*,*,#9415,.T.);
#9418=ORIENTED_EDGE('',*,*,#9417,.F.);
#9419=EDGE_LOOP('',(#9412,#9414,#9416,#9418));
#9420=FACE_BOUND('',#9419,.F.);
#9422=ORIENTED_EDGE('',*,*,#9421,.T.);
#9424=ORIENTED_EDGE('',*,*,#9423,.T.);
#9426=ORIENTED_EDGE('',*,*,#9425,.T.);
#9428=ORIENTED_EDGE('',*,*,#9427,.F.);
#9429=EDGE_LOOP('',(#9422,#9424,#9426,#9428));
#9430=FACE_BOUND('',#9429,.F.);
#9432=ORIENTED_EDGE('',*,*,#9431,.T.);
#9434=ORIENTED_EDGE('',*,*,#9433,.T.);
#9436=ORIENTED_EDGE('',*,*,#9435,.T.);
#9438=ORIENTED_EDGE('',*,*,#9437,.T.);
#9439=EDGE_LOOP('',(#9432,#9434,#9436,#9438));
#9440=FACE_BOUND('',#9439,.F.);
#9442=ORIENTED_EDGE('',*,*,#9441,.T.);
#9444=ORIENTED_EDGE('',*,*,#9443,.T.);
#9446=ORIENTED_EDGE('',*,*,#9445,.T.);
#9448=ORIENTED_EDGE('',*,*,#9447,.T.);
#9449=EDGE_LOOP('',(#9442,#9444,#9446,#9448));
#9450=FACE_BOUND('',#9449,.F.);
#9452=ORIENTED_EDGE('',*,*,#9451,.T.);
#9454=ORIENTED_EDGE('',*,*,#9453,.T.);
#9456=ORIENTED_EDGE('',*,*,#9455,.T.);
#9458=ORIENTED_EDGE('',*,*,#9457,.T.);
#9459=EDGE_LOOP('',(#9452,#9454,#9456,#9458));
#9460=FACE_BOUND('',#9459,.F.);
#9462=ORIENTED_EDGE('',*,*,#9461,.T.);
#9464=ORIENTED_EDGE('',*,*,#9463,.T.);
#9466=ORIENTED_EDGE('',*,*,#9465,.T.);
#9468=ORIENTED_EDGE('',*,*,#9467,.T.);
#9469=EDGE_LOOP('',(#9462,#9464,#9466,#9468));
#9470=FACE_BOUND('',#9469,.F.);
#9472=ORIENTED_EDGE('',*,*,#9471,.T.);
#9474=ORIENTED_EDGE('',*,*,#9473,.T.);
#9476=ORIENTED_EDGE('',*,*,#9475,.T.);
#9478=ORIENTED_EDGE('',*,*,#9477,.T.);
#9479=EDGE_LOOP('',(#9472,#9474,#9476,#9478));
#9480=FACE_BOUND('',#9479,.F.);
#9482=ORIENTED_EDGE('',*,*,#9481,.T.);
#9484=ORIENTED_EDGE('',*,*,#9483,.T.);
#9486=ORIENTED_EDGE('',*,*,#9485,.T.);
#9488=ORIENTED_EDGE('',*,*,#9487,.T.);
#9489=EDGE_LOOP('',(#9482,#9484,#9486,#9488));
#9490=FACE_BOUND('',#9489,.F.);
#9492=ORIENTED_EDGE('',*,*,#9491,.T.);
#9494=ORIENTED_EDGE('',*,*,#9493,.T.);
#9496=ORIENTED_EDGE('',*,*,#9495,.T.);
#9498=ORIENTED_EDGE('',*,*,#9497,.T.);
#9499=EDGE_LOOP('',(#9492,#9494,#9496,#9498));
#9500=FACE_BOUND('',#9499,.F.);
#9501=ADVANCED_FACE('',(#9390,#9400,#9410,#9420,#9430,#9440,#9450,#9460,#9470,
#9480,#9490,#9500),#9381,.F.);
#9502=CARTESIAN_POINT('',(1.3975E1,1.3E0,9.475E0));
#9503=DIRECTION('',(1.E0,0.E0,0.E0));
#9504=DIRECTION('',(0.E0,0.E0,-1.E0));
#9505=AXIS2_PLACEMENT_3D('',#9502,#9503,#9504);
#9506=PLANE('',#9505);
#9508=ORIENTED_EDGE('',*,*,#9507,.T.);
#9510=ORIENTED_EDGE('',*,*,#9509,.F.);
#9511=ORIENTED_EDGE('',*,*,#9383,.T.);
#9512=ORIENTED_EDGE('',*,*,#9282,.F.);
#9513=EDGE_LOOP('',(#9508,#9510,#9511,#9512));
#9514=FACE_OUTER_BOUND('',#9513,.F.);
#9516=ORIENTED_EDGE('',*,*,#9515,.F.);
#9518=ORIENTED_EDGE('',*,*,#9517,.T.);
#9520=ORIENTED_EDGE('',*,*,#9519,.T.);
#9522=ORIENTED_EDGE('',*,*,#9521,.T.);
#9523=EDGE_LOOP('',(#9516,#9518,#9520,#9522));
#9524=FACE_BOUND('',#9523,.F.);
#9525=ADVANCED_FACE('',(#9514,#9524),#9506,.T.);
#9526=CARTESIAN_POINT('',(1.3475E1,1.3E0,1.895E1));
#9527=DIRECTION('',(0.E0,0.E0,1.E0));
#9528=DIRECTION('',(-1.E0,0.E0,0.E0));
#9529=AXIS2_PLACEMENT_3D('',#9526,#9527,#9528);
#9530=PLANE('',#9529);
#9532=ORIENTED_EDGE('',*,*,#9531,.F.);
#9534=ORIENTED_EDGE('',*,*,#9533,.T.);
#9536=ORIENTED_EDGE('',*,*,#9535,.F.);
#9537=ORIENTED_EDGE('',*,*,#9507,.F.);
#9538=ORIENTED_EDGE('',*,*,#9280,.F.);
#9540=ORIENTED_EDGE('',*,*,#9539,.T.);
#9541=EDGE_LOOP('',(#9532,#9534,#9536,#9537,#9538,#9540));
#9542=FACE_OUTER_BOUND('',#9541,.F.);
#9543=ADVANCED_FACE('',(#9542),#9530,.T.);
#9544=CARTESIAN_POINT('',(1.33E1,8.5E-1,2.02E1));
#9545=DIRECTION('',(0.E0,1.E0,0.E0));
#9546=DIRECTION('',(1.E0,0.E0,0.E0));
#9547=AXIS2_PLACEMENT_3D('',#9544,#9545,#9546);
#9548=PLANE('',#9547);
#9549=ORIENTED_EDGE('',*,*,#9531,.T.);
#9551=ORIENTED_EDGE('',*,*,#9550,.T.);
#9553=ORIENTED_EDGE('',*,*,#9552,.T.);
#9555=ORIENTED_EDGE('',*,*,#9554,.T.);
#9556=EDGE_LOOP('',(#9549,#9551,#9553,#9555));
#9557=FACE_OUTER_BOUND('',#9556,.F.);
#9558=ADVANCED_FACE('',(#9557),#9548,.F.);
#9559=CARTESIAN_POINT('',(1.2975E1,4.25E-1,2.02E1));
#9560=DIRECTION('',(1.E0,0.E0,0.E0));
#9561=DIRECTION('',(0.E0,0.E0,1.E0));
#9562=AXIS2_PLACEMENT_3D('',#9559,#9560,#9561);
#9563=PLANE('',#9562);
#9564=ORIENTED_EDGE('',*,*,#9550,.F.);
#9565=ORIENTED_EDGE('',*,*,#9539,.F.);
#9566=ORIENTED_EDGE('',*,*,#9278,.F.);
#9568=ORIENTED_EDGE('',*,*,#9567,.F.);
#9569=EDGE_LOOP('',(#9564,#9565,#9566,#9568));
#9570=FACE_OUTER_BOUND('',#9569,.F.);
#9571=ADVANCED_FACE('',(#9570),#9563,.T.);
#9572=CARTESIAN_POINT('',(1.3475E1,1.3E0,2.145E1));
#9573=DIRECTION('',(0.E0,0.E0,1.E0));
#9574=DIRECTION('',(1.E0,0.E0,0.E0));
#9575=AXIS2_PLACEMENT_3D('',#9572,#9573,#9574);
#9576=PLANE('',#9575);
#9577=ORIENTED_EDGE('',*,*,#9552,.F.);
#9578=ORIENTED_EDGE('',*,*,#9567,.T.);
#9579=ORIENTED_EDGE('',*,*,#9276,.F.);
#9581=ORIENTED_EDGE('',*,*,#9580,.F.);
#9583=ORIENTED_EDGE('',*,*,#9582,.F.);
#9585=ORIENTED_EDGE('',*,*,#9584,.F.);
#9586=EDGE_LOOP('',(#9577,#9578,#9579,#9581,#9583,#9585));
#9587=FACE_OUTER_BOUND('',#9586,.F.);
#9588=ADVANCED_FACE('',(#9587),#9576,.F.);
#9589=CARTESIAN_POINT('',(1.3975E1,1.3E0,2.4225E1));
#9590=DIRECTION('',(1.E0,0.E0,0.E0));
#9591=DIRECTION('',(0.E0,0.E0,-1.E0));
#9592=AXIS2_PLACEMENT_3D('',#9589,#9590,#9591);
#9593=PLANE('',#9592);
#9595=ORIENTED_EDGE('',*,*,#9594,.T.);
#9597=ORIENTED_EDGE('',*,*,#9596,.F.);
#9598=ORIENTED_EDGE('',*,*,#9580,.T.);
#9599=ORIENTED_EDGE('',*,*,#9274,.F.);
#9600=EDGE_LOOP('',(#9595,#9597,#9598,#9599));
#9601=FACE_OUTER_BOUND('',#9600,.F.);
#9603=ORIENTED_EDGE('',*,*,#9602,.T.);
#9605=ORIENTED_EDGE('',*,*,#9604,.F.);
#9607=ORIENTED_EDGE('',*,*,#9606,.T.);
#9609=ORIENTED_EDGE('',*,*,#9608,.F.);
#9610=EDGE_LOOP('',(#9603,#9605,#9607,#9609));
#9611=FACE_BOUND('',#9610,.F.);
#9612=ADVANCED_FACE('',(#9601,#9611),#9593,.T.);
#9613=CARTESIAN_POINT('',(1.41E1,1.3E0,2.7E1));
#9614=DIRECTION('',(0.E0,0.E0,1.E0));
#9615=DIRECTION('',(-1.E0,0.E0,0.E0));
#9616=AXIS2_PLACEMENT_3D('',#9613,#9614,#9615);
#9617=PLANE('',#9616);
#9618=ORIENTED_EDGE('',*,*,#9594,.F.);
#9619=ORIENTED_EDGE('',*,*,#9272,.F.);
#9621=ORIENTED_EDGE('',*,*,#9620,.T.);
#9623=ORIENTED_EDGE('',*,*,#9622,.F.);
#9624=EDGE_LOOP('',(#9618,#9619,#9621,#9623));
#9625=FACE_OUTER_BOUND('',#9624,.F.);
#9626=ADVANCED_FACE('',(#9625),#9617,.F.);
#9627=CARTESIAN_POINT('',(1.4225E1,1.3E0,2.8E1));
#9628=DIRECTION('',(1.E0,0.E0,0.E0));
#9629=DIRECTION('',(0.E0,0.E0,-1.E0));
#9630=AXIS2_PLACEMENT_3D('',#9627,#9628,#9629);
#9631=PLANE('',#9630);
#9633=ORIENTED_EDGE('',*,*,#9632,.F.);
#9634=ORIENTED_EDGE('',*,*,#9620,.F.);
#9635=ORIENTED_EDGE('',*,*,#9270,.F.);
#9637=ORIENTED_EDGE('',*,*,#9636,.F.);
#9638=EDGE_LOOP('',(#9633,#9634,#9635,#9637));
#9639=FACE_OUTER_BOUND('',#9638,.F.);
#9640=ADVANCED_FACE('',(#9639),#9631,.T.);
#9641=CARTESIAN_POINT('',(0.E0,2.6E0,1.45E1));
#9642=DIRECTION('',(0.E0,1.E0,0.E0));
#9643=DIRECTION('',(1.E0,0.E0,0.E0));
#9644=AXIS2_PLACEMENT_3D('',#9641,#9642,#9643);
#9645=PLANE('',#9644);
#9647=ORIENTED_EDGE('',*,*,#9646,.F.);
#9649=ORIENTED_EDGE('',*,*,#9648,.F.);
#9651=ORIENTED_EDGE('',*,*,#9650,.T.);
#9653=ORIENTED_EDGE('',*,*,#9652,.T.);
#9655=ORIENTED_EDGE('',*,*,#9654,.T.);
#9657=ORIENTED_EDGE('',*,*,#9656,.T.);
#9659=ORIENTED_EDGE('',*,*,#9658,.T.);
#9661=ORIENTED_EDGE('',*,*,#9660,.F.);
#9663=ORIENTED_EDGE('',*,*,#9662,.T.);
#9665=ORIENTED_EDGE('',*,*,#9664,.F.);
#9667=ORIENTED_EDGE('',*,*,#9666,.T.);
#9669=ORIENTED_EDGE('',*,*,#9668,.F.);
#9671=ORIENTED_EDGE('',*,*,#9670,.T.);
#9673=ORIENTED_EDGE('',*,*,#9672,.T.);
#9675=ORIENTED_EDGE('',*,*,#9674,.T.);
#9677=ORIENTED_EDGE('',*,*,#9676,.T.);
#9679=ORIENTED_EDGE('',*,*,#9678,.T.);
#9681=ORIENTED_EDGE('',*,*,#9680,.T.);
#9682=ORIENTED_EDGE('',*,*,#9385,.T.);
#9683=ORIENTED_EDGE('',*,*,#9509,.T.);
#9684=ORIENTED_EDGE('',*,*,#9535,.T.);
#9686=ORIENTED_EDGE('',*,*,#9685,.T.);
#9687=ORIENTED_EDGE('',*,*,#9582,.T.);
#9688=ORIENTED_EDGE('',*,*,#9596,.T.);
#9689=ORIENTED_EDGE('',*,*,#9622,.T.);
#9690=ORIENTED_EDGE('',*,*,#9632,.T.);
#9692=ORIENTED_EDGE('',*,*,#9691,.T.);
#9693=EDGE_LOOP('',(#9647,#9649,#9651,#9653,#9655,#9657,#9659,#9661,#9663,#9665,
#9667,#9669,#9671,#9673,#9675,#9677,#9679,#9681,#9682,#9683,#9684,#9686,#9687,
#9688,#9689,#9690,#9692));
#9694=FACE_OUTER_BOUND('',#9693,.F.);
#9695=ADVANCED_FACE('',(#9694),#9645,.T.);
#9696=CARTESIAN_POINT('',(1.185E1,1.725E0,2.875E1));
#9697=DIRECTION('',(-8.944271909999E-1,0.E0,4.472135955E-1));
#9698=DIRECTION('',(-4.472135955E-1,0.E0,-8.944271909999E-1));
#9699=AXIS2_PLACEMENT_3D('',#9696,#9697,#9698);
#9700=PLANE('',#9699);
#9702=ORIENTED_EDGE('',*,*,#9701,.F.);
#9703=ORIENTED_EDGE('',*,*,#9646,.T.);
#9705=ORIENTED_EDGE('',*,*,#9704,.T.);
#9707=ORIENTED_EDGE('',*,*,#9706,.T.);
#9708=EDGE_LOOP('',(#9702,#9703,#9705,#9707));
#9709=FACE_OUTER_BOUND('',#9708,.F.);
#9710=ADVANCED_FACE('',(#9709),#9700,.T.);
#9711=CARTESIAN_POINT('',(1.1725E1,1.725E0,2.655E1));
#9712=DIRECTION('',(1.E0,0.E0,0.E0));
#9713=DIRECTION('',(0.E0,1.E0,0.E0));
#9714=AXIS2_PLACEMENT_3D('',#9711,#9712,#9713);
#9715=PLANE('',#9714);
#9716=ORIENTED_EDGE('',*,*,#9701,.T.);
#9718=ORIENTED_EDGE('',*,*,#9717,.T.);
#9720=ORIENTED_EDGE('',*,*,#9719,.F.);
#9721=ORIENTED_EDGE('',*,*,#9648,.T.);
#9722=EDGE_LOOP('',(#9716,#9718,#9720,#9721));
#9723=FACE_OUTER_BOUND('',#9722,.F.);
#9724=ADVANCED_FACE('',(#9723),#9715,.F.);
#9725=CARTESIAN_POINT('',(1.23E1,8.5E-1,1.625E1));
#9726=DIRECTION('',(0.E0,1.E0,0.E0));
#9727=DIRECTION('',(1.E0,0.E0,0.E0));
#9728=AXIS2_PLACEMENT_3D('',#9725,#9726,#9727);
#9729=PLANE('',#9728);
#9730=ORIENTED_EDGE('',*,*,#9717,.F.);
#9731=ORIENTED_EDGE('',*,*,#9706,.F.);
#9733=ORIENTED_EDGE('',*,*,#9732,.T.);
#9735=ORIENTED_EDGE('',*,*,#9734,.F.);
#9737=ORIENTED_EDGE('',*,*,#9736,.T.);
#9739=ORIENTED_EDGE('',*,*,#9738,.T.);
#9741=ORIENTED_EDGE('',*,*,#9740,.T.);
#9743=ORIENTED_EDGE('',*,*,#9742,.T.);
#9745=ORIENTED_EDGE('',*,*,#9744,.T.);
#9746=EDGE_LOOP('',(#9730,#9731,#9733,#9735,#9737,#9739,#9741,#9743,#9745));
#9747=FACE_OUTER_BOUND('',#9746,.F.);
#9748=ADVANCED_FACE('',(#9747),#9729,.T.);
#9749=CARTESIAN_POINT('',(1.26E1,1.3E0,2.9E1));
#9750=DIRECTION('',(0.E0,0.E0,1.E0));
#9751=DIRECTION('',(1.E0,0.E0,0.E0));
#9752=AXIS2_PLACEMENT_3D('',#9749,#9750,#9751);
#9753=PLANE('',#9752);
#9754=ORIENTED_EDGE('',*,*,#9704,.F.);
#9755=ORIENTED_EDGE('',*,*,#9691,.F.);
#9756=ORIENTED_EDGE('',*,*,#9636,.T.);
#9757=ORIENTED_EDGE('',*,*,#9268,.F.);
#9759=ORIENTED_EDGE('',*,*,#9758,.F.);
#9760=ORIENTED_EDGE('',*,*,#9732,.F.);
#9761=EDGE_LOOP('',(#9754,#9755,#9756,#9757,#9759,#9760));
#9762=FACE_OUTER_BOUND('',#9761,.F.);
#9763=ADVANCED_FACE('',(#9762),#9753,.T.);
#9764=CARTESIAN_POINT('',(1.26E1,1.3E0,2.9E1));
#9765=DIRECTION('',(0.E0,0.E0,1.E0));
#9766=DIRECTION('',(1.E0,0.E0,0.E0));
#9767=AXIS2_PLACEMENT_3D('',#9764,#9765,#9766);
#9768=PLANE('',#9767);
#9770=ORIENTED_EDGE('',*,*,#9769,.F.);
#9772=ORIENTED_EDGE('',*,*,#9771,.F.);
#9774=ORIENTED_EDGE('',*,*,#9773,.F.);
#9775=ORIENTED_EDGE('',*,*,#9240,.F.);
#9777=ORIENTED_EDGE('',*,*,#9776,.T.);
#9778=ORIENTED_EDGE('',*,*,#9666,.F.);
#9779=EDGE_LOOP('',(#9770,#9772,#9774,#9775,#9777,#9778));
#9780=FACE_OUTER_BOUND('',#9779,.F.);
#9781=ADVANCED_FACE('',(#9780),#9768,.T.);
#9782=CARTESIAN_POINT('',(1.0975E1,4.25E-1,1.565E1));
#9783=DIRECTION('',(1.E0,0.E0,0.E0));
#9784=DIRECTION('',(0.E0,0.E0,-1.E0));
#9785=AXIS2_PLACEMENT_3D('',#9782,#9783,#9784);
#9786=PLANE('',#9785);
#9787=ORIENTED_EDGE('',*,*,#9734,.T.);
#9788=ORIENTED_EDGE('',*,*,#9758,.T.);
#9789=ORIENTED_EDGE('',*,*,#9266,.F.);
#9791=ORIENTED_EDGE('',*,*,#9790,.F.);
#9793=ORIENTED_EDGE('',*,*,#9792,.T.);
#9795=ORIENTED_EDGE('',*,*,#9794,.F.);
#9797=ORIENTED_EDGE('',*,*,#9796,.F.);
#9798=EDGE_LOOP('',(#9787,#9788,#9789,#9791,#9793,#9795,#9797));
#9799=FACE_OUTER_BOUND('',#9798,.F.);
#9800=ADVANCED_FACE('',(#9799),#9786,.F.);
#9801=CARTESIAN_POINT('',(1.0475E1,-1.200048001920E-2,2.088951808247E1));
#9802=DIRECTION('',(0.E0,1.E0,0.E0));
#9803=DIRECTION('',(1.E0,0.E0,0.E0));
#9804=AXIS2_PLACEMENT_3D('',#9801,#9802,#9803);
#9805=CYLINDRICAL_SURFACE('',#9804,5.E-1);
#9806=ORIENTED_EDGE('',*,*,#9790,.T.);
#9807=ORIENTED_EDGE('',*,*,#9264,.F.);
#9809=ORIENTED_EDGE('',*,*,#9808,.T.);
#9811=ORIENTED_EDGE('',*,*,#9810,.F.);
#9812=EDGE_LOOP('',(#9806,#9807,#9809,#9811));
#9813=FACE_OUTER_BOUND('',#9812,.F.);
#9814=ADVANCED_FACE('',(#9813),#9805,.F.);
#9815=CARTESIAN_POINT('',(9.975E0,1.25E-1,2.038951808247E1));
#9816=DIRECTION('',(0.E0,0.E0,1.E0));
#9817=DIRECTION('',(1.E0,0.E0,0.E0));
#9818=AXIS2_PLACEMENT_3D('',#9815,#9816,#9817);
#9819=PLANE('',#9818);
#9821=ORIENTED_EDGE('',*,*,#9820,.F.);
#9823=ORIENTED_EDGE('',*,*,#9822,.F.);
#9824=ORIENTED_EDGE('',*,*,#9808,.F.);
#9825=ORIENTED_EDGE('',*,*,#9262,.F.);
#9826=EDGE_LOOP('',(#9821,#9823,#9824,#9825));
#9827=FACE_OUTER_BOUND('',#9826,.F.);
#9828=ADVANCED_FACE('',(#9827),#9819,.T.);
#9829=CARTESIAN_POINT('',(9.475E0,2.620004800192E-1,1.988951808247E1));
#9830=DIRECTION('',(0.E0,-1.E0,0.E0));
#9831=DIRECTION('',(0.E0,0.E0,1.E0));
#9832=AXIS2_PLACEMENT_3D('',#9829,#9830,#9831);
#9833=CYLINDRICAL_SURFACE('',#9832,5.E-1);
#9834=ORIENTED_EDGE('',*,*,#9260,.F.);
#9836=ORIENTED_EDGE('',*,*,#9835,.T.);
#9838=ORIENTED_EDGE('',*,*,#9837,.F.);
#9839=ORIENTED_EDGE('',*,*,#9820,.T.);
#9840=EDGE_LOOP('',(#9834,#9836,#9838,#9839));
#9841=FACE_OUTER_BOUND('',#9840,.F.);
#9842=ADVANCED_FACE('',(#9841),#9833,.T.);
#9843=CARTESIAN_POINT('',(8.975E0,1.25E-1,1.803525109918E1));
#9844=DIRECTION('',(1.E0,0.E0,0.E0));
#9845=DIRECTION('',(0.E0,0.E0,1.E0));
#9846=AXIS2_PLACEMENT_3D('',#9843,#9844,#9845);
#9847=PLANE('',#9846);
#9848=ORIENTED_EDGE('',*,*,#9835,.F.);
#9849=ORIENTED_EDGE('',*,*,#9258,.F.);
#9851=ORIENTED_EDGE('',*,*,#9850,.F.);
#9853=ORIENTED_EDGE('',*,*,#9852,.F.);
#9854=EDGE_LOOP('',(#9848,#9849,#9851,#9853));
#9855=FACE_OUTER_BOUND('',#9854,.F.);
#9856=ADVANCED_FACE('',(#9855),#9847,.F.);
#9857=CARTESIAN_POINT('',(5.975E0,2.620004800192E-1,1.618098411588E1));
#9858=DIRECTION('',(0.E0,-1.E0,0.E0));
#9859=DIRECTION('',(4.233333333336E-1,0.E0,-9.059740001174E-1));
#9860=AXIS2_PLACEMENT_3D('',#9857,#9858,#9859);
#9861=CYLINDRICAL_SURFACE('',#9860,2.999999999998E0);
#9863=ORIENTED_EDGE('',*,*,#9862,.F.);
#9865=ORIENTED_EDGE('',*,*,#9864,.F.);
#9866=ORIENTED_EDGE('',*,*,#9850,.T.);
#9867=ORIENTED_EDGE('',*,*,#9256,.F.);
#9868=EDGE_LOOP('',(#9863,#9865,#9866,#9867));
#9869=FACE_OUTER_BOUND('',#9868,.F.);
#9870=ADVANCED_FACE('',(#9869),#9861,.F.);
#9871=CARTESIAN_POINT('',(-3.75E-1,-1.200048001920E-2,2.977059411765E1));
#9872=DIRECTION('',(0.E0,1.E0,0.E0));
#9873=DIRECTION('',(1.E0,0.E0,0.E0));
#9874=AXIS2_PLACEMENT_3D('',#9871,#9872,#9873);
#9875=CYLINDRICAL_SURFACE('',#9874,1.8E1);
#9877=ORIENTED_EDGE('',*,*,#9876,.F.);
#9879=ORIENTED_EDGE('',*,*,#9878,.F.);
#9880=ORIENTED_EDGE('',*,*,#9862,.T.);
#9881=ORIENTED_EDGE('',*,*,#9254,.F.);
#9882=EDGE_LOOP('',(#9877,#9879,#9880,#9881));
#9883=FACE_OUTER_BOUND('',#9882,.F.);
#9884=ADVANCED_FACE('',(#9883),#9875,.F.);
#9885=CARTESIAN_POINT('',(-6.725E0,-1.200048001920E-2,1.618098411588E1));
#9886=DIRECTION('',(0.E0,1.E0,0.E0));
#9887=DIRECTION('',(-4.233333333336E-1,0.E0,-9.059740001174E-1));
#9888=AXIS2_PLACEMENT_3D('',#9885,#9886,#9887);
#9889=CYLINDRICAL_SURFACE('',#9888,2.999999999998E0);
#9890=ORIENTED_EDGE('',*,*,#9876,.T.);
#9891=ORIENTED_EDGE('',*,*,#9252,.F.);
#9893=ORIENTED_EDGE('',*,*,#9892,.T.);
#9895=ORIENTED_EDGE('',*,*,#9894,.F.);
#9896=EDGE_LOOP('',(#9890,#9891,#9893,#9895));
#9897=FACE_OUTER_BOUND('',#9896,.F.);
#9898=ADVANCED_FACE('',(#9897),#9889,.F.);
#9899=CARTESIAN_POINT('',(-9.725E0,1.25E-1,1.804049205794E1));
#9900=DIRECTION('',(1.E0,0.E0,0.E0));
#9901=DIRECTION('',(0.E0,0.E0,-1.E0));
#9902=AXIS2_PLACEMENT_3D('',#9899,#9900,#9901);
#9903=PLANE('',#9902);
#9905=ORIENTED_EDGE('',*,*,#9904,.F.);
#9907=ORIENTED_EDGE('',*,*,#9906,.F.);
#9908=ORIENTED_EDGE('',*,*,#9892,.F.);
#9909=ORIENTED_EDGE('',*,*,#9250,.F.);
#9910=EDGE_LOOP('',(#9905,#9907,#9908,#9909));
#9911=FACE_OUTER_BOUND('',#9910,.F.);
#9912=ADVANCED_FACE('',(#9911),#9903,.T.);
#9913=CARTESIAN_POINT('',(-1.0225E1,2.620004800192E-1,1.99E1));
#9914=DIRECTION('',(0.E0,-1.E0,0.E0));
#9915=DIRECTION('',(1.E0,0.E0,0.E0));
#9916=AXIS2_PLACEMENT_3D('',#9913,#9914,#9915);
#9917=CYLINDRICAL_SURFACE('',#9916,5.E-1);
#9918=ORIENTED_EDGE('',*,*,#9248,.F.);
#9920=ORIENTED_EDGE('',*,*,#9919,.T.);
#9922=ORIENTED_EDGE('',*,*,#9921,.F.);
#9923=ORIENTED_EDGE('',*,*,#9904,.T.);
#9924=EDGE_LOOP('',(#9918,#9920,#9922,#9923));
#9925=FACE_OUTER_BOUND('',#9924,.F.);
#9926=ADVANCED_FACE('',(#9925),#9917,.T.);
#9927=CARTESIAN_POINT('',(-1.0725E1,1.25E-1,2.04E1));
#9928=DIRECTION('',(0.E0,0.E0,1.E0));
#9929=DIRECTION('',(1.E0,0.E0,0.E0));
#9930=AXIS2_PLACEMENT_3D('',#9927,#9928,#9929);
#9931=PLANE('',#9930);
#9932=ORIENTED_EDGE('',*,*,#9919,.F.);
#9933=ORIENTED_EDGE('',*,*,#9246,.F.);
#9935=ORIENTED_EDGE('',*,*,#9934,.F.);
#9937=ORIENTED_EDGE('',*,*,#9936,.F.);
#9938=EDGE_LOOP('',(#9932,#9933,#9935,#9937));
#9939=FACE_OUTER_BOUND('',#9938,.F.);
#9940=ADVANCED_FACE('',(#9939),#9931,.T.);
#9941=CARTESIAN_POINT('',(-1.1225E1,2.620004800192E-1,2.09E1));
#9942=DIRECTION('',(0.E0,-1.E0,0.E0));
#9943=DIRECTION('',(-1.E0,0.E0,0.E0));
#9944=AXIS2_PLACEMENT_3D('',#9941,#9942,#9943);
#9945=CYLINDRICAL_SURFACE('',#9944,5.E-1);
#9947=ORIENTED_EDGE('',*,*,#9946,.T.);
#9949=ORIENTED_EDGE('',*,*,#9948,.F.);
#9950=ORIENTED_EDGE('',*,*,#9934,.T.);
#9951=ORIENTED_EDGE('',*,*,#9244,.F.);
#9952=EDGE_LOOP('',(#9947,#9949,#9950,#9951));
#9953=FACE_OUTER_BOUND('',#9952,.F.);
#9954=ADVANCED_FACE('',(#9953),#9945,.F.);
#9955=CARTESIAN_POINT('',(-1.1725E1,4.25E-1,1.565E1));
#9956=DIRECTION('',(1.E0,0.E0,0.E0));
#9957=DIRECTION('',(0.E0,0.E0,1.E0));
#9958=AXIS2_PLACEMENT_3D('',#9955,#9956,#9957);
#9959=PLANE('',#9958);
#9960=ORIENTED_EDGE('',*,*,#9773,.T.);
#9962=ORIENTED_EDGE('',*,*,#9961,.F.);
#9964=ORIENTED_EDGE('',*,*,#9963,.F.);
#9966=ORIENTED_EDGE('',*,*,#9965,.T.);
#9967=ORIENTED_EDGE('',*,*,#9946,.F.);
#9968=ORIENTED_EDGE('',*,*,#9242,.F.);
#9969=EDGE_LOOP('',(#9960,#9962,#9964,#9966,#9967,#9968));
#9970=FACE_OUTER_BOUND('',#9969,.F.);
#9971=ADVANCED_FACE('',(#9970),#9959,.T.);
#9972=CARTESIAN_POINT('',(-1.21E1,8.5E-1,1.465E1));
#9973=DIRECTION('',(0.E0,1.E0,0.E0));
#9974=DIRECTION('',(1.E0,0.E0,0.E0));
#9975=AXIS2_PLACEMENT_3D('',#9972,#9973,#9974);
#9976=PLANE('',#9975);
#9977=ORIENTED_EDGE('',*,*,#9771,.T.);
#9979=ORIENTED_EDGE('',*,*,#9978,.F.);
#9981=ORIENTED_EDGE('',*,*,#9980,.T.);
#9983=ORIENTED_EDGE('',*,*,#9982,.T.);
#9984=ORIENTED_EDGE('',*,*,#9961,.T.);
#9985=EDGE_LOOP('',(#9977,#9979,#9981,#9983,#9984));
#9986=FACE_OUTER_BOUND('',#9985,.F.);
#9987=ADVANCED_FACE('',(#9986),#9976,.T.);
#9988=CARTESIAN_POINT('',(-1.26E1,1.725E0,2.875E1));
#9989=DIRECTION('',(8.944271909999E-1,0.E0,4.472135955E-1));
#9990=DIRECTION('',(4.472135955E-1,0.E0,-8.944271909999E-1));
#9991=AXIS2_PLACEMENT_3D('',#9988,#9989,#9990);
#9992=PLANE('',#9991);
#9993=ORIENTED_EDGE('',*,*,#9664,.T.);
#9995=ORIENTED_EDGE('',*,*,#9994,.F.);
#9996=ORIENTED_EDGE('',*,*,#9978,.T.);
#9997=ORIENTED_EDGE('',*,*,#9769,.T.);
#9998=EDGE_LOOP('',(#9993,#9995,#9996,#9997));
#9999=FACE_OUTER_BOUND('',#9998,.F.);
#10000=ADVANCED_FACE('',(#9999),#9992,.T.);
#10001=CARTESIAN_POINT('',(-1.2475E1,1.725E0,1.465E1));
#10002=DIRECTION('',(1.E0,0.E0,0.E0));
#10003=DIRECTION('',(0.E0,-1.E0,0.E0));
#10004=AXIS2_PLACEMENT_3D('',#10001,#10002,#10003);
#10005=PLANE('',#10004);
#10006=ORIENTED_EDGE('',*,*,#9994,.T.);
#10007=ORIENTED_EDGE('',*,*,#9662,.F.);
#10009=ORIENTED_EDGE('',*,*,#10008,.F.);
#10010=ORIENTED_EDGE('',*,*,#9980,.F.);
#10011=EDGE_LOOP('',(#10006,#10007,#10009,#10010));
#10012=FACE_OUTER_BOUND('',#10011,.F.);
#10014=ORIENTED_EDGE('',*,*,#10013,.T.);
#10016=ORIENTED_EDGE('',*,*,#10015,.F.);
#10018=ORIENTED_EDGE('',*,*,#10017,.T.);
#10020=ORIENTED_EDGE('',*,*,#10019,.F.);
#10021=EDGE_LOOP('',(#10014,#10016,#10018,#10020));
#10022=FACE_BOUND('',#10021,.F.);
#10024=ORIENTED_EDGE('',*,*,#10023,.T.);
#10026=ORIENTED_EDGE('',*,*,#10025,.T.);
#10028=ORIENTED_EDGE('',*,*,#10027,.T.);
#10030=ORIENTED_EDGE('',*,*,#10029,.T.);
#10031=EDGE_LOOP('',(#10024,#10026,#10028,#10030));
#10032=FACE_BOUND('',#10031,.F.);
#10033=ADVANCED_FACE('',(#10012,#10022,#10032),#10005,.T.);
#10034=CARTESIAN_POINT('',(-1.220776450036E1,1.75E0,1.293963312814E1));
#10035=DIRECTION('',(0.E0,1.E0,0.E0));
#10036=DIRECTION('',(1.E0,0.E0,0.E0));
#10037=AXIS2_PLACEMENT_3D('',#10034,#10035,#10036);
#10038=PLANE('',#10037);
#10039=ORIENTED_EDGE('',*,*,#10013,.F.);
#10041=ORIENTED_EDGE('',*,*,#10040,.T.);
#10043=ORIENTED_EDGE('',*,*,#10042,.T.);
#10045=ORIENTED_EDGE('',*,*,#10044,.T.);
#10046=ORIENTED_EDGE('',*,*,#10023,.F.);
#10048=ORIENTED_EDGE('',*,*,#10047,.T.);
#10050=ORIENTED_EDGE('',*,*,#10049,.T.);
#10052=ORIENTED_EDGE('',*,*,#10051,.T.);
#10053=EDGE_LOOP('',(#10039,#10041,#10043,#10045,#10046,#10048,#10050,#10052));
#10054=FACE_OUTER_BOUND('',#10053,.F.);
#10055=ADVANCED_FACE('',(#10054),#10038,.T.);
#10056=CARTESIAN_POINT('',(-1.309052900072E1,1.137999519981E0,
1.294987964916E1));
#10057=DIRECTION('',(0.E0,1.E0,0.E0));
#10058=DIRECTION('',(1.E0,0.E0,0.E0));
#10059=AXIS2_PLACEMENT_3D('',#10056,#10057,#10058);
#10060=CYLINDRICAL_SURFACE('',#10059,1.E0);
#10061=ORIENTED_EDGE('',*,*,#10019,.T.);
#10063=ORIENTED_EDGE('',*,*,#10062,.F.);
#10065=ORIENTED_EDGE('',*,*,#10064,.F.);
#10067=ORIENTED_EDGE('',*,*,#10066,.T.);
#10068=ORIENTED_EDGE('',*,*,#10042,.F.);
#10069=ORIENTED_EDGE('',*,*,#10040,.F.);
#10070=EDGE_LOOP('',(#10061,#10063,#10065,#10067,#10068,#10069));
#10071=FACE_OUTER_BOUND('',#10070,.F.);
#10072=ADVANCED_FACE('',(#10071),#10060,.F.);
#10073=CARTESIAN_POINT('',(-1.220776450036E1,1.15E0,1.293963312814E1));
#10074=DIRECTION('',(0.E0,1.E0,0.E0));
#10075=DIRECTION('',(1.E0,0.E0,0.E0));
#10076=AXIS2_PLACEMENT_3D('',#10073,#10074,#10075);
#10077=PLANE('',#10076);
#10078=ORIENTED_EDGE('',*,*,#10017,.F.);
#10080=ORIENTED_EDGE('',*,*,#10079,.T.);
#10082=ORIENTED_EDGE('',*,*,#10081,.T.);
#10084=ORIENTED_EDGE('',*,*,#10083,.T.);
#10085=ORIENTED_EDGE('',*,*,#10027,.F.);
#10087=ORIENTED_EDGE('',*,*,#10086,.T.);
#10088=ORIENTED_EDGE('',*,*,#10064,.T.);
#10089=ORIENTED_EDGE('',*,*,#10062,.T.);
#10090=EDGE_LOOP('',(#10078,#10080,#10082,#10084,#10085,#10087,#10088,#10089));
#10091=FACE_OUTER_BOUND('',#10090,.F.);
#10092=ADVANCED_FACE('',(#10091),#10077,.F.);
#10093=CARTESIAN_POINT('',(-1.309052900072E1,1.137999519981E0,
1.294987964916E1));
#10094=DIRECTION('',(0.E0,1.E0,0.E0));
#10095=DIRECTION('',(1.E0,0.E0,0.E0));
#10096=AXIS2_PLACEMENT_3D('',#10093,#10094,#10095);
#10097=CYLINDRICAL_SURFACE('',#10096,1.15E0);
#10098=ORIENTED_EDGE('',*,*,#10015,.T.);
#10099=ORIENTED_EDGE('',*,*,#10051,.F.);
#10100=ORIENTED_EDGE('',*,*,#10049,.F.);
#10102=ORIENTED_EDGE('',*,*,#10101,.T.);
#10103=ORIENTED_EDGE('',*,*,#10081,.F.);
#10104=ORIENTED_EDGE('',*,*,#10079,.F.);
#10105=EDGE_LOOP('',(#10098,#10099,#10100,#10102,#10103,#10104));
#10106=FACE_OUTER_BOUND('',#10105,.F.);
#10107=ADVANCED_FACE('',(#10106),#10097,.T.);
#10108=CARTESIAN_POINT('',(-1.240013682033E1,1.45E0,1.202472175394E1));
#10109=DIRECTION('',(-6.654394435308E-1,0.E0,7.464518383616E-1));
#10110=DIRECTION('',(-7.464518383616E-1,0.E0,-6.654394435308E-1));
#10111=AXIS2_PLACEMENT_3D('',#10108,#10109,#10110);
#10112=PLANE('',#10111);
#10113=ORIENTED_EDGE('',*,*,#10029,.F.);
#10114=ORIENTED_EDGE('',*,*,#10083,.F.);
#10115=ORIENTED_EDGE('',*,*,#10101,.F.);
#10116=ORIENTED_EDGE('',*,*,#10047,.F.);
#10117=EDGE_LOOP('',(#10113,#10114,#10115,#10116));
#10118=FACE_OUTER_BOUND('',#10117,.F.);
#10119=ADVANCED_FACE('',(#10118),#10112,.F.);
#10120=CARTESIAN_POINT('',(-1.245004477859E1,1.45E0,1.218118097880E1));
#10121=DIRECTION('',(-6.654394435279E-1,0.E0,7.464518383642E-1));
#10122=DIRECTION('',(7.464518383642E-1,0.E0,6.654394435279E-1));
#10123=AXIS2_PLACEMENT_3D('',#10120,#10121,#10122);
#10124=PLANE('',#10123);
#10125=ORIENTED_EDGE('',*,*,#10025,.F.);
#10126=ORIENTED_EDGE('',*,*,#10044,.F.);
#10127=ORIENTED_EDGE('',*,*,#10066,.F.);
#10128=ORIENTED_EDGE('',*,*,#10086,.F.);
#10129=EDGE_LOOP('',(#10125,#10126,#10127,#10128));
#10130=FACE_OUTER_BOUND('',#10129,.F.);
#10131=ADVANCED_FACE('',(#10130),#10124,.T.);
#10132=CARTESIAN_POINT('',(-2.125E0,1.425E0,2.3E0));
#10133=DIRECTION('',(0.E0,0.E0,1.E0));
#10134=DIRECTION('',(1.E0,0.E0,0.E0));
#10135=AXIS2_PLACEMENT_3D('',#10132,#10133,#10134);
#10136=PLANE('',#10135);
#10138=ORIENTED_EDGE('',*,*,#10137,.F.);
#10140=ORIENTED_EDGE('',*,*,#10139,.T.);
#10142=ORIENTED_EDGE('',*,*,#10141,.F.);
#10143=ORIENTED_EDGE('',*,*,#9963,.T.);
#10144=ORIENTED_EDGE('',*,*,#9982,.F.);
#10145=ORIENTED_EDGE('',*,*,#10008,.T.);
#10146=ORIENTED_EDGE('',*,*,#9660,.T.);
#10148=ORIENTED_EDGE('',*,*,#10147,.T.);
#10150=ORIENTED_EDGE('',*,*,#10149,.T.);
#10152=ORIENTED_EDGE('',*,*,#10151,.T.);
#10154=ORIENTED_EDGE('',*,*,#10153,.T.);
#10156=ORIENTED_EDGE('',*,*,#10155,.T.);
#10158=ORIENTED_EDGE('',*,*,#10157,.F.);
#10160=ORIENTED_EDGE('',*,*,#10159,.T.);
#10162=ORIENTED_EDGE('',*,*,#10161,.T.);
#10164=ORIENTED_EDGE('',*,*,#10163,.F.);
#10166=ORIENTED_EDGE('',*,*,#10165,.F.);
#10168=ORIENTED_EDGE('',*,*,#10167,.F.);
#10170=ORIENTED_EDGE('',*,*,#10169,.T.);
#10172=ORIENTED_EDGE('',*,*,#10171,.T.);
#10174=ORIENTED_EDGE('',*,*,#10173,.F.);
#10176=ORIENTED_EDGE('',*,*,#10175,.T.);
#10178=ORIENTED_EDGE('',*,*,#10177,.F.);
#10180=ORIENTED_EDGE('',*,*,#10179,.T.);
#10182=ORIENTED_EDGE('',*,*,#10181,.F.);
#10184=ORIENTED_EDGE('',*,*,#10183,.T.);
#10186=ORIENTED_EDGE('',*,*,#10185,.T.);
#10188=ORIENTED_EDGE('',*,*,#10187,.T.);
#10190=ORIENTED_EDGE('',*,*,#10189,.F.);
#10192=ORIENTED_EDGE('',*,*,#10191,.T.);
#10194=ORIENTED_EDGE('',*,*,#10193,.T.);
#10196=ORIENTED_EDGE('',*,*,#10195,.T.);
#10198=ORIENTED_EDGE('',*,*,#10197,.F.);
#10200=ORIENTED_EDGE('',*,*,#10199,.T.);
#10202=ORIENTED_EDGE('',*,*,#10201,.T.);
#10204=ORIENTED_EDGE('',*,*,#10203,.T.);
#10206=ORIENTED_EDGE('',*,*,#10205,.F.);
#10208=ORIENTED_EDGE('',*,*,#10207,.T.);
#10210=ORIENTED_EDGE('',*,*,#10209,.T.);
#10212=ORIENTED_EDGE('',*,*,#10211,.T.);
#10213=EDGE_LOOP('',(#10138,#10140,#10142,#10143,#10144,#10145,#10146,#10148,
#10150,#10152,#10154,#10156,#10158,#10160,#10162,#10164,#10166,#10168,#10170,
#10172,#10174,#10176,#10178,#10180,#10182,#10184,#10186,#10188,#10190,#10192,
#10194,#10196,#10198,#10200,#10202,#10204,#10206,#10208,#10210,#10212));
#10214=FACE_OUTER_BOUND('',#10213,.F.);
#10215=ADVANCED_FACE('',(#10214),#10136,.T.);
#10216=CARTESIAN_POINT('',(-9.305E0,8.5E-1,5.15E0));
#10217=DIRECTION('',(0.E0,1.E0,0.E0));
#10218=DIRECTION('',(1.E0,0.E0,0.E0));
#10219=AXIS2_PLACEMENT_3D('',#10216,#10217,#10218);
#10220=PLANE('',#10219);
#10222=ORIENTED_EDGE('',*,*,#10221,.T.);
#10224=ORIENTED_EDGE('',*,*,#10223,.T.);
#10226=ORIENTED_EDGE('',*,*,#10225,.T.);
#10228=ORIENTED_EDGE('',*,*,#10227,.T.);
#10230=ORIENTED_EDGE('',*,*,#10229,.T.);
#10231=ORIENTED_EDGE('',*,*,#10137,.T.);
#10233=ORIENTED_EDGE('',*,*,#10232,.T.);
#10235=ORIENTED_EDGE('',*,*,#10234,.T.);
#10236=EDGE_LOOP('',(#10222,#10224,#10226,#10228,#10230,#10231,#10233,#10235));
#10237=FACE_OUTER_BOUND('',#10236,.F.);
#10239=ORIENTED_EDGE('',*,*,#10238,.T.);
#10241=ORIENTED_EDGE('',*,*,#10240,.T.);
#10243=ORIENTED_EDGE('',*,*,#10242,.T.);
#10245=ORIENTED_EDGE('',*,*,#10244,.T.);
#10246=EDGE_LOOP('',(#10239,#10241,#10243,#10245));
#10247=FACE_BOUND('',#10246,.F.);
#10248=ADVANCED_FACE('',(#10237,#10247),#10220,.T.);
#10249=CARTESIAN_POINT('',(-8.905E0,4.25E-1,5.6E0));
#10250=DIRECTION('',(1.E0,0.E0,0.E0));
#10251=DIRECTION('',(0.E0,0.E0,1.E0));
#10252=AXIS2_PLACEMENT_3D('',#10249,#10250,#10251);
#10253=PLANE('',#10252);
#10254=ORIENTED_EDGE('',*,*,#9356,.F.);
#10256=ORIENTED_EDGE('',*,*,#10255,.T.);
#10257=ORIENTED_EDGE('',*,*,#10238,.F.);
#10259=ORIENTED_EDGE('',*,*,#10258,.T.);
#10260=EDGE_LOOP('',(#10254,#10256,#10257,#10259));
#10261=FACE_OUTER_BOUND('',#10260,.F.);
#10262=ADVANCED_FACE('',(#10261),#10253,.T.);
#10263=CARTESIAN_POINT('',(-8.455E0,4.25E-1,7.7E0));
#10264=DIRECTION('',(0.E0,0.E0,1.E0));
#10265=DIRECTION('',(1.E0,0.E0,0.E0));
#10266=AXIS2_PLACEMENT_3D('',#10263,#10264,#10265);
#10267=PLANE('',#10266);
#10268=ORIENTED_EDGE('',*,*,#9362,.F.);
#10270=ORIENTED_EDGE('',*,*,#10269,.T.);
#10271=ORIENTED_EDGE('',*,*,#10240,.F.);
#10272=ORIENTED_EDGE('',*,*,#10255,.F.);
#10273=EDGE_LOOP('',(#10268,#10270,#10271,#10272));
#10274=FACE_OUTER_BOUND('',#10273,.F.);
#10275=ADVANCED_FACE('',(#10274),#10267,.F.);
#10276=CARTESIAN_POINT('',(-8.005E0,4.25E-1,5.6E0));
#10277=DIRECTION('',(1.E0,0.E0,0.E0));
#10278=DIRECTION('',(0.E0,0.E0,-1.E0));
#10279=AXIS2_PLACEMENT_3D('',#10276,#10277,#10278);
#10280=PLANE('',#10279);
#10281=ORIENTED_EDGE('',*,*,#9360,.F.);
#10283=ORIENTED_EDGE('',*,*,#10282,.T.);
#10284=ORIENTED_EDGE('',*,*,#10242,.F.);
#10285=ORIENTED_EDGE('',*,*,#10269,.F.);
#10286=EDGE_LOOP('',(#10281,#10283,#10284,#10285));
#10287=FACE_OUTER_BOUND('',#10286,.F.);
#10288=ADVANCED_FACE('',(#10287),#10280,.F.);
#10289=CARTESIAN_POINT('',(-8.455E0,4.25E-1,3.5E0));
#10290=DIRECTION('',(0.E0,0.E0,1.E0));
#10291=DIRECTION('',(-1.E0,0.E0,0.E0));
#10292=AXIS2_PLACEMENT_3D('',#10289,#10290,#10291);
#10293=PLANE('',#10292);
#10294=ORIENTED_EDGE('',*,*,#9358,.F.);
#10295=ORIENTED_EDGE('',*,*,#10258,.F.);
#10296=ORIENTED_EDGE('',*,*,#10244,.F.);
#10297=ORIENTED_EDGE('',*,*,#10282,.F.);
#10298=EDGE_LOOP('',(#10294,#10295,#10296,#10297));
#10299=FACE_OUTER_BOUND('',#10298,.F.);
#10301=ORIENTED_EDGE('',*,*,#10300,.T.);
#10303=ORIENTED_EDGE('',*,*,#10302,.F.);
#10305=ORIENTED_EDGE('',*,*,#10304,.T.);
#10307=ORIENTED_EDGE('',*,*,#10306,.F.);
#10308=EDGE_LOOP('',(#10301,#10303,#10305,#10307));
#10309=FACE_BOUND('',#10308,.F.);
#10310=ADVANCED_FACE('',(#10299,#10309),#10293,.T.);
#10311=CARTESIAN_POINT('',(-8.805E0,9.020053460652E-1,5.475124545593E0));
#10312=DIRECTION('',(1.E0,0.E0,0.E0));
#10313=DIRECTION('',(0.E0,0.E0,-1.E0));
#10314=AXIS2_PLACEMENT_3D('',#10311,#10312,#10313);
#10315=PLANE('',#10314);
#10316=ORIENTED_EDGE('',*,*,#10300,.F.);
#10318=ORIENTED_EDGE('',*,*,#10317,.T.);
#10320=ORIENTED_EDGE('',*,*,#10319,.T.);
#10322=ORIENTED_EDGE('',*,*,#10321,.T.);
#10324=ORIENTED_EDGE('',*,*,#10323,.T.);
#10326=ORIENTED_EDGE('',*,*,#10325,.T.);
#10328=ORIENTED_EDGE('',*,*,#10327,.T.);
#10330=ORIENTED_EDGE('',*,*,#10329,.T.);
#10332=ORIENTED_EDGE('',*,*,#10331,.T.);
#10334=ORIENTED_EDGE('',*,*,#10333,.T.);
#10335=EDGE_LOOP('',(#10316,#10318,#10320,#10322,#10324,#10326,#10328,#10330,
#10332,#10334));
#10336=FACE_OUTER_BOUND('',#10335,.F.);
#10337=ADVANCED_FACE('',(#10336),#10315,.F.);
#10338=CARTESIAN_POINT('',(-8.819E0,5.35E0,3.299691191779E0));
#10339=DIRECTION('',(1.E0,0.E0,0.E0));
#10340=DIRECTION('',(0.E0,0.E0,-1.E0));
#10341=AXIS2_PLACEMENT_3D('',#10338,#10339,#10340);
#10342=CYLINDRICAL_SURFACE('',#10341,4.85E0);
#10344=ORIENTED_EDGE('',*,*,#10343,.F.);
#10346=ORIENTED_EDGE('',*,*,#10345,.T.);
#10347=ORIENTED_EDGE('',*,*,#10317,.F.);
#10348=ORIENTED_EDGE('',*,*,#10306,.T.);
#10349=EDGE_LOOP('',(#10344,#10346,#10347,#10348));
#10350=FACE_OUTER_BOUND('',#10349,.F.);
#10351=ADVANCED_FACE('',(#10350),#10342,.F.);
#10352=CARTESIAN_POINT('',(-8.105E0,9.020053484439E-1,5.475124545593E0));
#10353=DIRECTION('',(1.E0,0.E0,0.E0));
#10354=DIRECTION('',(0.E0,0.E0,-1.E0));
#10355=AXIS2_PLACEMENT_3D('',#10352,#10353,#10354);
#10356=PLANE('',#10355);
#10357=ORIENTED_EDGE('',*,*,#10304,.F.);
#10359=ORIENTED_EDGE('',*,*,#10358,.T.);
#10361=ORIENTED_EDGE('',*,*,#10360,.T.);
#10363=ORIENTED_EDGE('',*,*,#10362,.T.);
#10365=ORIENTED_EDGE('',*,*,#10364,.T.);
#10367=ORIENTED_EDGE('',*,*,#10366,.T.);
#10369=ORIENTED_EDGE('',*,*,#10368,.T.);
#10371=ORIENTED_EDGE('',*,*,#10370,.T.);
#10373=ORIENTED_EDGE('',*,*,#10372,.T.);
#10374=ORIENTED_EDGE('',*,*,#10343,.T.);
#10375=EDGE_LOOP('',(#10357,#10359,#10361,#10363,#10365,#10367,#10369,#10371,
#10373,#10374));
#10376=FACE_OUTER_BOUND('',#10375,.F.);
#10377=ADVANCED_FACE('',(#10376),#10356,.T.);
#10378=CARTESIAN_POINT('',(-8.819E0,5.35E0,3.299691191779E0));
#10379=DIRECTION('',(1.E0,0.E0,0.E0));
#10380=DIRECTION('',(0.E0,0.E0,-1.E0));
#10381=AXIS2_PLACEMENT_3D('',#10378,#10379,#10380);
#10382=CYLINDRICAL_SURFACE('',#10381,5.E0);
#10383=ORIENTED_EDGE('',*,*,#10358,.F.);
#10384=ORIENTED_EDGE('',*,*,#10302,.T.);
#10385=ORIENTED_EDGE('',*,*,#10333,.F.);
#10387=ORIENTED_EDGE('',*,*,#10386,.T.);
#10388=EDGE_LOOP('',(#10383,#10384,#10385,#10387));
#10389=FACE_OUTER_BOUND('',#10388,.F.);
#10390=ADVANCED_FACE('',(#10389),#10382,.T.);
#10391=CARTESIAN_POINT('',(-8.455E0,1.119744111674E0,5.972673064182E0));
#10392=DIRECTION('',(0.E0,8.660254037844E-1,-5.000000000001E-1));
#10393=DIRECTION('',(0.E0,-5.000000000001E-1,-8.660254037844E-1));
#10394=AXIS2_PLACEMENT_3D('',#10391,#10392,#10393);
#10395=PLANE('',#10394);
#10396=ORIENTED_EDGE('',*,*,#10331,.F.);
#10398=ORIENTED_EDGE('',*,*,#10397,.F.);
#10399=ORIENTED_EDGE('',*,*,#10360,.F.);
#10400=ORIENTED_EDGE('',*,*,#10386,.F.);
#10401=EDGE_LOOP('',(#10396,#10398,#10399,#10400));
#10402=FACE_OUTER_BOUND('',#10401,.F.);
#10403=ADVANCED_FACE('',(#10402),#10395,.F.);
#10404=CARTESIAN_POINT('',(-8.819E0,7.E-1,6.445654936584E0));
#10405=DIRECTION('',(1.E0,0.E0,0.E0));
#10406=DIRECTION('',(0.E0,0.E0,-1.E0));
#10407=AXIS2_PLACEMENT_3D('',#10404,#10405,#10406);
#10408=CYLINDRICAL_SURFACE('',#10407,6.E-1);
#10409=ORIENTED_EDGE('',*,*,#10329,.F.);
#10411=ORIENTED_EDGE('',*,*,#10410,.T.);
#10412=ORIENTED_EDGE('',*,*,#10362,.F.);
#10413=ORIENTED_EDGE('',*,*,#10397,.T.);
#10414=EDGE_LOOP('',(#10409,#10411,#10412,#10413));
#10415=FACE_OUTER_BOUND('',#10414,.F.);
#10416=ADVANCED_FACE('',(#10415),#10408,.F.);
#10417=CARTESIAN_POINT('',(-8.455E0,8.871320343560E-1,7.107051039652E0));
#10418=DIRECTION('',(0.E0,7.071067811864E-1,7.071067811867E-1));
#10419=DIRECTION('',(0.E0,7.071067811867E-1,-7.071067811864E-1));
#10420=AXIS2_PLACEMENT_3D('',#10417,#10418,#10419);
#10421=PLANE('',#10420);
#10422=ORIENTED_EDGE('',*,*,#10364,.F.);
#10423=ORIENTED_EDGE('',*,*,#10410,.F.);
#10424=ORIENTED_EDGE('',*,*,#10327,.F.);
#10426=ORIENTED_EDGE('',*,*,#10425,.T.);
#10427=EDGE_LOOP('',(#10422,#10423,#10424,#10426));
#10428=FACE_OUTER_BOUND('',#10427,.F.);
#10429=ADVANCED_FACE('',(#10428),#10421,.F.);
#10430=CARTESIAN_POINT('',(-8.455E0,7.030330085890E-1,7.397216082597E0));
#10431=DIRECTION('',(0.E0,-7.071067811860E-1,7.071067811871E-1));
#10432=DIRECTION('',(0.E0,-7.071067811871E-1,-7.071067811860E-1));
#10433=AXIS2_PLACEMENT_3D('',#10430,#10431,#10432);
#10434=PLANE('',#10433);
#10435=ORIENTED_EDGE('',*,*,#10325,.F.);
#10437=ORIENTED_EDGE('',*,*,#10436,.T.);
#10438=ORIENTED_EDGE('',*,*,#10366,.F.);
#10439=ORIENTED_EDGE('',*,*,#10425,.F.);
#10440=EDGE_LOOP('',(#10435,#10437,#10438,#10439));
#10441=FACE_OUTER_BOUND('',#10440,.F.);
#10442=ADVANCED_FACE('',(#10441),#10434,.T.);
#10443=CARTESIAN_POINT('',(-8.455E0,9.931980515339E-1,7.213117056830E0));
#10444=DIRECTION('',(0.E0,7.071067811863E-1,7.071067811868E-1));
#10445=DIRECTION('',(0.E0,-7.071067811868E-1,7.071067811863E-1));
#10446=AXIS2_PLACEMENT_3D('',#10443,#10444,#10445);
#10447=PLANE('',#10446);
#10448=ORIENTED_EDGE('',*,*,#10368,.F.);
#10449=ORIENTED_EDGE('',*,*,#10436,.F.);
#10450=ORIENTED_EDGE('',*,*,#10323,.F.);
#10452=ORIENTED_EDGE('',*,*,#10451,.F.);
#10453=EDGE_LOOP('',(#10448,#10449,#10450,#10452));
#10454=FACE_OUTER_BOUND('',#10453,.F.);
#10455=ADVANCED_FACE('',(#10454),#10447,.T.);
#10456=CARTESIAN_POINT('',(-8.819E0,7.E-1,6.445654936584E0));
#10457=DIRECTION('',(1.E0,0.E0,0.E0));
#10458=DIRECTION('',(0.E0,0.E0,-1.E0));
#10459=AXIS2_PLACEMENT_3D('',#10456,#10457,#10458);
#10460=CYLINDRICAL_SURFACE('',#10459,7.5E-1);
#10461=ORIENTED_EDGE('',*,*,#10321,.F.);
#10463=ORIENTED_EDGE('',*,*,#10462,.T.);
#10464=ORIENTED_EDGE('',*,*,#10370,.F.);
#10465=ORIENTED_EDGE('',*,*,#10451,.T.);
#10466=EDGE_LOOP('',(#10461,#10463,#10464,#10465));
#10467=FACE_OUTER_BOUND('',#10466,.F.);
#10468=ADVANCED_FACE('',(#10467),#10460,.T.);
#10469=CARTESIAN_POINT('',(-8.455E0,1.249647922242E0,5.897673064182E0));
#10470=DIRECTION('',(0.E0,8.660254037844E-1,-5.000000000001E-1));
#10471=DIRECTION('',(0.E0,5.000000000001E-1,8.660254037844E-1));
#10472=AXIS2_PLACEMENT_3D('',#10469,#10470,#10471);
#10473=PLANE('',#10472);
#10474=ORIENTED_EDGE('',*,*,#10319,.F.);
#10475=ORIENTED_EDGE('',*,*,#10345,.F.);
#10476=ORIENTED_EDGE('',*,*,#10372,.F.);
#10477=ORIENTED_EDGE('',*,*,#10462,.F.);
#10478=EDGE_LOOP('',(#10474,#10475,#10476,#10477));
#10479=FACE_OUTER_BOUND('',#10478,.F.);
#10480=ADVANCED_FACE('',(#10479),#10473,.T.);
#10481=CARTESIAN_POINT('',(-1.0605E1,8.5E-1,8.E0));
#10482=DIRECTION('',(1.E0,0.E0,0.E0));
#10483=DIRECTION('',(0.E0,0.E0,-1.E0));
#10484=AXIS2_PLACEMENT_3D('',#10481,#10482,#10483);
#10485=PLANE('',#10484);
#10486=ORIENTED_EDGE('',*,*,#10221,.F.);
#10488=ORIENTED_EDGE('',*,*,#10487,.F.);
#10490=ORIENTED_EDGE('',*,*,#10489,.T.);
#10492=ORIENTED_EDGE('',*,*,#10491,.F.);
#10493=EDGE_LOOP('',(#10486,#10488,#10490,#10492));
#10494=FACE_OUTER_BOUND('',#10493,.F.);
#10495=ADVANCED_FACE('',(#10494),#10485,.F.);
#10496=CARTESIAN_POINT('',(-1.0605E1,8.5E-1,8.E0));
#10497=DIRECTION('',(1.E0,0.E0,0.E0));
#10498=DIRECTION('',(0.E0,0.E0,-1.E0));
#10499=AXIS2_PLACEMENT_3D('',#10496,#10497,#10498);
#10500=PLANE('',#10499);
#10501=ORIENTED_EDGE('',*,*,#10229,.F.);
#10503=ORIENTED_EDGE('',*,*,#10502,.T.);
#10505=ORIENTED_EDGE('',*,*,#10504,.T.);
#10506=ORIENTED_EDGE('',*,*,#10139,.F.);
#10507=EDGE_LOOP('',(#10501,#10503,#10505,#10506));
#10508=FACE_OUTER_BOUND('',#10507,.F.);
#10509=ADVANCED_FACE('',(#10508),#10500,.F.);
#10510=CARTESIAN_POINT('',(-9.305E0,5.5E-1,8.E0));
#10511=DIRECTION('',(0.E0,0.E0,1.E0));
#10512=DIRECTION('',(1.E0,0.E0,0.E0));
#10513=AXIS2_PLACEMENT_3D('',#10510,#10511,#10512);
#10514=PLANE('',#10513);
#10515=ORIENTED_EDGE('',*,*,#10487,.T.);
#10516=ORIENTED_EDGE('',*,*,#10234,.F.);
#10518=ORIENTED_EDGE('',*,*,#10517,.T.);
#10520=ORIENTED_EDGE('',*,*,#10519,.F.);
#10521=EDGE_LOOP('',(#10515,#10516,#10518,#10520));
#10522=FACE_OUTER_BOUND('',#10521,.F.);
#10523=ADVANCED_FACE('',(#10522),#10514,.T.);
#10524=CARTESIAN_POINT('',(-7.805E0,5.5E-1,5.15E0));
#10525=DIRECTION('',(1.E0,0.E0,0.E0));
#10526=DIRECTION('',(0.E0,0.E0,-1.E0));
#10527=AXIS2_PLACEMENT_3D('',#10524,#10525,#10526);
#10528=PLANE('',#10527);
#10529=ORIENTED_EDGE('',*,*,#10232,.F.);
#10530=ORIENTED_EDGE('',*,*,#10211,.F.);
#10532=ORIENTED_EDGE('',*,*,#10531,.F.);
#10533=ORIENTED_EDGE('',*,*,#10517,.F.);
#10534=EDGE_LOOP('',(#10529,#10530,#10532,#10533));
#10535=FACE_OUTER_BOUND('',#10534,.F.);
#10536=ADVANCED_FACE('',(#10535),#10528,.T.);
#10537=CARTESIAN_POINT('',(-3.75E-1,2.5E-1,1.16E1));
#10538=DIRECTION('',(0.E0,1.E0,0.E0));
#10539=DIRECTION('',(1.E0,0.E0,0.E0));
#10540=AXIS2_PLACEMENT_3D('',#10537,#10538,#10539);
#10541=PLANE('',#10540);
#10542=ORIENTED_EDGE('',*,*,#10141,.T.);
#10543=ORIENTED_EDGE('',*,*,#10504,.F.);
#10545=ORIENTED_EDGE('',*,*,#10544,.T.);
#10546=ORIENTED_EDGE('',*,*,#10489,.F.);
#10547=ORIENTED_EDGE('',*,*,#10519,.T.);
#10548=ORIENTED_EDGE('',*,*,#10531,.T.);
#10549=ORIENTED_EDGE('',*,*,#10209,.F.);
#10551=ORIENTED_EDGE('',*,*,#10550,.T.);
#10553=ORIENTED_EDGE('',*,*,#10552,.T.);
#10555=ORIENTED_EDGE('',*,*,#10554,.T.);
#10556=ORIENTED_EDGE('',*,*,#10201,.F.);
#10558=ORIENTED_EDGE('',*,*,#10557,.T.);
#10560=ORIENTED_EDGE('',*,*,#10559,.T.);
#10562=ORIENTED_EDGE('',*,*,#10561,.T.);
#10563=ORIENTED_EDGE('',*,*,#10193,.F.);
#10565=ORIENTED_EDGE('',*,*,#10564,.T.);
#10567=ORIENTED_EDGE('',*,*,#10566,.T.);
#10569=ORIENTED_EDGE('',*,*,#10568,.T.);
#10570=ORIENTED_EDGE('',*,*,#10185,.F.);
#10572=ORIENTED_EDGE('',*,*,#10571,.T.);
#10574=ORIENTED_EDGE('',*,*,#10573,.T.);
#10576=ORIENTED_EDGE('',*,*,#10575,.T.);
#10577=ORIENTED_EDGE('',*,*,#10169,.F.);
#10579=ORIENTED_EDGE('',*,*,#10578,.F.);
#10581=ORIENTED_EDGE('',*,*,#10580,.F.);
#10583=ORIENTED_EDGE('',*,*,#10582,.F.);
#10584=ORIENTED_EDGE('',*,*,#10161,.F.);
#10586=ORIENTED_EDGE('',*,*,#10585,.T.);
#10588=ORIENTED_EDGE('',*,*,#10587,.T.);
#10590=ORIENTED_EDGE('',*,*,#10589,.T.);
#10591=ORIENTED_EDGE('',*,*,#10153,.F.);
#10593=ORIENTED_EDGE('',*,*,#10592,.T.);
#10595=ORIENTED_EDGE('',*,*,#10594,.T.);
#10597=ORIENTED_EDGE('',*,*,#10596,.T.);
#10599=ORIENTED_EDGE('',*,*,#10598,.F.);
#10600=ORIENTED_EDGE('',*,*,#9792,.F.);
#10601=ORIENTED_EDGE('',*,*,#9810,.T.);
#10602=ORIENTED_EDGE('',*,*,#9822,.T.);
#10603=ORIENTED_EDGE('',*,*,#9837,.T.);
#10604=ORIENTED_EDGE('',*,*,#9852,.T.);
#10605=ORIENTED_EDGE('',*,*,#9864,.T.);
#10606=ORIENTED_EDGE('',*,*,#9878,.T.);
#10607=ORIENTED_EDGE('',*,*,#9894,.T.);
#10608=ORIENTED_EDGE('',*,*,#9906,.T.);
#10609=ORIENTED_EDGE('',*,*,#9921,.T.);
#10610=ORIENTED_EDGE('',*,*,#9936,.T.);
#10611=ORIENTED_EDGE('',*,*,#9948,.T.);
#10612=ORIENTED_EDGE('',*,*,#9965,.F.);
#10613=EDGE_LOOP('',(#10542,#10543,#10545,#10546,#10547,#10548,#10549,#10551,
#10553,#10555,#10556,#10558,#10560,#10562,#10563,#10565,#10567,#10569,#10570,
#10572,#10574,#10576,#10577,#10579,#10581,#10583,#10584,#10586,#10588,#10590,
#10591,#10593,#10595,#10597,#10599,#10600,#10601,#10602,#10603,#10604,#10605,
#10606,#10607,#10608,#10609,#10610,#10611,#10612));
#10614=FACE_OUTER_BOUND('',#10613,.F.);
#10615=ADVANCED_FACE('',(#10614),#10541,.T.);
#10616=CARTESIAN_POINT('',(-1.0605E1,4.25E-1,5.6E0));
#10617=DIRECTION('',(1.E0,0.E0,0.E0));
#10618=DIRECTION('',(0.E0,0.E0,1.E0));
#10619=AXIS2_PLACEMENT_3D('',#10616,#10617,#10618);
#10620=PLANE('',#10619);
#10621=ORIENTED_EDGE('',*,*,#10544,.F.);
#10623=ORIENTED_EDGE('',*,*,#10622,.T.);
#10624=ORIENTED_EDGE('',*,*,#9366,.F.);
#10626=ORIENTED_EDGE('',*,*,#10625,.T.);
#10627=EDGE_LOOP('',(#10621,#10623,#10624,#10626));
#10628=FACE_OUTER_BOUND('',#10627,.F.);
#10629=ADVANCED_FACE('',(#10628),#10620,.T.);
#10630=CARTESIAN_POINT('',(-1.0155E1,4.25E-1,3.5E0));
#10631=DIRECTION('',(0.E0,0.E0,1.E0));
#10632=DIRECTION('',(-1.E0,0.E0,0.E0));
#10633=AXIS2_PLACEMENT_3D('',#10630,#10631,#10632);
#10634=PLANE('',#10633);
#10635=ORIENTED_EDGE('',*,*,#10227,.F.);
#10637=ORIENTED_EDGE('',*,*,#10636,.F.);
#10638=ORIENTED_EDGE('',*,*,#9368,.F.);
#10639=ORIENTED_EDGE('',*,*,#10622,.F.);
#10640=ORIENTED_EDGE('',*,*,#10502,.F.);
#10641=EDGE_LOOP('',(#10635,#10637,#10638,#10639,#10640));
#10642=FACE_OUTER_BOUND('',#10641,.F.);
#10644=ORIENTED_EDGE('',*,*,#10643,.T.);
#10646=ORIENTED_EDGE('',*,*,#10645,.F.);
#10648=ORIENTED_EDGE('',*,*,#10647,.T.);
#10650=ORIENTED_EDGE('',*,*,#10649,.F.);
#10651=EDGE_LOOP('',(#10644,#10646,#10648,#10650));
#10652=FACE_BOUND('',#10651,.F.);
#10653=ADVANCED_FACE('',(#10642,#10652),#10634,.T.);
#10654=CARTESIAN_POINT('',(-1.0505E1,9.020053460652E-1,5.475124545593E0));
#10655=DIRECTION('',(1.E0,0.E0,0.E0));
#10656=DIRECTION('',(0.E0,0.E0,-1.E0));
#10657=AXIS2_PLACEMENT_3D('',#10654,#10655,#10656);
#10658=PLANE('',#10657);
#10659=ORIENTED_EDGE('',*,*,#10643,.F.);
#10661=ORIENTED_EDGE('',*,*,#10660,.T.);
#10663=ORIENTED_EDGE('',*,*,#10662,.T.);
#10665=ORIENTED_EDGE('',*,*,#10664,.T.);
#10667=ORIENTED_EDGE('',*,*,#10666,.T.);
#10669=ORIENTED_EDGE('',*,*,#10668,.T.);
#10671=ORIENTED_EDGE('',*,*,#10670,.T.);
#10673=ORIENTED_EDGE('',*,*,#10672,.T.);
#10675=ORIENTED_EDGE('',*,*,#10674,.T.);
#10677=ORIENTED_EDGE('',*,*,#10676,.T.);
#10678=EDGE_LOOP('',(#10659,#10661,#10663,#10665,#10667,#10669,#10671,#10673,
#10675,#10677));
#10679=FACE_OUTER_BOUND('',#10678,.F.);
#10680=ADVANCED_FACE('',(#10679),#10658,.F.);
#10681=CARTESIAN_POINT('',(-1.0519E1,5.35E0,3.299691191779E0));
#10682=DIRECTION('',(1.E0,0.E0,0.E0));
#10683=DIRECTION('',(0.E0,0.E0,-1.E0));
#10684=AXIS2_PLACEMENT_3D('',#10681,#10682,#10683);
#10685=CYLINDRICAL_SURFACE('',#10684,4.85E0);
#10687=ORIENTED_EDGE('',*,*,#10686,.F.);
#10689=ORIENTED_EDGE('',*,*,#10688,.T.);
#10690=ORIENTED_EDGE('',*,*,#10660,.F.);
#10691=ORIENTED_EDGE('',*,*,#10649,.T.);
#10692=EDGE_LOOP('',(#10687,#10689,#10690,#10691));
#10693=FACE_OUTER_BOUND('',#10692,.F.);
#10694=ADVANCED_FACE('',(#10693),#10685,.F.);
#10695=CARTESIAN_POINT('',(-9.805E0,9.020053484439E-1,5.475124545593E0));
#10696=DIRECTION('',(1.E0,0.E0,0.E0));
#10697=DIRECTION('',(0.E0,0.E0,-1.E0));
#10698=AXIS2_PLACEMENT_3D('',#10695,#10696,#10697);
#10699=PLANE('',#10698);
#10700=ORIENTED_EDGE('',*,*,#10647,.F.);
#10702=ORIENTED_EDGE('',*,*,#10701,.T.);
#10704=ORIENTED_EDGE('',*,*,#10703,.T.);
#10706=ORIENTED_EDGE('',*,*,#10705,.T.);
#10708=ORIENTED_EDGE('',*,*,#10707,.T.);
#10710=ORIENTED_EDGE('',*,*,#10709,.T.);
#10712=ORIENTED_EDGE('',*,*,#10711,.T.);
#10714=ORIENTED_EDGE('',*,*,#10713,.T.);
#10716=ORIENTED_EDGE('',*,*,#10715,.T.);
#10717=ORIENTED_EDGE('',*,*,#10686,.T.);
#10718=EDGE_LOOP('',(#10700,#10702,#10704,#10706,#10708,#10710,#10712,#10714,
#10716,#10717));
#10719=FACE_OUTER_BOUND('',#10718,.F.);
#10720=ADVANCED_FACE('',(#10719),#10699,.T.);
#10721=CARTESIAN_POINT('',(-1.0519E1,5.35E0,3.299691191779E0));
#10722=DIRECTION('',(1.E0,0.E0,0.E0));
#10723=DIRECTION('',(0.E0,0.E0,-1.E0));
#10724=AXIS2_PLACEMENT_3D('',#10721,#10722,#10723);
#10725=CYLINDRICAL_SURFACE('',#10724,5.E0);
#10726=ORIENTED_EDGE('',*,*,#10701,.F.);
#10727=ORIENTED_EDGE('',*,*,#10645,.T.);
#10728=ORIENTED_EDGE('',*,*,#10676,.F.);
#10730=ORIENTED_EDGE('',*,*,#10729,.T.);
#10731=EDGE_LOOP('',(#10726,#10727,#10728,#10730));
#10732=FACE_OUTER_BOUND('',#10731,.F.);
#10733=ADVANCED_FACE('',(#10732),#10725,.T.);
#10734=CARTESIAN_POINT('',(-1.0155E1,1.119744111674E0,5.972673064182E0));
#10735=DIRECTION('',(0.E0,8.660254037844E-1,-5.000000000001E-1));
#10736=DIRECTION('',(0.E0,-5.000000000001E-1,-8.660254037844E-1));
#10737=AXIS2_PLACEMENT_3D('',#10734,#10735,#10736);
#10738=PLANE('',#10737);
#10739=ORIENTED_EDGE('',*,*,#10674,.F.);
#10741=ORIENTED_EDGE('',*,*,#10740,.F.);
#10742=ORIENTED_EDGE('',*,*,#10703,.F.);
#10743=ORIENTED_EDGE('',*,*,#10729,.F.);
#10744=EDGE_LOOP('',(#10739,#10741,#10742,#10743));
#10745=FACE_OUTER_BOUND('',#10744,.F.);
#10746=ADVANCED_FACE('',(#10745),#10738,.F.);
#10747=CARTESIAN_POINT('',(-1.0519E1,7.E-1,6.445654936584E0));
#10748=DIRECTION('',(1.E0,0.E0,0.E0));
#10749=DIRECTION('',(0.E0,0.E0,-1.E0));
#10750=AXIS2_PLACEMENT_3D('',#10747,#10748,#10749);
#10751=CYLINDRICAL_SURFACE('',#10750,6.E-1);
#10752=ORIENTED_EDGE('',*,*,#10672,.F.);
#10754=ORIENTED_EDGE('',*,*,#10753,.T.);
#10755=ORIENTED_EDGE('',*,*,#10705,.F.);
#10756=ORIENTED_EDGE('',*,*,#10740,.T.);
#10757=EDGE_LOOP('',(#10752,#10754,#10755,#10756));
#10758=FACE_OUTER_BOUND('',#10757,.F.);
#10759=ADVANCED_FACE('',(#10758),#10751,.F.);
#10760=CARTESIAN_POINT('',(-1.0155E1,8.871320343560E-1,7.107051039652E0));
#10761=DIRECTION('',(0.E0,7.071067811864E-1,7.071067811867E-1));
#10762=DIRECTION('',(0.E0,7.071067811867E-1,-7.071067811864E-1));
#10763=AXIS2_PLACEMENT_3D('',#10760,#10761,#10762);
#10764=PLANE('',#10763);
#10765=ORIENTED_EDGE('',*,*,#10707,.F.);
#10766=ORIENTED_EDGE('',*,*,#10753,.F.);
#10767=ORIENTED_EDGE('',*,*,#10670,.F.);
#10769=ORIENTED_EDGE('',*,*,#10768,.T.);
#10770=EDGE_LOOP('',(#10765,#10766,#10767,#10769));
#10771=FACE_OUTER_BOUND('',#10770,.F.);
#10772=ADVANCED_FACE('',(#10771),#10764,.F.);
#10773=CARTESIAN_POINT('',(-1.0155E1,7.030330085890E-1,7.397216082597E0));
#10774=DIRECTION('',(0.E0,-7.071067811860E-1,7.071067811871E-1));
#10775=DIRECTION('',(0.E0,-7.071067811871E-1,-7.071067811860E-1));
#10776=AXIS2_PLACEMENT_3D('',#10773,#10774,#10775);
#10777=PLANE('',#10776);
#10778=ORIENTED_EDGE('',*,*,#10668,.F.);
#10780=ORIENTED_EDGE('',*,*,#10779,.T.);
#10781=ORIENTED_EDGE('',*,*,#10709,.F.);
#10782=ORIENTED_EDGE('',*,*,#10768,.F.);
#10783=EDGE_LOOP('',(#10778,#10780,#10781,#10782));
#10784=FACE_OUTER_BOUND('',#10783,.F.);
#10785=ADVANCED_FACE('',(#10784),#10777,.T.);
#10786=CARTESIAN_POINT('',(-1.0155E1,9.931980515339E-1,7.213117056830E0));
#10787=DIRECTION('',(0.E0,7.071067811863E-1,7.071067811868E-1));
#10788=DIRECTION('',(0.E0,-7.071067811868E-1,7.071067811863E-1));
#10789=AXIS2_PLACEMENT_3D('',#10786,#10787,#10788);
#10790=PLANE('',#10789);
#10791=ORIENTED_EDGE('',*,*,#10711,.F.);
#10792=ORIENTED_EDGE('',*,*,#10779,.F.);
#10793=ORIENTED_EDGE('',*,*,#10666,.F.);
#10795=ORIENTED_EDGE('',*,*,#10794,.F.);
#10796=EDGE_LOOP('',(#10791,#10792,#10793,#10795));
#10797=FACE_OUTER_BOUND('',#10796,.F.);
#10798=ADVANCED_FACE('',(#10797),#10790,.T.);
#10799=CARTESIAN_POINT('',(-1.0519E1,7.E-1,6.445654936584E0));
#10800=DIRECTION('',(1.E0,0.E0,0.E0));
#10801=DIRECTION('',(0.E0,0.E0,-1.E0));
#10802=AXIS2_PLACEMENT_3D('',#10799,#10800,#10801);
#10803=CYLINDRICAL_SURFACE('',#10802,7.5E-1);
#10804=ORIENTED_EDGE('',*,*,#10664,.F.);
#10806=ORIENTED_EDGE('',*,*,#10805,.T.);
#10807=ORIENTED_EDGE('',*,*,#10713,.F.);
#10808=ORIENTED_EDGE('',*,*,#10794,.T.);
#10809=EDGE_LOOP('',(#10804,#10806,#10807,#10808));
#10810=FACE_OUTER_BOUND('',#10809,.F.);
#10811=ADVANCED_FACE('',(#10810),#10803,.T.);
#10812=CARTESIAN_POINT('',(-1.0155E1,1.249647922242E0,5.897673064182E0));
#10813=DIRECTION('',(0.E0,8.660254037844E-1,-5.000000000001E-1));
#10814=DIRECTION('',(0.E0,5.000000000001E-1,8.660254037844E-1));
#10815=AXIS2_PLACEMENT_3D('',#10812,#10813,#10814);
#10816=PLANE('',#10815);
#10817=ORIENTED_EDGE('',*,*,#10662,.F.);
#10818=ORIENTED_EDGE('',*,*,#10688,.F.);
#10819=ORIENTED_EDGE('',*,*,#10715,.F.);
#10820=ORIENTED_EDGE('',*,*,#10805,.F.);
#10821=EDGE_LOOP('',(#10817,#10818,#10819,#10820));
#10822=FACE_OUTER_BOUND('',#10821,.F.);
#10823=ADVANCED_FACE('',(#10822),#10816,.T.);
#10824=CARTESIAN_POINT('',(-9.705E0,4.25E-1,5.6E0));
#10825=DIRECTION('',(1.E0,0.E0,0.E0));
#10826=DIRECTION('',(0.E0,0.E0,-1.E0));
#10827=AXIS2_PLACEMENT_3D('',#10824,#10825,#10826);
#10828=PLANE('',#10827);
#10829=ORIENTED_EDGE('',*,*,#9370,.F.);
#10830=ORIENTED_EDGE('',*,*,#10636,.T.);
#10831=ORIENTED_EDGE('',*,*,#10225,.F.);
#10833=ORIENTED_EDGE('',*,*,#10832,.F.);
#10834=EDGE_LOOP('',(#10829,#10830,#10831,#10833));
#10835=FACE_OUTER_BOUND('',#10834,.F.);
#10836=ADVANCED_FACE('',(#10835),#10828,.F.);
#10837=CARTESIAN_POINT('',(-1.0155E1,4.25E-1,7.7E0));
#10838=DIRECTION('',(0.E0,0.E0,1.E0));
#10839=DIRECTION('',(1.E0,0.E0,0.E0));
#10840=AXIS2_PLACEMENT_3D('',#10837,#10838,#10839);
#10841=PLANE('',#10840);
#10842=ORIENTED_EDGE('',*,*,#10491,.T.);
#10843=ORIENTED_EDGE('',*,*,#10625,.F.);
#10844=ORIENTED_EDGE('',*,*,#9372,.F.);
#10845=ORIENTED_EDGE('',*,*,#10832,.T.);
#10846=ORIENTED_EDGE('',*,*,#10223,.F.);
#10847=EDGE_LOOP('',(#10842,#10843,#10844,#10845,#10846));
#10848=FACE_OUTER_BOUND('',#10847,.F.);
#10849=ADVANCED_FACE('',(#10848),#10841,.F.);
#10850=CARTESIAN_POINT('',(-6.775E0,5.5E-1,5.15E0));
#10851=DIRECTION('',(1.E0,0.E0,0.E0));
#10852=DIRECTION('',(0.E0,0.E0,1.E0));
#10853=AXIS2_PLACEMENT_3D('',#10850,#10851,#10852);
#10854=PLANE('',#10853);
#10856=ORIENTED_EDGE('',*,*,#10855,.F.);
#10858=ORIENTED_EDGE('',*,*,#10857,.T.);
#10859=ORIENTED_EDGE('',*,*,#10550,.F.);
#10860=ORIENTED_EDGE('',*,*,#10207,.F.);
#10861=EDGE_LOOP('',(#10856,#10858,#10859,#10860));
#10862=FACE_OUTER_BOUND('',#10861,.F.);
#10863=ADVANCED_FACE('',(#10862),#10854,.F.);
#10864=CARTESIAN_POINT('',(-6.025E0,8.5E-1,5.15E0));
#10865=DIRECTION('',(0.E0,1.E0,0.E0));
#10866=DIRECTION('',(1.E0,0.E0,0.E0));
#10867=AXIS2_PLACEMENT_3D('',#10864,#10865,#10866);
#10868=PLANE('',#10867);
#10869=ORIENTED_EDGE('',*,*,#10855,.T.);
#10870=ORIENTED_EDGE('',*,*,#10205,.T.);
#10872=ORIENTED_EDGE('',*,*,#10871,.T.);
#10874=ORIENTED_EDGE('',*,*,#10873,.T.);
#10875=EDGE_LOOP('',(#10869,#10870,#10872,#10874));
#10876=FACE_OUTER_BOUND('',#10875,.F.);
#10878=ORIENTED_EDGE('',*,*,#10877,.T.);
#10880=ORIENTED_EDGE('',*,*,#10879,.T.);
#10882=ORIENTED_EDGE('',*,*,#10881,.T.);
#10884=ORIENTED_EDGE('',*,*,#10883,.T.);
#10885=EDGE_LOOP('',(#10878,#10880,#10882,#10884));
#10886=FACE_BOUND('',#10885,.F.);
#10887=ADVANCED_FACE('',(#10876,#10886),#10868,.T.);
#10888=CARTESIAN_POINT('',(-5.275E0,5.5E-1,5.15E0));
#10889=DIRECTION('',(1.E0,0.E0,0.E0));
#10890=DIRECTION('',(0.E0,0.E0,-1.E0));
#10891=AXIS2_PLACEMENT_3D('',#10888,#10889,#10890);
#10892=PLANE('',#10891);
#10893=ORIENTED_EDGE('',*,*,#10871,.F.);
#10894=ORIENTED_EDGE('',*,*,#10203,.F.);
#10895=ORIENTED_EDGE('',*,*,#10554,.F.);
#10897=ORIENTED_EDGE('',*,*,#10896,.F.);
#10898=EDGE_LOOP('',(#10893,#10894,#10895,#10897));
#10899=FACE_OUTER_BOUND('',#10898,.F.);
#10900=ADVANCED_FACE('',(#10899),#10892,.T.);
#10901=CARTESIAN_POINT('',(-6.025E0,5.5E-1,8.E0));
#10902=DIRECTION('',(0.E0,0.E0,1.E0));
#10903=DIRECTION('',(1.E0,0.E0,0.E0));
#10904=AXIS2_PLACEMENT_3D('',#10901,#10902,#10903);
#10905=PLANE('',#10904);
#10906=ORIENTED_EDGE('',*,*,#10857,.F.);
#10907=ORIENTED_EDGE('',*,*,#10873,.F.);
#10908=ORIENTED_EDGE('',*,*,#10896,.T.);
#10909=ORIENTED_EDGE('',*,*,#10552,.F.);
#10910=EDGE_LOOP('',(#10906,#10907,#10908,#10909));
#10911=FACE_OUTER_BOUND('',#10910,.F.);
#10912=ADVANCED_FACE('',(#10911),#10905,.T.);
#10913=CARTESIAN_POINT('',(-6.475E0,4.25E-1,5.6E0));
#10914=DIRECTION('',(1.E0,0.E0,0.E0));
#10915=DIRECTION('',(0.E0,0.E0,1.E0));
#10916=AXIS2_PLACEMENT_3D('',#10913,#10914,#10915);
#10917=PLANE('',#10916);
#10918=ORIENTED_EDGE('',*,*,#9346,.F.);
#10920=ORIENTED_EDGE('',*,*,#10919,.T.);
#10921=ORIENTED_EDGE('',*,*,#10877,.F.);
#10923=ORIENTED_EDGE('',*,*,#10922,.T.);
#10924=EDGE_LOOP('',(#10918,#10920,#10921,#10923));
#10925=FACE_OUTER_BOUND('',#10924,.F.);
#10926=ADVANCED_FACE('',(#10925),#10917,.T.);
#10927=CARTESIAN_POINT('',(-6.025E0,4.25E-1,7.7E0));
#10928=DIRECTION('',(0.E0,0.E0,1.E0));
#10929=DIRECTION('',(1.E0,0.E0,0.E0));
#10930=AXIS2_PLACEMENT_3D('',#10927,#10928,#10929);
#10931=PLANE('',#10930);
#10932=ORIENTED_EDGE('',*,*,#9352,.F.);
#10934=ORIENTED_EDGE('',*,*,#10933,.T.);
#10935=ORIENTED_EDGE('',*,*,#10879,.F.);
#10936=ORIENTED_EDGE('',*,*,#10919,.F.);
#10937=EDGE_LOOP('',(#10932,#10934,#10935,#10936));
#10938=FACE_OUTER_BOUND('',#10937,.F.);
#10939=ADVANCED_FACE('',(#10938),#10931,.F.);
#10940=CARTESIAN_POINT('',(-5.575E0,4.25E-1,5.6E0));
#10941=DIRECTION('',(1.E0,0.E0,0.E0));
#10942=DIRECTION('',(0.E0,0.E0,-1.E0));
#10943=AXIS2_PLACEMENT_3D('',#10940,#10941,#10942);
#10944=PLANE('',#10943);
#10945=ORIENTED_EDGE('',*,*,#9350,.F.);
#10947=ORIENTED_EDGE('',*,*,#10946,.T.);
#10948=ORIENTED_EDGE('',*,*,#10881,.F.);
#10949=ORIENTED_EDGE('',*,*,#10933,.F.);
#10950=EDGE_LOOP('',(#10945,#10947,#10948,#10949));
#10951=FACE_OUTER_BOUND('',#10950,.F.);
#10952=ADVANCED_FACE('',(#10951),#10944,.F.);
#10953=CARTESIAN_POINT('',(-6.025E0,4.25E-1,3.5E0));
#10954=DIRECTION('',(0.E0,0.E0,1.E0));
#10955=DIRECTION('',(-1.E0,0.E0,0.E0));
#10956=AXIS2_PLACEMENT_3D('',#10953,#10954,#10955);
#10957=PLANE('',#10956);
#10958=ORIENTED_EDGE('',*,*,#9348,.F.);
#10959=ORIENTED_EDGE('',*,*,#10922,.F.);
#10960=ORIENTED_EDGE('',*,*,#10883,.F.);
#10961=ORIENTED_EDGE('',*,*,#10946,.F.);
#10962=EDGE_LOOP('',(#10958,#10959,#10960,#10961));
#10963=FACE_OUTER_BOUND('',#10962,.F.);
#10965=ORIENTED_EDGE('',*,*,#10964,.T.);
#10967=ORIENTED_EDGE('',*,*,#10966,.F.);
#10969=ORIENTED_EDGE('',*,*,#10968,.T.);
#10971=ORIENTED_EDGE('',*,*,#10970,.F.);
#10972=EDGE_LOOP('',(#10965,#10967,#10969,#10971));
#10973=FACE_BOUND('',#10972,.F.);
#10974=ADVANCED_FACE('',(#10963,#10973),#10957,.T.);
#10975=CARTESIAN_POINT('',(-6.375E0,9.020053460652E-1,5.475124545593E0));
#10976=DIRECTION('',(1.E0,0.E0,0.E0));
#10977=DIRECTION('',(0.E0,0.E0,-1.E0));
#10978=AXIS2_PLACEMENT_3D('',#10975,#10976,#10977);
#10979=PLANE('',#10978);
#10980=ORIENTED_EDGE('',*,*,#10964,.F.);
#10982=ORIENTED_EDGE('',*,*,#10981,.T.);
#10984=ORIENTED_EDGE('',*,*,#10983,.T.);
#10986=ORIENTED_EDGE('',*,*,#10985,.T.);
#10988=ORIENTED_EDGE('',*,*,#10987,.T.);
#10990=ORIENTED_EDGE('',*,*,#10989,.T.);
#10992=ORIENTED_EDGE('',*,*,#10991,.T.);
#10994=ORIENTED_EDGE('',*,*,#10993,.T.);
#10996=ORIENTED_EDGE('',*,*,#10995,.T.);
#10998=ORIENTED_EDGE('',*,*,#10997,.T.);
#10999=EDGE_LOOP('',(#10980,#10982,#10984,#10986,#10988,#10990,#10992,#10994,
#10996,#10998));
#11000=FACE_OUTER_BOUND('',#10999,.F.);
#11001=ADVANCED_FACE('',(#11000),#10979,.F.);
#11002=CARTESIAN_POINT('',(-6.389E0,5.35E0,3.299691191779E0));
#11003=DIRECTION('',(1.E0,0.E0,0.E0));
#11004=DIRECTION('',(0.E0,0.E0,-1.E0));
#11005=AXIS2_PLACEMENT_3D('',#11002,#11003,#11004);
#11006=CYLINDRICAL_SURFACE('',#11005,4.85E0);
#11008=ORIENTED_EDGE('',*,*,#11007,.F.);
#11010=ORIENTED_EDGE('',*,*,#11009,.T.);
#11011=ORIENTED_EDGE('',*,*,#10981,.F.);
#11012=ORIENTED_EDGE('',*,*,#10970,.T.);
#11013=EDGE_LOOP('',(#11008,#11010,#11011,#11012));
#11014=FACE_OUTER_BOUND('',#11013,.F.);
#11015=ADVANCED_FACE('',(#11014),#11006,.F.);
#11016=CARTESIAN_POINT('',(-5.675E0,9.020053484439E-1,5.475124545593E0));
#11017=DIRECTION('',(1.E0,0.E0,0.E0));
#11018=DIRECTION('',(0.E0,0.E0,-1.E0));
#11019=AXIS2_PLACEMENT_3D('',#11016,#11017,#11018);
#11020=PLANE('',#11019);
#11021=ORIENTED_EDGE('',*,*,#10968,.F.);
#11023=ORIENTED_EDGE('',*,*,#11022,.T.);
#11025=ORIENTED_EDGE('',*,*,#11024,.T.);
#11027=ORIENTED_EDGE('',*,*,#11026,.T.);
#11029=ORIENTED_EDGE('',*,*,#11028,.T.);
#11031=ORIENTED_EDGE('',*,*,#11030,.T.);
#11033=ORIENTED_EDGE('',*,*,#11032,.T.);
#11035=ORIENTED_EDGE('',*,*,#11034,.T.);
#11037=ORIENTED_EDGE('',*,*,#11036,.T.);
#11038=ORIENTED_EDGE('',*,*,#11007,.T.);
#11039=EDGE_LOOP('',(#11021,#11023,#11025,#11027,#11029,#11031,#11033,#11035,
#11037,#11038));
#11040=FACE_OUTER_BOUND('',#11039,.F.);
#11041=ADVANCED_FACE('',(#11040),#11020,.T.);
#11042=CARTESIAN_POINT('',(-6.389E0,5.35E0,3.299691191779E0));
#11043=DIRECTION('',(1.E0,0.E0,0.E0));
#11044=DIRECTION('',(0.E0,0.E0,-1.E0));
#11045=AXIS2_PLACEMENT_3D('',#11042,#11043,#11044);
#11046=CYLINDRICAL_SURFACE('',#11045,5.E0);
#11047=ORIENTED_EDGE('',*,*,#11022,.F.);
#11048=ORIENTED_EDGE('',*,*,#10966,.T.);
#11049=ORIENTED_EDGE('',*,*,#10997,.F.);
#11051=ORIENTED_EDGE('',*,*,#11050,.T.);
#11052=EDGE_LOOP('',(#11047,#11048,#11049,#11051));
#11053=FACE_OUTER_BOUND('',#11052,.F.);
#11054=ADVANCED_FACE('',(#11053),#11046,.T.);
#11055=CARTESIAN_POINT('',(-6.025E0,1.119744111674E0,5.972673064182E0));
#11056=DIRECTION('',(0.E0,8.660254037844E-1,-5.000000000001E-1));
#11057=DIRECTION('',(0.E0,-5.000000000001E-1,-8.660254037844E-1));
#11058=AXIS2_PLACEMENT_3D('',#11055,#11056,#11057);
#11059=PLANE('',#11058);
#11060=ORIENTED_EDGE('',*,*,#10995,.F.);
#11062=ORIENTED_EDGE('',*,*,#11061,.F.);
#11063=ORIENTED_EDGE('',*,*,#11024,.F.);
#11064=ORIENTED_EDGE('',*,*,#11050,.F.);
#11065=EDGE_LOOP('',(#11060,#11062,#11063,#11064));
#11066=FACE_OUTER_BOUND('',#11065,.F.);
#11067=ADVANCED_FACE('',(#11066),#11059,.F.);
#11068=CARTESIAN_POINT('',(-6.389E0,7.E-1,6.445654936584E0));
#11069=DIRECTION('',(1.E0,0.E0,0.E0));
#11070=DIRECTION('',(0.E0,0.E0,-1.E0));
#11071=AXIS2_PLACEMENT_3D('',#11068,#11069,#11070);
#11072=CYLINDRICAL_SURFACE('',#11071,6.E-1);
#11073=ORIENTED_EDGE('',*,*,#10993,.F.);
#11075=ORIENTED_EDGE('',*,*,#11074,.T.);
#11076=ORIENTED_EDGE('',*,*,#11026,.F.);
#11077=ORIENTED_EDGE('',*,*,#11061,.T.);
#11078=EDGE_LOOP('',(#11073,#11075,#11076,#11077));
#11079=FACE_OUTER_BOUND('',#11078,.F.);
#11080=ADVANCED_FACE('',(#11079),#11072,.F.);
#11081=CARTESIAN_POINT('',(-6.025E0,8.871320343560E-1,7.107051039652E0));
#11082=DIRECTION('',(0.E0,7.071067811864E-1,7.071067811867E-1));
#11083=DIRECTION('',(0.E0,7.071067811867E-1,-7.071067811864E-1));
#11084=AXIS2_PLACEMENT_3D('',#11081,#11082,#11083);
#11085=PLANE('',#11084);
#11086=ORIENTED_EDGE('',*,*,#11028,.F.);
#11087=ORIENTED_EDGE('',*,*,#11074,.F.);
#11088=ORIENTED_EDGE('',*,*,#10991,.F.);
#11090=ORIENTED_EDGE('',*,*,#11089,.T.);
#11091=EDGE_LOOP('',(#11086,#11087,#11088,#11090));
#11092=FACE_OUTER_BOUND('',#11091,.F.);
#11093=ADVANCED_FACE('',(#11092),#11085,.F.);
#11094=CARTESIAN_POINT('',(-6.025E0,7.030330085890E-1,7.397216082597E0));
#11095=DIRECTION('',(0.E0,-7.071067811860E-1,7.071067811871E-1));
#11096=DIRECTION('',(0.E0,-7.071067811871E-1,-7.071067811860E-1));
#11097=AXIS2_PLACEMENT_3D('',#11094,#11095,#11096);
#11098=PLANE('',#11097);
#11099=ORIENTED_EDGE('',*,*,#10989,.F.);
#11101=ORIENTED_EDGE('',*,*,#11100,.T.);
#11102=ORIENTED_EDGE('',*,*,#11030,.F.);
#11103=ORIENTED_EDGE('',*,*,#11089,.F.);
#11104=EDGE_LOOP('',(#11099,#11101,#11102,#11103));
#11105=FACE_OUTER_BOUND('',#11104,.F.);
#11106=ADVANCED_FACE('',(#11105),#11098,.T.);
#11107=CARTESIAN_POINT('',(-6.025E0,9.931980515339E-1,7.213117056830E0));
#11108=DIRECTION('',(0.E0,7.071067811863E-1,7.071067811868E-1));
#11109=DIRECTION('',(0.E0,-7.071067811868E-1,7.071067811863E-1));
#11110=AXIS2_PLACEMENT_3D('',#11107,#11108,#11109);
#11111=PLANE('',#11110);
#11112=ORIENTED_EDGE('',*,*,#11032,.F.);
#11113=ORIENTED_EDGE('',*,*,#11100,.F.);
#11114=ORIENTED_EDGE('',*,*,#10987,.F.);
#11116=ORIENTED_EDGE('',*,*,#11115,.F.);
#11117=EDGE_LOOP('',(#11112,#11113,#11114,#11116));
#11118=FACE_OUTER_BOUND('',#11117,.F.);
#11119=ADVANCED_FACE('',(#11118),#11111,.T.);
#11120=CARTESIAN_POINT('',(-6.389E0,7.E-1,6.445654936584E0));
#11121=DIRECTION('',(1.E0,0.E0,0.E0));
#11122=DIRECTION('',(0.E0,0.E0,-1.E0));
#11123=AXIS2_PLACEMENT_3D('',#11120,#11121,#11122);
#11124=CYLINDRICAL_SURFACE('',#11123,7.5E-1);
#11125=ORIENTED_EDGE('',*,*,#10985,.F.);
#11127=ORIENTED_EDGE('',*,*,#11126,.T.);
#11128=ORIENTED_EDGE('',*,*,#11034,.F.);
#11129=ORIENTED_EDGE('',*,*,#11115,.T.);
#11130=EDGE_LOOP('',(#11125,#11127,#11128,#11129));
#11131=FACE_OUTER_BOUND('',#11130,.F.);
#11132=ADVANCED_FACE('',(#11131),#11124,.T.);
#11133=CARTESIAN_POINT('',(-6.025E0,1.249647922242E0,5.897673064182E0));
#11134=DIRECTION('',(0.E0,8.660254037844E-1,-5.000000000001E-1));
#11135=DIRECTION('',(0.E0,5.000000000001E-1,8.660254037844E-1));
#11136=AXIS2_PLACEMENT_3D('',#11133,#11134,#11135);
#11137=PLANE('',#11136);
#11138=ORIENTED_EDGE('',*,*,#10983,.F.);
#11139=ORIENTED_EDGE('',*,*,#11009,.F.);
#11140=ORIENTED_EDGE('',*,*,#11036,.F.);
#11141=ORIENTED_EDGE('',*,*,#11126,.F.);
#11142=EDGE_LOOP('',(#11138,#11139,#11140,#11141));
#11143=FACE_OUTER_BOUND('',#11142,.F.);
#11144=ADVANCED_FACE('',(#11143),#11137,.T.);
#11145=CARTESIAN_POINT('',(-4.275E0,5.5E-1,5.15E0));
#11146=DIRECTION('',(1.E0,0.E0,0.E0));
#11147=DIRECTION('',(0.E0,0.E0,1.E0));
#11148=AXIS2_PLACEMENT_3D('',#11145,#11146,#11147);
#11149=PLANE('',#11148);
#11151=ORIENTED_EDGE('',*,*,#11150,.F.);
#11153=ORIENTED_EDGE('',*,*,#11152,.T.);
#11154=ORIENTED_EDGE('',*,*,#10557,.F.);
#11155=ORIENTED_EDGE('',*,*,#10199,.F.);
#11156=EDGE_LOOP('',(#11151,#11153,#11154,#11155));
#11157=FACE_OUTER_BOUND('',#11156,.F.);
#11158=ADVANCED_FACE('',(#11157),#11149,.F.);
#11159=CARTESIAN_POINT('',(-3.525E0,8.5E-1,5.15E0));
#11160=DIRECTION('',(0.E0,1.E0,0.E0));
#11161=DIRECTION('',(1.E0,0.E0,0.E0));
#11162=AXIS2_PLACEMENT_3D('',#11159,#11160,#11161);
#11163=PLANE('',#11162);
#11164=ORIENTED_EDGE('',*,*,#11150,.T.);
#11165=ORIENTED_EDGE('',*,*,#10197,.T.);
#11167=ORIENTED_EDGE('',*,*,#11166,.T.);
#11169=ORIENTED_EDGE('',*,*,#11168,.T.);
#11170=EDGE_LOOP('',(#11164,#11165,#11167,#11169));
#11171=FACE_OUTER_BOUND('',#11170,.F.);
#11173=ORIENTED_EDGE('',*,*,#11172,.T.);
#11175=ORIENTED_EDGE('',*,*,#11174,.T.);
#11177=ORIENTED_EDGE('',*,*,#11176,.T.);
#11179=ORIENTED_EDGE('',*,*,#11178,.T.);
#11180=EDGE_LOOP('',(#11173,#11175,#11177,#11179));
#11181=FACE_BOUND('',#11180,.F.);
#11182=ADVANCED_FACE('',(#11171,#11181),#11163,.T.);
#11183=CARTESIAN_POINT('',(-2.775E0,5.5E-1,5.15E0));
#11184=DIRECTION('',(1.E0,0.E0,0.E0));
#11185=DIRECTION('',(0.E0,0.E0,-1.E0));
#11186=AXIS2_PLACEMENT_3D('',#11183,#11184,#11185);
#11187=PLANE('',#11186);
#11188=ORIENTED_EDGE('',*,*,#11166,.F.);
#11189=ORIENTED_EDGE('',*,*,#10195,.F.);
#11190=ORIENTED_EDGE('',*,*,#10561,.F.);
#11192=ORIENTED_EDGE('',*,*,#11191,.F.);
#11193=EDGE_LOOP('',(#11188,#11189,#11190,#11192));
#11194=FACE_OUTER_BOUND('',#11193,.F.);
#11195=ADVANCED_FACE('',(#11194),#11187,.T.);
#11196=CARTESIAN_POINT('',(-3.525E0,5.5E-1,8.E0));
#11197=DIRECTION('',(0.E0,0.E0,1.E0));
#11198=DIRECTION('',(1.E0,0.E0,0.E0));
#11199=AXIS2_PLACEMENT_3D('',#11196,#11197,#11198);
#11200=PLANE('',#11199);
#11201=ORIENTED_EDGE('',*,*,#11152,.F.);
#11202=ORIENTED_EDGE('',*,*,#11168,.F.);
#11203=ORIENTED_EDGE('',*,*,#11191,.T.);
#11204=ORIENTED_EDGE('',*,*,#10559,.F.);
#11205=EDGE_LOOP('',(#11201,#11202,#11203,#11204));
#11206=FACE_OUTER_BOUND('',#11205,.F.);
#11207=ADVANCED_FACE('',(#11206),#11200,.T.);
#11208=CARTESIAN_POINT('',(-3.975E0,4.25E-1,5.6E0));
#11209=DIRECTION('',(1.E0,0.E0,0.E0));
#11210=DIRECTION('',(0.E0,0.E0,1.E0));
#11211=AXIS2_PLACEMENT_3D('',#11208,#11209,#11210);
#11212=PLANE('',#11211);
#11213=ORIENTED_EDGE('',*,*,#9336,.F.);
#11215=ORIENTED_EDGE('',*,*,#11214,.T.);
#11216=ORIENTED_EDGE('',*,*,#11172,.F.);
#11218=ORIENTED_EDGE('',*,*,#11217,.T.);
#11219=EDGE_LOOP('',(#11213,#11215,#11216,#11218));
#11220=FACE_OUTER_BOUND('',#11219,.F.);
#11221=ADVANCED_FACE('',(#11220),#11212,.T.);
#11222=CARTESIAN_POINT('',(-3.525E0,4.25E-1,7.7E0));
#11223=DIRECTION('',(0.E0,0.E0,1.E0));
#11224=DIRECTION('',(1.E0,0.E0,0.E0));
#11225=AXIS2_PLACEMENT_3D('',#11222,#11223,#11224);
#11226=PLANE('',#11225);
#11227=ORIENTED_EDGE('',*,*,#9342,.F.);
#11229=ORIENTED_EDGE('',*,*,#11228,.T.);
#11230=ORIENTED_EDGE('',*,*,#11174,.F.);
#11231=ORIENTED_EDGE('',*,*,#11214,.F.);
#11232=EDGE_LOOP('',(#11227,#11229,#11230,#11231));
#11233=FACE_OUTER_BOUND('',#11232,.F.);
#11234=ADVANCED_FACE('',(#11233),#11226,.F.);
#11235=CARTESIAN_POINT('',(-3.075E0,4.25E-1,5.6E0));
#11236=DIRECTION('',(1.E0,0.E0,0.E0));
#11237=DIRECTION('',(0.E0,0.E0,-1.E0));
#11238=AXIS2_PLACEMENT_3D('',#11235,#11236,#11237);
#11239=PLANE('',#11238);
#11240=ORIENTED_EDGE('',*,*,#9340,.F.);
#11242=ORIENTED_EDGE('',*,*,#11241,.T.);
#11243=ORIENTED_EDGE('',*,*,#11176,.F.);
#11244=ORIENTED_EDGE('',*,*,#11228,.F.);
#11245=EDGE_LOOP('',(#11240,#11242,#11243,#11244));
#11246=FACE_OUTER_BOUND('',#11245,.F.);
#11247=ADVANCED_FACE('',(#11246),#11239,.F.);
#11248=CARTESIAN_POINT('',(-3.525E0,4.25E-1,3.5E0));
#11249=DIRECTION('',(0.E0,0.E0,1.E0));
#11250=DIRECTION('',(-1.E0,0.E0,0.E0));
#11251=AXIS2_PLACEMENT_3D('',#11248,#11249,#11250);
#11252=PLANE('',#11251);
#11253=ORIENTED_EDGE('',*,*,#9338,.F.);
#11254=ORIENTED_EDGE('',*,*,#11217,.F.);
#11255=ORIENTED_EDGE('',*,*,#11178,.F.);
#11256=ORIENTED_EDGE('',*,*,#11241,.F.);
#11257=EDGE_LOOP('',(#11253,#11254,#11255,#11256));
#11258=FACE_OUTER_BOUND('',#11257,.F.);
#11260=ORIENTED_EDGE('',*,*,#11259,.T.);
#11262=ORIENTED_EDGE('',*,*,#11261,.F.);
#11264=ORIENTED_EDGE('',*,*,#11263,.T.);
#11266=ORIENTED_EDGE('',*,*,#11265,.F.);
#11267=EDGE_LOOP('',(#11260,#11262,#11264,#11266));
#11268=FACE_BOUND('',#11267,.F.);
#11269=ADVANCED_FACE('',(#11258,#11268),#11252,.T.);
#11270=CARTESIAN_POINT('',(-3.875E0,9.020053460652E-1,5.475124545593E0));
#11271=DIRECTION('',(1.E0,0.E0,0.E0));
#11272=DIRECTION('',(0.E0,0.E0,-1.E0));
#11273=AXIS2_PLACEMENT_3D('',#11270,#11271,#11272);
#11274=PLANE('',#11273);
#11275=ORIENTED_EDGE('',*,*,#11259,.F.);
#11277=ORIENTED_EDGE('',*,*,#11276,.T.);
#11279=ORIENTED_EDGE('',*,*,#11278,.T.);
#11281=ORIENTED_EDGE('',*,*,#11280,.T.);
#11283=ORIENTED_EDGE('',*,*,#11282,.T.);
#11285=ORIENTED_EDGE('',*,*,#11284,.T.);
#11287=ORIENTED_EDGE('',*,*,#11286,.T.);
#11289=ORIENTED_EDGE('',*,*,#11288,.T.);
#11291=ORIENTED_EDGE('',*,*,#11290,.T.);
#11293=ORIENTED_EDGE('',*,*,#11292,.T.);
#11294=EDGE_LOOP('',(#11275,#11277,#11279,#11281,#11283,#11285,#11287,#11289,
#11291,#11293));
#11295=FACE_OUTER_BOUND('',#11294,.F.);
#11296=ADVANCED_FACE('',(#11295),#11274,.F.);
#11297=CARTESIAN_POINT('',(-3.889E0,5.35E0,3.299691191779E0));
#11298=DIRECTION('',(1.E0,0.E0,0.E0));
#11299=DIRECTION('',(0.E0,0.E0,-1.E0));
#11300=AXIS2_PLACEMENT_3D('',#11297,#11298,#11299);
#11301=CYLINDRICAL_SURFACE('',#11300,4.85E0);
#11303=ORIENTED_EDGE('',*,*,#11302,.F.);
#11305=ORIENTED_EDGE('',*,*,#11304,.T.);
#11306=ORIENTED_EDGE('',*,*,#11276,.F.);
#11307=ORIENTED_EDGE('',*,*,#11265,.T.);
#11308=EDGE_LOOP('',(#11303,#11305,#11306,#11307));
#11309=FACE_OUTER_BOUND('',#11308,.F.);
#11310=ADVANCED_FACE('',(#11309),#11301,.F.);
#11311=CARTESIAN_POINT('',(-3.175E0,9.020053484439E-1,5.475124545593E0));
#11312=DIRECTION('',(1.E0,0.E0,0.E0));
#11313=DIRECTION('',(0.E0,0.E0,-1.E0));
#11314=AXIS2_PLACEMENT_3D('',#11311,#11312,#11313);
#11315=PLANE('',#11314);
#11316=ORIENTED_EDGE('',*,*,#11263,.F.);
#11318=ORIENTED_EDGE('',*,*,#11317,.T.);
#11320=ORIENTED_EDGE('',*,*,#11319,.T.);
#11322=ORIENTED_EDGE('',*,*,#11321,.T.);
#11324=ORIENTED_EDGE('',*,*,#11323,.T.);
#11326=ORIENTED_EDGE('',*,*,#11325,.T.);
#11328=ORIENTED_EDGE('',*,*,#11327,.T.);
#11330=ORIENTED_EDGE('',*,*,#11329,.T.);
#11332=ORIENTED_EDGE('',*,*,#11331,.T.);
#11333=ORIENTED_EDGE('',*,*,#11302,.T.);
#11334=EDGE_LOOP('',(#11316,#11318,#11320,#11322,#11324,#11326,#11328,#11330,
#11332,#11333));
#11335=FACE_OUTER_BOUND('',#11334,.F.);
#11336=ADVANCED_FACE('',(#11335),#11315,.T.);
#11337=CARTESIAN_POINT('',(-3.889E0,5.35E0,3.299691191779E0));
#11338=DIRECTION('',(1.E0,0.E0,0.E0));
#11339=DIRECTION('',(0.E0,0.E0,-1.E0));
#11340=AXIS2_PLACEMENT_3D('',#11337,#11338,#11339);
#11341=CYLINDRICAL_SURFACE('',#11340,5.E0);
#11342=ORIENTED_EDGE('',*,*,#11317,.F.);
#11343=ORIENTED_EDGE('',*,*,#11261,.T.);
#11344=ORIENTED_EDGE('',*,*,#11292,.F.);
#11346=ORIENTED_EDGE('',*,*,#11345,.T.);
#11347=EDGE_LOOP('',(#11342,#11343,#11344,#11346));
#11348=FACE_OUTER_BOUND('',#11347,.F.);
#11349=ADVANCED_FACE('',(#11348),#11341,.T.);
#11350=CARTESIAN_POINT('',(-3.525E0,1.119744111674E0,5.972673064182E0));
#11351=DIRECTION('',(0.E0,8.660254037844E-1,-5.000000000001E-1));
#11352=DIRECTION('',(0.E0,-5.000000000001E-1,-8.660254037844E-1));
#11353=AXIS2_PLACEMENT_3D('',#11350,#11351,#11352);
#11354=PLANE('',#11353);
#11355=ORIENTED_EDGE('',*,*,#11290,.F.);
#11357=ORIENTED_EDGE('',*,*,#11356,.F.);
#11358=ORIENTED_EDGE('',*,*,#11319,.F.);
#11359=ORIENTED_EDGE('',*,*,#11345,.F.);
#11360=EDGE_LOOP('',(#11355,#11357,#11358,#11359));
#11361=FACE_OUTER_BOUND('',#11360,.F.);
#11362=ADVANCED_FACE('',(#11361),#11354,.F.);
#11363=CARTESIAN_POINT('',(-3.889E0,7.E-1,6.445654936584E0));
#11364=DIRECTION('',(1.E0,0.E0,0.E0));
#11365=DIRECTION('',(0.E0,0.E0,-1.E0));
#11366=AXIS2_PLACEMENT_3D('',#11363,#11364,#11365);
#11367=CYLINDRICAL_SURFACE('',#11366,6.E-1);
#11368=ORIENTED_EDGE('',*,*,#11288,.F.);
#11370=ORIENTED_EDGE('',*,*,#11369,.T.);
#11371=ORIENTED_EDGE('',*,*,#11321,.F.);
#11372=ORIENTED_EDGE('',*,*,#11356,.T.);
#11373=EDGE_LOOP('',(#11368,#11370,#11371,#11372));
#11374=FACE_OUTER_BOUND('',#11373,.F.);
#11375=ADVANCED_FACE('',(#11374),#11367,.F.);
#11376=CARTESIAN_POINT('',(-3.525E0,8.871320343559E-1,7.107051039652E0));
#11377=DIRECTION('',(0.E0,7.071067811864E-1,7.071067811867E-1));
#11378=DIRECTION('',(0.E0,7.071067811867E-1,-7.071067811864E-1));
#11379=AXIS2_PLACEMENT_3D('',#11376,#11377,#11378);
#11380=PLANE('',#11379);
#11381=ORIENTED_EDGE('',*,*,#11323,.F.);
#11382=ORIENTED_EDGE('',*,*,#11369,.F.);
#11383=ORIENTED_EDGE('',*,*,#11286,.F.);
#11385=ORIENTED_EDGE('',*,*,#11384,.T.);
#11386=EDGE_LOOP('',(#11381,#11382,#11383,#11385));
#11387=FACE_OUTER_BOUND('',#11386,.F.);
#11388=ADVANCED_FACE('',(#11387),#11380,.F.);
#11389=CARTESIAN_POINT('',(-3.525E0,7.030330085890E-1,7.397216082597E0));
#11390=DIRECTION('',(0.E0,-7.071067811860E-1,7.071067811871E-1));
#11391=DIRECTION('',(0.E0,-7.071067811871E-1,-7.071067811860E-1));
#11392=AXIS2_PLACEMENT_3D('',#11389,#11390,#11391);
#11393=PLANE('',#11392);
#11394=ORIENTED_EDGE('',*,*,#11284,.F.);
#11396=ORIENTED_EDGE('',*,*,#11395,.T.);
#11397=ORIENTED_EDGE('',*,*,#11325,.F.);
#11398=ORIENTED_EDGE('',*,*,#11384,.F.);
#11399=EDGE_LOOP('',(#11394,#11396,#11397,#11398));
#11400=FACE_OUTER_BOUND('',#11399,.F.);
#11401=ADVANCED_FACE('',(#11400),#11393,.T.);
#11402=CARTESIAN_POINT('',(-3.525E0,9.931980515339E-1,7.213117056830E0));
#11403=DIRECTION('',(0.E0,7.071067811863E-1,7.071067811868E-1));
#11404=DIRECTION('',(0.E0,-7.071067811868E-1,7.071067811863E-1));
#11405=AXIS2_PLACEMENT_3D('',#11402,#11403,#11404);
#11406=PLANE('',#11405);
#11407=ORIENTED_EDGE('',*,*,#11327,.F.);
#11408=ORIENTED_EDGE('',*,*,#11395,.F.);
#11409=ORIENTED_EDGE('',*,*,#11282,.F.);
#11411=ORIENTED_EDGE('',*,*,#11410,.F.);
#11412=EDGE_LOOP('',(#11407,#11408,#11409,#11411));
#11413=FACE_OUTER_BOUND('',#11412,.F.);
#11414=ADVANCED_FACE('',(#11413),#11406,.T.);
#11415=CARTESIAN_POINT('',(-3.889E0,7.E-1,6.445654936584E0));
#11416=DIRECTION('',(1.E0,0.E0,0.E0));
#11417=DIRECTION('',(0.E0,0.E0,-1.E0));
#11418=AXIS2_PLACEMENT_3D('',#11415,#11416,#11417);
#11419=CYLINDRICAL_SURFACE('',#11418,7.5E-1);
#11420=ORIENTED_EDGE('',*,*,#11280,.F.);
#11422=ORIENTED_EDGE('',*,*,#11421,.T.);
#11423=ORIENTED_EDGE('',*,*,#11329,.F.);
#11424=ORIENTED_EDGE('',*,*,#11410,.T.);
#11425=EDGE_LOOP('',(#11420,#11422,#11423,#11424));
#11426=FACE_OUTER_BOUND('',#11425,.F.);
#11427=ADVANCED_FACE('',(#11426),#11419,.T.);
#11428=CARTESIAN_POINT('',(-3.525E0,1.249647922242E0,5.897673064182E0));
#11429=DIRECTION('',(0.E0,8.660254037844E-1,-5.000000000001E-1));
#11430=DIRECTION('',(0.E0,5.000000000001E-1,8.660254037844E-1));
#11431=AXIS2_PLACEMENT_3D('',#11428,#11429,#11430);
#11432=PLANE('',#11431);
#11433=ORIENTED_EDGE('',*,*,#11278,.F.);
#11434=ORIENTED_EDGE('',*,*,#11304,.F.);
#11435=ORIENTED_EDGE('',*,*,#11331,.F.);
#11436=ORIENTED_EDGE('',*,*,#11421,.F.);
#11437=EDGE_LOOP('',(#11433,#11434,#11435,#11436));
#11438=FACE_OUTER_BOUND('',#11437,.F.);
#11439=ADVANCED_FACE('',(#11438),#11432,.T.);
#11440=CARTESIAN_POINT('',(-1.775E0,5.5E-1,5.15E0));
#11441=DIRECTION('',(1.E0,0.E0,0.E0));
#11442=DIRECTION('',(0.E0,0.E0,1.E0));
#11443=AXIS2_PLACEMENT_3D('',#11440,#11441,#11442);
#11444=PLANE('',#11443);
#11446=ORIENTED_EDGE('',*,*,#11445,.F.);
#11448=ORIENTED_EDGE('',*,*,#11447,.T.);
#11449=ORIENTED_EDGE('',*,*,#10564,.F.);
#11450=ORIENTED_EDGE('',*,*,#10191,.F.);
#11451=EDGE_LOOP('',(#11446,#11448,#11449,#11450));
#11452=FACE_OUTER_BOUND('',#11451,.F.);
#11453=ADVANCED_FACE('',(#11452),#11444,.F.);
#11454=CARTESIAN_POINT('',(-1.025E0,8.5E-1,5.15E0));
#11455=DIRECTION('',(0.E0,1.E0,0.E0));
#11456=DIRECTION('',(1.E0,0.E0,0.E0));
#11457=AXIS2_PLACEMENT_3D('',#11454,#11455,#11456);
#11458=PLANE('',#11457);
#11459=ORIENTED_EDGE('',*,*,#11445,.T.);
#11460=ORIENTED_EDGE('',*,*,#10189,.T.);
#11462=ORIENTED_EDGE('',*,*,#11461,.T.);
#11464=ORIENTED_EDGE('',*,*,#11463,.T.);
#11465=EDGE_LOOP('',(#11459,#11460,#11462,#11464));
#11466=FACE_OUTER_BOUND('',#11465,.F.);
#11468=ORIENTED_EDGE('',*,*,#11467,.F.);
#11470=ORIENTED_EDGE('',*,*,#11469,.F.);
#11472=ORIENTED_EDGE('',*,*,#11471,.F.);
#11474=ORIENTED_EDGE('',*,*,#11473,.F.);
#11475=EDGE_LOOP('',(#11468,#11470,#11472,#11474));
#11476=FACE_BOUND('',#11475,.F.);
#11477=ADVANCED_FACE('',(#11466,#11476),#11458,.T.);
#11478=CARTESIAN_POINT('',(-2.75E-1,5.5E-1,5.15E0));
#11479=DIRECTION('',(1.E0,0.E0,0.E0));
#11480=DIRECTION('',(0.E0,0.E0,-1.E0));
#11481=AXIS2_PLACEMENT_3D('',#11478,#11479,#11480);
#11482=PLANE('',#11481);
#11483=ORIENTED_EDGE('',*,*,#11461,.F.);
#11484=ORIENTED_EDGE('',*,*,#10187,.F.);
#11485=ORIENTED_EDGE('',*,*,#10568,.F.);
#11487=ORIENTED_EDGE('',*,*,#11486,.F.);
#11488=EDGE_LOOP('',(#11483,#11484,#11485,#11487));
#11489=FACE_OUTER_BOUND('',#11488,.F.);
#11490=ADVANCED_FACE('',(#11489),#11482,.T.);
#11491=CARTESIAN_POINT('',(-1.025E0,5.5E-1,8.E0));
#11492=DIRECTION('',(0.E0,0.E0,1.E0));
#11493=DIRECTION('',(1.E0,0.E0,0.E0));
#11494=AXIS2_PLACEMENT_3D('',#11491,#11492,#11493);
#11495=PLANE('',#11494);
#11496=ORIENTED_EDGE('',*,*,#11447,.F.);
#11497=ORIENTED_EDGE('',*,*,#11463,.F.);
#11498=ORIENTED_EDGE('',*,*,#11486,.T.);
#11499=ORIENTED_EDGE('',*,*,#10566,.F.);
#11500=EDGE_LOOP('',(#11496,#11497,#11498,#11499));
#11501=FACE_OUTER_BOUND('',#11500,.F.);
#11502=ADVANCED_FACE('',(#11501),#11495,.T.);
#11503=CARTESIAN_POINT('',(-1.475E0,4.25E-1,5.6E0));
#11504=DIRECTION('',(1.E0,0.E0,0.E0));
#11505=DIRECTION('',(0.E0,0.E0,1.E0));
#11506=AXIS2_PLACEMENT_3D('',#11503,#11504,#11505);
#11507=PLANE('',#11506);
#11508=ORIENTED_EDGE('',*,*,#9286,.F.);
#11510=ORIENTED_EDGE('',*,*,#11509,.T.);
#11511=ORIENTED_EDGE('',*,*,#11467,.T.);
#11513=ORIENTED_EDGE('',*,*,#11512,.T.);
#11514=EDGE_LOOP('',(#11508,#11510,#11511,#11513));
#11515=FACE_OUTER_BOUND('',#11514,.F.);
#11516=ADVANCED_FACE('',(#11515),#11507,.T.);
#11517=CARTESIAN_POINT('',(-1.025E0,4.25E-1,7.7E0));
#11518=DIRECTION('',(0.E0,0.E0,1.E0));
#11519=DIRECTION('',(1.E0,0.E0,0.E0));
#11520=AXIS2_PLACEMENT_3D('',#11517,#11518,#11519);
#11521=PLANE('',#11520);
#11522=ORIENTED_EDGE('',*,*,#9292,.F.);
#11524=ORIENTED_EDGE('',*,*,#11523,.T.);
#11525=ORIENTED_EDGE('',*,*,#11469,.T.);
#11526=ORIENTED_EDGE('',*,*,#11509,.F.);
#11527=EDGE_LOOP('',(#11522,#11524,#11525,#11526));
#11528=FACE_OUTER_BOUND('',#11527,.F.);
#11529=ADVANCED_FACE('',(#11528),#11521,.F.);
#11530=CARTESIAN_POINT('',(-5.75E-1,4.25E-1,5.6E0));
#11531=DIRECTION('',(1.E0,0.E0,0.E0));
#11532=DIRECTION('',(0.E0,0.E0,-1.E0));
#11533=AXIS2_PLACEMENT_3D('',#11530,#11531,#11532);
#11534=PLANE('',#11533);
#11535=ORIENTED_EDGE('',*,*,#9290,.F.);
#11537=ORIENTED_EDGE('',*,*,#11536,.T.);
#11538=ORIENTED_EDGE('',*,*,#11471,.T.);
#11539=ORIENTED_EDGE('',*,*,#11523,.F.);
#11540=EDGE_LOOP('',(#11535,#11537,#11538,#11539));
#11541=FACE_OUTER_BOUND('',#11540,.F.);
#11542=ADVANCED_FACE('',(#11541),#11534,.F.);
#11543=CARTESIAN_POINT('',(-1.025E0,4.25E-1,3.5E0));
#11544=DIRECTION('',(0.E0,0.E0,1.E0));
#11545=DIRECTION('',(-1.E0,0.E0,0.E0));
#11546=AXIS2_PLACEMENT_3D('',#11543,#11544,#11545);
#11547=PLANE('',#11546);
#11548=ORIENTED_EDGE('',*,*,#9288,.F.);
#11549=ORIENTED_EDGE('',*,*,#11512,.F.);
#11550=ORIENTED_EDGE('',*,*,#11473,.T.);
#11551=ORIENTED_EDGE('',*,*,#11536,.F.);
#11552=EDGE_LOOP('',(#11548,#11549,#11550,#11551));
#11553=FACE_OUTER_BOUND('',#11552,.F.);
#11555=ORIENTED_EDGE('',*,*,#11554,.T.);
#11557=ORIENTED_EDGE('',*,*,#11556,.F.);
#11559=ORIENTED_EDGE('',*,*,#11558,.T.);
#11561=ORIENTED_EDGE('',*,*,#11560,.F.);
#11562=EDGE_LOOP('',(#11555,#11557,#11559,#11561));
#11563=FACE_BOUND('',#11562,.F.);
#11564=ADVANCED_FACE('',(#11553,#11563),#11547,.T.);
#11565=CARTESIAN_POINT('',(-1.375E0,9.020053460652E-1,5.475124545593E0));
#11566=DIRECTION('',(1.E0,0.E0,0.E0));
#11567=DIRECTION('',(0.E0,0.E0,-1.E0));
#11568=AXIS2_PLACEMENT_3D('',#11565,#11566,#11567);
#11569=PLANE('',#11568);
#11570=ORIENTED_EDGE('',*,*,#11554,.F.);
#11572=ORIENTED_EDGE('',*,*,#11571,.T.);
#11574=ORIENTED_EDGE('',*,*,#11573,.T.);
#11576=ORIENTED_EDGE('',*,*,#11575,.T.);
#11578=ORIENTED_EDGE('',*,*,#11577,.T.);
#11580=ORIENTED_EDGE('',*,*,#11579,.T.);
#11582=ORIENTED_EDGE('',*,*,#11581,.T.);
#11584=ORIENTED_EDGE('',*,*,#11583,.T.);
#11586=ORIENTED_EDGE('',*,*,#11585,.T.);
#11588=ORIENTED_EDGE('',*,*,#11587,.T.);
#11589=EDGE_LOOP('',(#11570,#11572,#11574,#11576,#11578,#11580,#11582,#11584,
#11586,#11588));
#11590=FACE_OUTER_BOUND('',#11589,.F.);
#11591=ADVANCED_FACE('',(#11590),#11569,.F.);
#11592=CARTESIAN_POINT('',(-1.389E0,5.35E0,3.299691191779E0));
#11593=DIRECTION('',(1.E0,0.E0,0.E0));
#11594=DIRECTION('',(0.E0,0.E0,-1.E0));
#11595=AXIS2_PLACEMENT_3D('',#11592,#11593,#11594);
#11596=CYLINDRICAL_SURFACE('',#11595,4.85E0);
#11598=ORIENTED_EDGE('',*,*,#11597,.F.);
#11600=ORIENTED_EDGE('',*,*,#11599,.T.);
#11601=ORIENTED_EDGE('',*,*,#11571,.F.);
#11602=ORIENTED_EDGE('',*,*,#11560,.T.);
#11603=EDGE_LOOP('',(#11598,#11600,#11601,#11602));
#11604=FACE_OUTER_BOUND('',#11603,.F.);
#11605=ADVANCED_FACE('',(#11604),#11596,.F.);
#11606=CARTESIAN_POINT('',(-6.75E-1,9.020053484439E-1,5.475124545593E0));
#11607=DIRECTION('',(1.E0,0.E0,0.E0));
#11608=DIRECTION('',(0.E0,0.E0,-1.E0));
#11609=AXIS2_PLACEMENT_3D('',#11606,#11607,#11608);
#11610=PLANE('',#11609);
#11611=ORIENTED_EDGE('',*,*,#11558,.F.);
#11613=ORIENTED_EDGE('',*,*,#11612,.T.);
#11615=ORIENTED_EDGE('',*,*,#11614,.T.);
#11617=ORIENTED_EDGE('',*,*,#11616,.T.);
#11619=ORIENTED_EDGE('',*,*,#11618,.T.);
#11621=ORIENTED_EDGE('',*,*,#11620,.T.);
#11623=ORIENTED_EDGE('',*,*,#11622,.T.);
#11625=ORIENTED_EDGE('',*,*,#11624,.T.);
#11627=ORIENTED_EDGE('',*,*,#11626,.T.);
#11628=ORIENTED_EDGE('',*,*,#11597,.T.);
#11629=EDGE_LOOP('',(#11611,#11613,#11615,#11617,#11619,#11621,#11623,#11625,
#11627,#11628));
#11630=FACE_OUTER_BOUND('',#11629,.F.);
#11631=ADVANCED_FACE('',(#11630),#11610,.T.);
#11632=CARTESIAN_POINT('',(-1.389E0,5.35E0,3.299691191779E0));
#11633=DIRECTION('',(1.E0,0.E0,0.E0));
#11634=DIRECTION('',(0.E0,0.E0,-1.E0));
#11635=AXIS2_PLACEMENT_3D('',#11632,#11633,#11634);
#11636=CYLINDRICAL_SURFACE('',#11635,5.E0);
#11637=ORIENTED_EDGE('',*,*,#11612,.F.);
#11638=ORIENTED_EDGE('',*,*,#11556,.T.);
#11639=ORIENTED_EDGE('',*,*,#11587,.F.);
#11641=ORIENTED_EDGE('',*,*,#11640,.T.);
#11642=EDGE_LOOP('',(#11637,#11638,#11639,#11641));
#11643=FACE_OUTER_BOUND('',#11642,.F.);
#11644=ADVANCED_FACE('',(#11643),#11636,.T.);
#11645=CARTESIAN_POINT('',(-1.025E0,1.119744111674E0,5.972673064182E0));
#11646=DIRECTION('',(0.E0,8.660254037844E-1,-5.000000000001E-1));
#11647=DIRECTION('',(0.E0,-5.000000000001E-1,-8.660254037844E-1));
#11648=AXIS2_PLACEMENT_3D('',#11645,#11646,#11647);
#11649=PLANE('',#11648);
#11650=ORIENTED_EDGE('',*,*,#11585,.F.);
#11652=ORIENTED_EDGE('',*,*,#11651,.F.);
#11653=ORIENTED_EDGE('',*,*,#11614,.F.);
#11654=ORIENTED_EDGE('',*,*,#11640,.F.);
#11655=EDGE_LOOP('',(#11650,#11652,#11653,#11654));
#11656=FACE_OUTER_BOUND('',#11655,.F.);
#11657=ADVANCED_FACE('',(#11656),#11649,.F.);
#11658=CARTESIAN_POINT('',(-1.389E0,7.E-1,6.445654936584E0));
#11659=DIRECTION('',(1.E0,0.E0,0.E0));
#11660=DIRECTION('',(0.E0,0.E0,-1.E0));
#11661=AXIS2_PLACEMENT_3D('',#11658,#11659,#11660);
#11662=CYLINDRICAL_SURFACE('',#11661,6.E-1);
#11663=ORIENTED_EDGE('',*,*,#11583,.F.);
#11665=ORIENTED_EDGE('',*,*,#11664,.T.);
#11666=ORIENTED_EDGE('',*,*,#11616,.F.);
#11667=ORIENTED_EDGE('',*,*,#11651,.T.);
#11668=EDGE_LOOP('',(#11663,#11665,#11666,#11667));
#11669=FACE_OUTER_BOUND('',#11668,.F.);
#11670=ADVANCED_FACE('',(#11669),#11662,.F.);
#11671=CARTESIAN_POINT('',(-1.025E0,8.871320343560E-1,7.107051039652E0));
#11672=DIRECTION('',(0.E0,7.071067811864E-1,7.071067811867E-1));
#11673=DIRECTION('',(0.E0,7.071067811867E-1,-7.071067811864E-1));
#11674=AXIS2_PLACEMENT_3D('',#11671,#11672,#11673);
#11675=PLANE('',#11674);
#11676=ORIENTED_EDGE('',*,*,#11618,.F.);
#11677=ORIENTED_EDGE('',*,*,#11664,.F.);
#11678=ORIENTED_EDGE('',*,*,#11581,.F.);
#11680=ORIENTED_EDGE('',*,*,#11679,.T.);
#11681=EDGE_LOOP('',(#11676,#11677,#11678,#11680));
#11682=FACE_OUTER_BOUND('',#11681,.F.);
#11683=ADVANCED_FACE('',(#11682),#11675,.F.);
#11684=CARTESIAN_POINT('',(-1.025E0,7.030330085890E-1,7.397216082597E0));
#11685=DIRECTION('',(0.E0,-7.071067811860E-1,7.071067811871E-1));
#11686=DIRECTION('',(0.E0,-7.071067811871E-1,-7.071067811860E-1));
#11687=AXIS2_PLACEMENT_3D('',#11684,#11685,#11686);
#11688=PLANE('',#11687);
#11689=ORIENTED_EDGE('',*,*,#11579,.F.);
#11691=ORIENTED_EDGE('',*,*,#11690,.T.);
#11692=ORIENTED_EDGE('',*,*,#11620,.F.);
#11693=ORIENTED_EDGE('',*,*,#11679,.F.);
#11694=EDGE_LOOP('',(#11689,#11691,#11692,#11693));
#11695=FACE_OUTER_BOUND('',#11694,.F.);
#11696=ADVANCED_FACE('',(#11695),#11688,.T.);
#11697=CARTESIAN_POINT('',(-1.025E0,9.931980515339E-1,7.213117056830E0));
#11698=DIRECTION('',(0.E0,7.071067811863E-1,7.071067811868E-1));
#11699=DIRECTION('',(0.E0,-7.071067811868E-1,7.071067811863E-1));
#11700=AXIS2_PLACEMENT_3D('',#11697,#11698,#11699);
#11701=PLANE('',#11700);
#11702=ORIENTED_EDGE('',*,*,#11622,.F.);
#11703=ORIENTED_EDGE('',*,*,#11690,.F.);
#11704=ORIENTED_EDGE('',*,*,#11577,.F.);
#11706=ORIENTED_EDGE('',*,*,#11705,.F.);
#11707=EDGE_LOOP('',(#11702,#11703,#11704,#11706));
#11708=FACE_OUTER_BOUND('',#11707,.F.);
#11709=ADVANCED_FACE('',(#11708),#11701,.T.);
#11710=CARTESIAN_POINT('',(-1.389E0,7.E-1,6.445654936584E0));
#11711=DIRECTION('',(1.E0,0.E0,0.E0));
#11712=DIRECTION('',(0.E0,0.E0,-1.E0));
#11713=AXIS2_PLACEMENT_3D('',#11710,#11711,#11712);
#11714=CYLINDRICAL_SURFACE('',#11713,7.5E-1);
#11715=ORIENTED_EDGE('',*,*,#11575,.F.);
#11717=ORIENTED_EDGE('',*,*,#11716,.T.);
#11718=ORIENTED_EDGE('',*,*,#11624,.F.);
#11719=ORIENTED_EDGE('',*,*,#11705,.T.);
#11720=EDGE_LOOP('',(#11715,#11717,#11718,#11719));
#11721=FACE_OUTER_BOUND('',#11720,.F.);
#11722=ADVANCED_FACE('',(#11721),#11714,.T.);
#11723=CARTESIAN_POINT('',(-1.025E0,1.249647922242E0,5.897673064182E0));
#11724=DIRECTION('',(0.E0,8.660254037844E-1,-5.000000000001E-1));
#11725=DIRECTION('',(0.E0,5.000000000001E-1,8.660254037844E-1));
#11726=AXIS2_PLACEMENT_3D('',#11723,#11724,#11725);
#11727=PLANE('',#11726);
#11728=ORIENTED_EDGE('',*,*,#11573,.F.);
#11729=ORIENTED_EDGE('',*,*,#11599,.F.);
#11730=ORIENTED_EDGE('',*,*,#11626,.F.);
#11731=ORIENTED_EDGE('',*,*,#11716,.F.);
#11732=EDGE_LOOP('',(#11728,#11729,#11730,#11731));
#11733=FACE_OUTER_BOUND('',#11732,.F.);
#11734=ADVANCED_FACE('',(#11733),#11727,.T.);
#11735=CARTESIAN_POINT('',(7.25E-1,5.5E-1,5.15E0));
#11736=DIRECTION('',(1.E0,0.E0,0.E0));
#11737=DIRECTION('',(0.E0,0.E0,1.E0));
#11738=AXIS2_PLACEMENT_3D('',#11735,#11736,#11737);
#11739=PLANE('',#11738);
#11741=ORIENTED_EDGE('',*,*,#11740,.F.);
#11743=ORIENTED_EDGE('',*,*,#11742,.T.);
#11744=ORIENTED_EDGE('',*,*,#10571,.F.);
#11745=ORIENTED_EDGE('',*,*,#10183,.F.);
#11746=EDGE_LOOP('',(#11741,#11743,#11744,#11745));
#11747=FACE_OUTER_BOUND('',#11746,.F.);
#11748=ADVANCED_FACE('',(#11747),#11739,.F.);
#11749=CARTESIAN_POINT('',(1.475E0,8.5E-1,5.15E0));
#11750=DIRECTION('',(0.E0,1.E0,0.E0));
#11751=DIRECTION('',(1.E0,0.E0,0.E0));
#11752=AXIS2_PLACEMENT_3D('',#11749,#11750,#11751);
#11753=PLANE('',#11752);
#11755=ORIENTED_EDGE('',*,*,#11754,.T.);
#11757=ORIENTED_EDGE('',*,*,#11756,.T.);
#11759=ORIENTED_EDGE('',*,*,#11758,.T.);
#11760=ORIENTED_EDGE('',*,*,#10173,.T.);
#11762=ORIENTED_EDGE('',*,*,#11761,.T.);
#11764=ORIENTED_EDGE('',*,*,#11763,.T.);
#11765=ORIENTED_EDGE('',*,*,#11740,.T.);
#11766=ORIENTED_EDGE('',*,*,#10181,.T.);
#11767=EDGE_LOOP('',(#11755,#11757,#11759,#11760,#11762,#11764,#11765,#11766));
#11768=FACE_OUTER_BOUND('',#11767,.F.);
#11770=ORIENTED_EDGE('',*,*,#11769,.T.);
#11772=ORIENTED_EDGE('',*,*,#11771,.T.);
#11774=ORIENTED_EDGE('',*,*,#11773,.T.);
#11776=ORIENTED_EDGE('',*,*,#11775,.T.);
#11778=ORIENTED_EDGE('',*,*,#11777,.T.);
#11780=ORIENTED_EDGE('',*,*,#11779,.T.);
#11782=ORIENTED_EDGE('',*,*,#11781,.T.);
#11784=ORIENTED_EDGE('',*,*,#11783,.T.);
#11786=ORIENTED_EDGE('',*,*,#11785,.T.);
#11788=ORIENTED_EDGE('',*,*,#11787,.T.);
#11790=ORIENTED_EDGE('',*,*,#11789,.T.);
#11792=ORIENTED_EDGE('',*,*,#11791,.T.);
#11793=EDGE_LOOP('',(#11770,#11772,#11774,#11776,#11778,#11780,#11782,#11784,
#11786,#11788,#11790,#11792));
#11794=FACE_BOUND('',#11793,.F.);
#11795=ADVANCED_FACE('',(#11768,#11794),#11753,.T.);
#11796=CARTESIAN_POINT('',(8.25E-1,1.150553676947E0,4.814035617896E0));
#11797=DIRECTION('',(1.E0,0.E0,0.E0));
#11798=DIRECTION('',(0.E0,0.E0,-1.E0));
#11799=AXIS2_PLACEMENT_3D('',#11796,#11797,#11798);
#11800=PLANE('',#11799);
#11801=ORIENTED_EDGE('',*,*,#11754,.F.);
#11802=ORIENTED_EDGE('',*,*,#10179,.F.);
#11804=ORIENTED_EDGE('',*,*,#11803,.T.);
#11806=ORIENTED_EDGE('',*,*,#11805,.T.);
#11808=ORIENTED_EDGE('',*,*,#11807,.T.);
#11810=ORIENTED_EDGE('',*,*,#11809,.T.);
#11811=ORIENTED_EDGE('',*,*,#11769,.F.);
#11813=ORIENTED_EDGE('',*,*,#11812,.T.);
#11815=ORIENTED_EDGE('',*,*,#11814,.T.);
#11817=ORIENTED_EDGE('',*,*,#11816,.T.);
#11818=EDGE_LOOP('',(#11801,#11802,#11804,#11806,#11808,#11810,#11811,#11813,
#11815,#11817));
#11819=FACE_OUTER_BOUND('',#11818,.F.);
#11820=ADVANCED_FACE('',(#11819),#11800,.F.);
#11821=CARTESIAN_POINT('',(7.99E-1,1.27E0,2.499691191779E0));
#11822=DIRECTION('',(1.E0,0.E0,0.E0));
#11823=DIRECTION('',(0.E0,0.E0,-1.E0));
#11824=AXIS2_PLACEMENT_3D('',#11821,#11822,#11823);
#11825=CYLINDRICAL_SURFACE('',#11824,3.5E-1);
#11826=ORIENTED_EDGE('',*,*,#10177,.T.);
#11828=ORIENTED_EDGE('',*,*,#11827,.F.);
#11830=ORIENTED_EDGE('',*,*,#11829,.T.);
#11831=ORIENTED_EDGE('',*,*,#11803,.F.);
#11832=EDGE_LOOP('',(#11826,#11828,#11830,#11831));
#11833=FACE_OUTER_BOUND('',#11832,.F.);
#11834=ADVANCED_FACE('',(#11833),#11825,.F.);
#11835=CARTESIAN_POINT('',(2.125E0,1.150553676947E0,4.814035617896E0));
#11836=DIRECTION('',(1.E0,0.E0,0.E0));
#11837=DIRECTION('',(0.E0,0.E0,-1.E0));
#11838=AXIS2_PLACEMENT_3D('',#11835,#11836,#11837);
#11839=PLANE('',#11838);
#11840=ORIENTED_EDGE('',*,*,#11758,.F.);
#11842=ORIENTED_EDGE('',*,*,#11841,.T.);
#11844=ORIENTED_EDGE('',*,*,#11843,.T.);
#11846=ORIENTED_EDGE('',*,*,#11845,.T.);
#11847=ORIENTED_EDGE('',*,*,#11781,.F.);
#11849=ORIENTED_EDGE('',*,*,#11848,.T.);
#11851=ORIENTED_EDGE('',*,*,#11850,.T.);
#11853=ORIENTED_EDGE('',*,*,#11852,.T.);
#11854=ORIENTED_EDGE('',*,*,#11827,.T.);
#11855=ORIENTED_EDGE('',*,*,#10175,.F.);
#11856=EDGE_LOOP('',(#11840,#11842,#11844,#11846,#11847,#11849,#11851,#11853,
#11854,#11855));
#11857=FACE_OUTER_BOUND('',#11856,.F.);
#11858=ADVANCED_FACE('',(#11857),#11839,.T.);
#11859=CARTESIAN_POINT('',(1.475E0,1.072760431642E0,4.779896625259E0));
#11860=DIRECTION('',(0.E0,9.910417265687E-1,-1.335525971282E-1));
#11861=DIRECTION('',(0.E0,-1.335525971282E-1,-9.910417265687E-1));
#11862=AXIS2_PLACEMENT_3D('',#11859,#11860,#11861);
#11863=PLANE('',#11862);
#11864=ORIENTED_EDGE('',*,*,#11841,.F.);
#11865=ORIENTED_EDGE('',*,*,#11756,.F.);
#11866=ORIENTED_EDGE('',*,*,#11816,.F.);
#11868=ORIENTED_EDGE('',*,*,#11867,.F.);
#11869=EDGE_LOOP('',(#11864,#11865,#11866,#11868));
#11870=FACE_OUTER_BOUND('',#11869,.F.);
#11872=ORIENTED_EDGE('',*,*,#11871,.F.);
#11874=ORIENTED_EDGE('',*,*,#11873,.T.);
#11876=ORIENTED_EDGE('',*,*,#11875,.F.);
#11878=ORIENTED_EDGE('',*,*,#11877,.F.);
#11879=EDGE_LOOP('',(#11872,#11874,#11876,#11878));
#11880=FACE_BOUND('',#11879,.F.);
#11881=ADVANCED_FACE('',(#11870,#11880),#11863,.F.);
#11882=CARTESIAN_POINT('',(7.99E-1,8.E-1,6.499691191779E0));
#11883=DIRECTION('',(1.E0,0.E0,0.E0));
#11884=DIRECTION('',(0.E0,0.E0,-1.E0));
#11885=AXIS2_PLACEMENT_3D('',#11882,#11883,#11884);
#11886=CYLINDRICAL_SURFACE('',#11885,5.E-1);
#11888=ORIENTED_EDGE('',*,*,#11887,.F.);
#11890=ORIENTED_EDGE('',*,*,#11889,.T.);
#11892=ORIENTED_EDGE('',*,*,#11891,.F.);
#11894=ORIENTED_EDGE('',*,*,#11893,.T.);
#11895=ORIENTED_EDGE('',*,*,#11843,.F.);
#11896=ORIENTED_EDGE('',*,*,#11867,.T.);
#11897=ORIENTED_EDGE('',*,*,#11814,.F.);
#11899=ORIENTED_EDGE('',*,*,#11898,.T.);
#11900=EDGE_LOOP('',(#11888,#11890,#11892,#11894,#11895,#11896,#11897,#11899));
#11901=FACE_OUTER_BOUND('',#11900,.F.);
#11902=ADVANCED_FACE('',(#11901),#11886,.F.);
#11903=CARTESIAN_POINT('',(1.125E0,1.160709989064E0,6.723367998975E0));
#11904=DIRECTION('',(1.E0,0.E0,0.E0));
#11905=DIRECTION('',(0.E0,0.E0,-1.E0));
#11906=AXIS2_PLACEMENT_3D('',#11903,#11904,#11905);
#11907=PLANE('',#11906);
#11909=ORIENTED_EDGE('',*,*,#11908,.T.);
#11911=ORIENTED_EDGE('',*,*,#11910,.T.);
#11913=ORIENTED_EDGE('',*,*,#11912,.T.);
#11914=ORIENTED_EDGE('',*,*,#11887,.T.);
#11915=EDGE_LOOP('',(#11909,#11911,#11913,#11914));
#11916=FACE_OUTER_BOUND('',#11915,.F.);
#11917=ADVANCED_FACE('',(#11916),#11907,.F.);
#11918=CARTESIAN_POINT('',(1.475E0,9.019453214213E-1,7.079953762118E0));
#11919=DIRECTION('',(0.E0,6.677812856854E-1,7.443575447917E-1));
#11920=DIRECTION('',(0.E0,7.443575447917E-1,-6.677812856854E-1));
#11921=AXIS2_PLACEMENT_3D('',#11918,#11919,#11920);
#11922=PLANE('',#11921);
#11924=ORIENTED_EDGE('',*,*,#11923,.F.);
#11925=ORIENTED_EDGE('',*,*,#11783,.F.);
#11926=ORIENTED_EDGE('',*,*,#11845,.F.);
#11927=ORIENTED_EDGE('',*,*,#11893,.F.);
#11929=ORIENTED_EDGE('',*,*,#11928,.F.);
#11931=ORIENTED_EDGE('',*,*,#11930,.F.);
#11932=ORIENTED_EDGE('',*,*,#11908,.F.);
#11933=ORIENTED_EDGE('',*,*,#11898,.F.);
#11934=ORIENTED_EDGE('',*,*,#11812,.F.);
#11935=ORIENTED_EDGE('',*,*,#11791,.F.);
#11937=ORIENTED_EDGE('',*,*,#11936,.F.);
#11939=ORIENTED_EDGE('',*,*,#11938,.F.);
#11940=EDGE_LOOP('',(#11924,#11925,#11926,#11927,#11929,#11931,#11932,#11933,
#11934,#11935,#11937,#11939));
#11941=FACE_OUTER_BOUND('',#11940,.F.);
#11942=ADVANCED_FACE('',(#11941),#11922,.F.);
#11943=CARTESIAN_POINT('',(1.925E0,4.25E-1,5.6E0));
#11944=DIRECTION('',(1.E0,0.E0,0.E0));
#11945=DIRECTION('',(0.E0,0.E0,-1.E0));
#11946=AXIS2_PLACEMENT_3D('',#11943,#11944,#11945);
#11947=PLANE('',#11946);
#11949=ORIENTED_EDGE('',*,*,#11948,.T.);
#11950=ORIENTED_EDGE('',*,*,#11777,.F.);
#11952=ORIENTED_EDGE('',*,*,#11951,.T.);
#11953=ORIENTED_EDGE('',*,*,#9300,.F.);
#11955=ORIENTED_EDGE('',*,*,#11954,.T.);
#11956=ORIENTED_EDGE('',*,*,#11785,.F.);
#11957=ORIENTED_EDGE('',*,*,#11923,.T.);
#11959=ORIENTED_EDGE('',*,*,#11958,.T.);
#11960=EDGE_LOOP('',(#11949,#11950,#11952,#11953,#11955,#11956,#11957,#11959));
#11961=FACE_OUTER_BOUND('',#11960,.F.);
#11962=ADVANCED_FACE('',(#11961),#11947,.F.);
#11963=CARTESIAN_POINT('',(1.475E0,1.002112514274E0,7.191607393837E0));
#11964=DIRECTION('',(0.E0,6.677812856853E-1,7.443575447918E-1));
#11965=DIRECTION('',(0.E0,-7.443575447918E-1,6.677812856853E-1));
#11966=AXIS2_PLACEMENT_3D('',#11963,#11964,#11965);
#11967=PLANE('',#11966);
#11968=ORIENTED_EDGE('',*,*,#11848,.F.);
#11969=ORIENTED_EDGE('',*,*,#11779,.F.);
#11970=ORIENTED_EDGE('',*,*,#11948,.F.);
#11972=ORIENTED_EDGE('',*,*,#11971,.T.);
#11974=ORIENTED_EDGE('',*,*,#11973,.F.);
#11976=ORIENTED_EDGE('',*,*,#11975,.T.);
#11978=ORIENTED_EDGE('',*,*,#11977,.F.);
#11980=ORIENTED_EDGE('',*,*,#11979,.T.);
#11982=ORIENTED_EDGE('',*,*,#11981,.F.);
#11983=ORIENTED_EDGE('',*,*,#11771,.F.);
#11984=ORIENTED_EDGE('',*,*,#11809,.F.);
#11986=ORIENTED_EDGE('',*,*,#11985,.F.);
#11987=EDGE_LOOP('',(#11968,#11969,#11970,#11972,#11974,#11976,#11978,#11980,
#11982,#11983,#11984,#11986));
#11988=FACE_OUTER_BOUND('',#11987,.F.);
#11989=ADVANCED_FACE('',(#11988),#11967,.T.);
#11990=CARTESIAN_POINT('',(1.475E0,7.200835964264E-1,7.343864375920E0));
#11991=DIRECTION('',(0.E0,7.443575447926E-1,-6.677812856844E-1));
#11992=DIRECTION('',(0.E0,-6.677812856844E-1,-7.443575447926E-1));
#11993=AXIS2_PLACEMENT_3D('',#11990,#11991,#11992);
#11994=PLANE('',#11993);
#11996=ORIENTED_EDGE('',*,*,#11995,.F.);
#11997=ORIENTED_EDGE('',*,*,#11979,.F.);
#11999=ORIENTED_EDGE('',*,*,#11998,.F.);
#12001=ORIENTED_EDGE('',*,*,#12000,.T.);
#12003=ORIENTED_EDGE('',*,*,#12002,.F.);
#12004=ORIENTED_EDGE('',*,*,#11971,.F.);
#12005=ORIENTED_EDGE('',*,*,#11958,.F.);
#12006=ORIENTED_EDGE('',*,*,#11938,.T.);
#12007=EDGE_LOOP('',(#11996,#11997,#11999,#12001,#12003,#12004,#12005,#12006));
#12008=FACE_OUTER_BOUND('',#12007,.F.);
#12009=ADVANCED_FACE('',(#12008),#11994,.F.);
#12010=CARTESIAN_POINT('',(1.025E0,4.25E-1,5.6E0));
#12011=DIRECTION('',(1.E0,0.E0,0.E0));
#12012=DIRECTION('',(0.E0,0.E0,1.E0));
#12013=AXIS2_PLACEMENT_3D('',#12010,#12011,#12012);
#12014=PLANE('',#12013);
#12015=ORIENTED_EDGE('',*,*,#11981,.T.);
#12016=ORIENTED_EDGE('',*,*,#11995,.T.);
#12017=ORIENTED_EDGE('',*,*,#11936,.T.);
#12018=ORIENTED_EDGE('',*,*,#11789,.F.);
#12020=ORIENTED_EDGE('',*,*,#12019,.T.);
#12021=ORIENTED_EDGE('',*,*,#9296,.F.);
#12023=ORIENTED_EDGE('',*,*,#12022,.F.);
#12024=ORIENTED_EDGE('',*,*,#11773,.F.);
#12025=EDGE_LOOP('',(#12015,#12016,#12017,#12018,#12020,#12021,#12023,#12024));
#12026=FACE_OUTER_BOUND('',#12025,.F.);
#12027=ADVANCED_FACE('',(#12026),#12014,.T.);
#12028=CARTESIAN_POINT('',(1.475E0,4.25E-1,3.5E0));
#12029=DIRECTION('',(0.E0,0.E0,1.E0));
#12030=DIRECTION('',(-1.E0,0.E0,0.E0));
#12031=AXIS2_PLACEMENT_3D('',#12028,#12029,#12030);
#12032=PLANE('',#12031);
#12033=ORIENTED_EDGE('',*,*,#9298,.F.);
#12034=ORIENTED_EDGE('',*,*,#12019,.F.);
#12035=ORIENTED_EDGE('',*,*,#11787,.F.);
#12036=ORIENTED_EDGE('',*,*,#11954,.F.);
#12037=EDGE_LOOP('',(#12033,#12034,#12035,#12036));
#12038=FACE_OUTER_BOUND('',#12037,.F.);
#12040=ORIENTED_EDGE('',*,*,#12039,.F.);
#12042=ORIENTED_EDGE('',*,*,#12041,.F.);
#12044=ORIENTED_EDGE('',*,*,#12043,.F.);
#12046=ORIENTED_EDGE('',*,*,#12045,.F.);
#12047=EDGE_LOOP('',(#12040,#12042,#12044,#12046));
#12048=FACE_BOUND('',#12047,.F.);
#12049=ADVANCED_FACE('',(#12038,#12048),#12032,.T.);
#12050=CARTESIAN_POINT('',(1.125E0,8.137333341870E-1,4.884577813561E0));
#12051=DIRECTION('',(1.E0,0.E0,0.E0));
#12052=DIRECTION('',(0.E0,0.E0,-1.E0));
#12053=AXIS2_PLACEMENT_3D('',#12050,#12051,#12052);
#12054=PLANE('',#12053);
#12055=ORIENTED_EDGE('',*,*,#11871,.T.);
#12057=ORIENTED_EDGE('',*,*,#12056,.T.);
#12059=ORIENTED_EDGE('',*,*,#12058,.T.);
#12061=ORIENTED_EDGE('',*,*,#12060,.T.);
#12062=ORIENTED_EDGE('',*,*,#12039,.T.);
#12064=ORIENTED_EDGE('',*,*,#12063,.T.);
#12066=ORIENTED_EDGE('',*,*,#12065,.T.);
#12067=EDGE_LOOP('',(#12055,#12057,#12059,#12061,#12062,#12064,#12066));
#12068=FACE_OUTER_BOUND('',#12067,.F.);
#12069=ADVANCED_FACE('',(#12068),#12054,.F.);
#12070=CARTESIAN_POINT('',(1.111E0,7.E-1,6.445654936584E0));
#12071=DIRECTION('',(1.E0,0.E0,0.E0));
#12072=DIRECTION('',(0.E0,0.E0,-1.E0));
#12073=AXIS2_PLACEMENT_3D('',#12070,#12071,#12072);
#12074=CYLINDRICAL_SURFACE('',#12073,6.E-1);
#12075=ORIENTED_EDGE('',*,*,#11877,.T.);
#12077=ORIENTED_EDGE('',*,*,#12076,.F.);
#12079=ORIENTED_EDGE('',*,*,#12078,.T.);
#12080=ORIENTED_EDGE('',*,*,#12056,.F.);
#12081=EDGE_LOOP('',(#12075,#12077,#12079,#12080));
#12082=FACE_OUTER_BOUND('',#12081,.F.);
#12083=ADVANCED_FACE('',(#12082),#12074,.F.);
#12084=CARTESIAN_POINT('',(1.825E0,8.137333341870E-1,4.884577813561E0));
#12085=DIRECTION('',(1.E0,0.E0,0.E0));
#12086=DIRECTION('',(0.E0,0.E0,-1.E0));
#12087=AXIS2_PLACEMENT_3D('',#12084,#12085,#12086);
#12088=PLANE('',#12087);
#12089=ORIENTED_EDGE('',*,*,#11875,.T.);
#12091=ORIENTED_EDGE('',*,*,#12090,.T.);
#12093=ORIENTED_EDGE('',*,*,#12092,.T.);
#12094=ORIENTED_EDGE('',*,*,#12043,.T.);
#12096=ORIENTED_EDGE('',*,*,#12095,.T.);
#12098=ORIENTED_EDGE('',*,*,#12097,.T.);
#12099=ORIENTED_EDGE('',*,*,#12076,.T.);
#12100=EDGE_LOOP('',(#12089,#12091,#12093,#12094,#12096,#12098,#12099));
#12101=FACE_OUTER_BOUND('',#12100,.F.);
#12102=ADVANCED_FACE('',(#12101),#12088,.T.);
#12103=CARTESIAN_POINT('',(1.475E0,1.182587051208E0,5.781520228352E0));
#12104=DIRECTION('',(0.E0,8.660254037854E-1,-4.999999999983E-1));
#12105=DIRECTION('',(0.E0,4.999999999983E-1,8.660254037854E-1));
#12106=AXIS2_PLACEMENT_3D('',#12103,#12104,#12105);
#12107=PLANE('',#12106);
#12108=ORIENTED_EDGE('',*,*,#11873,.F.);
#12109=ORIENTED_EDGE('',*,*,#12065,.F.);
#12111=ORIENTED_EDGE('',*,*,#12110,.F.);
#12112=ORIENTED_EDGE('',*,*,#12090,.F.);
#12113=EDGE_LOOP('',(#12108,#12109,#12111,#12112));
#12114=FACE_OUTER_BOUND('',#12113,.F.);
#12115=ADVANCED_FACE('',(#12114),#12107,.T.);
#12116=CARTESIAN_POINT('',(1.111E0,5.35E0,3.299691191779E0));
#12117=DIRECTION('',(1.E0,0.E0,0.E0));
#12118=DIRECTION('',(0.E0,0.E0,-1.E0));
#12119=AXIS2_PLACEMENT_3D('',#12116,#12117,#12118);
#12120=CYLINDRICAL_SURFACE('',#12119,4.85E0);
#12121=ORIENTED_EDGE('',*,*,#12092,.F.);
#12122=ORIENTED_EDGE('',*,*,#12110,.T.);
#12123=ORIENTED_EDGE('',*,*,#12063,.F.);
#12124=ORIENTED_EDGE('',*,*,#12045,.T.);
#12125=EDGE_LOOP('',(#12121,#12122,#12123,#12124));
#12126=FACE_OUTER_BOUND('',#12125,.F.);
#12127=ADVANCED_FACE('',(#12126),#12120,.F.);
#12128=CARTESIAN_POINT('',(1.111E0,5.35E0,3.299691191779E0));
#12129=DIRECTION('',(1.E0,0.E0,0.E0));
#12130=DIRECTION('',(0.E0,0.E0,-1.E0));
#12131=AXIS2_PLACEMENT_3D('',#12128,#12129,#12130);
#12132=CYLINDRICAL_SURFACE('',#12131,5.E0);
#12133=ORIENTED_EDGE('',*,*,#12095,.F.);
#12134=ORIENTED_EDGE('',*,*,#12041,.T.);
#12135=ORIENTED_EDGE('',*,*,#12060,.F.);
#12137=ORIENTED_EDGE('',*,*,#12136,.T.);
#12138=EDGE_LOOP('',(#12133,#12134,#12135,#12137));
#12139=FACE_OUTER_BOUND('',#12138,.F.);
#12140=ADVANCED_FACE('',(#12139),#12132,.T.);
#12141=CARTESIAN_POINT('',(1.475E0,1.119744111674E0,5.972673064182E0));
#12142=DIRECTION('',(0.E0,8.660254037844E-1,-5.000000000001E-1));
#12143=DIRECTION('',(0.E0,-5.000000000001E-1,-8.660254037844E-1));
#12144=AXIS2_PLACEMENT_3D('',#12141,#12142,#12143);
#12145=PLANE('',#12144);
#12146=ORIENTED_EDGE('',*,*,#12058,.F.);
#12147=ORIENTED_EDGE('',*,*,#12078,.F.);
#12148=ORIENTED_EDGE('',*,*,#12097,.F.);
#12149=ORIENTED_EDGE('',*,*,#12136,.F.);
#12150=EDGE_LOOP('',(#12146,#12147,#12148,#12149));
#12151=FACE_OUTER_BOUND('',#12150,.F.);
#12152=ADVANCED_FACE('',(#12151),#12145,.F.);
#12153=CARTESIAN_POINT('',(1.475E0,4.25E-1,7.7E0));
#12154=DIRECTION('',(0.E0,0.E0,1.E0));
#12155=DIRECTION('',(1.E0,0.E0,0.E0));
#12156=AXIS2_PLACEMENT_3D('',#12153,#12154,#12155);
#12157=PLANE('',#12156);
#12158=ORIENTED_EDGE('',*,*,#9302,.F.);
#12159=ORIENTED_EDGE('',*,*,#11951,.F.);
#12160=ORIENTED_EDGE('',*,*,#11775,.F.);
#12161=ORIENTED_EDGE('',*,*,#12022,.T.);
#12162=EDGE_LOOP('',(#12158,#12159,#12160,#12161));
#12163=FACE_OUTER_BOUND('',#12162,.F.);
#12164=ADVANCED_FACE('',(#12163),#12157,.F.);
#12165=CARTESIAN_POINT('',(1.125E0,8.872719161805E-1,7.266010183594E0));
#12166=DIRECTION('',(1.E0,0.E0,0.E0));
#12167=DIRECTION('',(0.E0,0.E0,-1.E0));
#12168=AXIS2_PLACEMENT_3D('',#12165,#12166,#12167);
#12169=PLANE('',#12168);
#12170=ORIENTED_EDGE('',*,*,#11977,.T.);
#12172=ORIENTED_EDGE('',*,*,#12171,.T.);
#12174=ORIENTED_EDGE('',*,*,#12173,.T.);
#12176=ORIENTED_EDGE('',*,*,#12175,.T.);
#12177=ORIENTED_EDGE('',*,*,#11998,.T.);
#12178=EDGE_LOOP('',(#12170,#12172,#12174,#12176,#12177));
#12179=FACE_OUTER_BOUND('',#12178,.F.);
#12180=ADVANCED_FACE('',(#12179),#12169,.F.);
#12181=CARTESIAN_POINT('',(1.475E0,9.403049247697E-1,7.266010183594E0));
#12182=DIRECTION('',(0.E0,7.071067811865E-1,7.071067811866E-1));
#12183=DIRECTION('',(0.E0,-7.071067811866E-1,7.071067811865E-1));
#12184=AXIS2_PLACEMENT_3D('',#12181,#12182,#12183);
#12185=PLANE('',#12184);
#12186=ORIENTED_EDGE('',*,*,#11975,.F.);
#12188=ORIENTED_EDGE('',*,*,#12187,.F.);
#12190=ORIENTED_EDGE('',*,*,#12189,.F.);
#12191=ORIENTED_EDGE('',*,*,#12171,.F.);
#12192=EDGE_LOOP('',(#12186,#12188,#12190,#12191));
#12193=FACE_OUTER_BOUND('',#12192,.F.);
#12194=ADVANCED_FACE('',(#12193),#12185,.T.);
#12195=CARTESIAN_POINT('',(1.825E0,8.872719161805E-1,7.266010183594E0));
#12196=DIRECTION('',(1.E0,0.E0,0.E0));
#12197=DIRECTION('',(0.E0,0.E0,-1.E0));
#12198=AXIS2_PLACEMENT_3D('',#12195,#12196,#12197);
#12199=PLANE('',#12198);
#12200=ORIENTED_EDGE('',*,*,#11973,.T.);
#12201=ORIENTED_EDGE('',*,*,#12002,.T.);
#12203=ORIENTED_EDGE('',*,*,#12202,.T.);
#12205=ORIENTED_EDGE('',*,*,#12204,.T.);
#12206=ORIENTED_EDGE('',*,*,#12187,.T.);
#12207=EDGE_LOOP('',(#12200,#12201,#12203,#12205,#12206));
#12208=FACE_OUTER_BOUND('',#12207,.F.);
#12209=ADVANCED_FACE('',(#12208),#12199,.T.);
#12210=CARTESIAN_POINT('',(1.475E0,6.685463614675E-1,7.325636712540E0));
#12211=DIRECTION('',(0.E0,7.071067811864E-1,7.071067811867E-1));
#12212=DIRECTION('',(0.E0,7.071067811867E-1,-7.071067811864E-1));
#12213=AXIS2_PLACEMENT_3D('',#12210,#12211,#12212);
#12214=PLANE('',#12213);
#12215=ORIENTED_EDGE('',*,*,#12000,.F.);
#12216=ORIENTED_EDGE('',*,*,#12175,.F.);
#12218=ORIENTED_EDGE('',*,*,#12217,.T.);
#12219=ORIENTED_EDGE('',*,*,#12202,.F.);
#12220=EDGE_LOOP('',(#12215,#12216,#12218,#12219));
#12221=FACE_OUTER_BOUND('',#12220,.F.);
#12222=ADVANCED_FACE('',(#12221),#12214,.F.);
#12223=CARTESIAN_POINT('',(1.475E0,7.030330085890E-1,7.397216082597E0));
#12224=DIRECTION('',(0.E0,-7.071067811860E-1,7.071067811871E-1));
#12225=DIRECTION('',(0.E0,-7.071067811871E-1,-7.071067811860E-1));
#12226=AXIS2_PLACEMENT_3D('',#12223,#12224,#12225);
#12227=PLANE('',#12226);
#12228=ORIENTED_EDGE('',*,*,#12173,.F.);
#12229=ORIENTED_EDGE('',*,*,#12189,.T.);
#12230=ORIENTED_EDGE('',*,*,#12204,.F.);
#12231=ORIENTED_EDGE('',*,*,#12217,.F.);
#12232=EDGE_LOOP('',(#12228,#12229,#12230,#12231));
#12233=FACE_OUTER_BOUND('',#12232,.F.);
#12234=ADVANCED_FACE('',(#12233),#12227,.T.);
#12235=CARTESIAN_POINT('',(7.99E-1,8.E-1,6.499691191779E0));
#12236=DIRECTION('',(1.E0,0.E0,0.E0));
#12237=DIRECTION('',(0.E0,0.E0,-1.E0));
#12238=AXIS2_PLACEMENT_3D('',#12235,#12236,#12237);
#12239=CYLINDRICAL_SURFACE('',#12238,6.5E-1);
#12241=ORIENTED_EDGE('',*,*,#12240,.F.);
#12243=ORIENTED_EDGE('',*,*,#12242,.T.);
#12245=ORIENTED_EDGE('',*,*,#12244,.F.);
#12247=ORIENTED_EDGE('',*,*,#12246,.T.);
#12248=ORIENTED_EDGE('',*,*,#11850,.F.);
#12249=ORIENTED_EDGE('',*,*,#11985,.T.);
#12250=ORIENTED_EDGE('',*,*,#11807,.F.);
#12252=ORIENTED_EDGE('',*,*,#12251,.T.);
#12253=EDGE_LOOP('',(#12241,#12243,#12245,#12247,#12248,#12249,#12250,#12252));
#12254=FACE_OUTER_BOUND('',#12253,.F.);
#12255=ADVANCED_FACE('',(#12254),#12239,.T.);
#12256=CARTESIAN_POINT('',(1.125E0,1.435350914651E0,6.355592821601E0));
#12257=DIRECTION('',(1.E0,0.E0,0.E0));
#12258=DIRECTION('',(0.E0,0.E0,-1.E0));
#12259=AXIS2_PLACEMENT_3D('',#12256,#12257,#12258);
#12260=PLANE('',#12259);
#12262=ORIENTED_EDGE('',*,*,#12261,.T.);
#12264=ORIENTED_EDGE('',*,*,#12263,.T.);
#12265=ORIENTED_EDGE('',*,*,#12240,.T.);
#12266=EDGE_LOOP('',(#12262,#12264,#12265));
#12267=FACE_OUTER_BOUND('',#12266,.F.);
#12268=ADVANCED_FACE('',(#12267),#12260,.F.);
#12269=CARTESIAN_POINT('',(1.475E0,1.183656258985E0,4.479658302210E0));
#12270=DIRECTION('',(0.E0,9.910417265687E-1,-1.335525971281E-1));
#12271=DIRECTION('',(0.E0,1.335525971281E-1,9.910417265687E-1));
#12272=AXIS2_PLACEMENT_3D('',#12269,#12270,#12271);
#12273=PLANE('',#12272);
#12274=ORIENTED_EDGE('',*,*,#11852,.F.);
#12275=ORIENTED_EDGE('',*,*,#12246,.F.);
#12277=ORIENTED_EDGE('',*,*,#12276,.F.);
#12279=ORIENTED_EDGE('',*,*,#12278,.F.);
#12280=ORIENTED_EDGE('',*,*,#12261,.F.);
#12281=ORIENTED_EDGE('',*,*,#12251,.F.);
#12282=ORIENTED_EDGE('',*,*,#11805,.F.);
#12283=ORIENTED_EDGE('',*,*,#11829,.F.);
#12284=EDGE_LOOP('',(#12274,#12275,#12277,#12279,#12280,#12281,#12282,#12283));
#12285=FACE_OUTER_BOUND('',#12284,.F.);
#12286=ADVANCED_FACE('',(#12285),#12273,.T.);
#12287=CARTESIAN_POINT('',(1.825E0,1.435350914651E0,6.355592821601E0));
#12288=DIRECTION('',(1.E0,0.E0,0.E0));
#12289=DIRECTION('',(0.E0,0.E0,-1.E0));
#12290=AXIS2_PLACEMENT_3D('',#12287,#12288,#12289);
#12291=PLANE('',#12290);
#12292=ORIENTED_EDGE('',*,*,#12276,.T.);
#12293=ORIENTED_EDGE('',*,*,#12244,.T.);
#12295=ORIENTED_EDGE('',*,*,#12294,.T.);
#12296=EDGE_LOOP('',(#12292,#12293,#12295));
#12297=FACE_OUTER_BOUND('',#12296,.F.);
#12298=ADVANCED_FACE('',(#12297),#12291,.T.);
#12299=CARTESIAN_POINT('',(1.111E0,7.E-1,6.445654936584E0));
#12300=DIRECTION('',(1.E0,0.E0,0.E0));
#12301=DIRECTION('',(0.E0,0.E0,-1.E0));
#12302=AXIS2_PLACEMENT_3D('',#12299,#12300,#12301);
#12303=CYLINDRICAL_SURFACE('',#12302,7.5E-1);
#12304=ORIENTED_EDGE('',*,*,#12278,.T.);
#12305=ORIENTED_EDGE('',*,*,#12294,.F.);
#12306=ORIENTED_EDGE('',*,*,#12242,.F.);
#12307=ORIENTED_EDGE('',*,*,#12263,.F.);
#12308=EDGE_LOOP('',(#12304,#12305,#12306,#12307));
#12309=FACE_OUTER_BOUND('',#12308,.F.);
#12310=ADVANCED_FACE('',(#12309),#12303,.T.);
#12311=CARTESIAN_POINT('',(1.825E0,1.160709989064E0,6.723367998975E0));
#12312=DIRECTION('',(1.E0,0.E0,0.E0));
#12313=DIRECTION('',(0.E0,0.E0,-1.E0));
#12314=AXIS2_PLACEMENT_3D('',#12311,#12312,#12313);
#12315=PLANE('',#12314);
#12316=ORIENTED_EDGE('',*,*,#11928,.T.);
#12317=ORIENTED_EDGE('',*,*,#11891,.T.);
#12319=ORIENTED_EDGE('',*,*,#12318,.T.);
#12321=ORIENTED_EDGE('',*,*,#12320,.T.);
#12322=EDGE_LOOP('',(#12316,#12317,#12319,#12321));
#12323=FACE_OUTER_BOUND('',#12322,.F.);
#12324=ADVANCED_FACE('',(#12323),#12315,.T.);
#12325=CARTESIAN_POINT('',(1.111E0,7.E-1,6.445654936584E0));
#12326=DIRECTION('',(1.E0,0.E0,0.E0));
#12327=DIRECTION('',(0.E0,0.E0,-1.E0));
#12328=AXIS2_PLACEMENT_3D('',#12325,#12326,#12327);
#12329=CYLINDRICAL_SURFACE('',#12328,6.E-1);
#12330=ORIENTED_EDGE('',*,*,#11889,.F.);
#12331=ORIENTED_EDGE('',*,*,#11912,.F.);
#12333=ORIENTED_EDGE('',*,*,#12332,.T.);
#12334=ORIENTED_EDGE('',*,*,#12318,.F.);
#12335=EDGE_LOOP('',(#12330,#12331,#12333,#12334));
#12336=FACE_OUTER_BOUND('',#12335,.F.);
#12337=ADVANCED_FACE('',(#12336),#12329,.F.);
#12338=CARTESIAN_POINT('',(1.475E0,1.072807800783E0,6.921375273225E0));
#12339=DIRECTION('',(0.E0,7.071067811864E-1,7.071067811867E-1));
#12340=DIRECTION('',(0.E0,7.071067811867E-1,-7.071067811864E-1));
#12341=AXIS2_PLACEMENT_3D('',#12338,#12339,#12340);
#12342=PLANE('',#12341);
#12343=ORIENTED_EDGE('',*,*,#11930,.T.);
#12344=ORIENTED_EDGE('',*,*,#12320,.F.);
#12345=ORIENTED_EDGE('',*,*,#12332,.F.);
#12346=ORIENTED_EDGE('',*,*,#11910,.F.);
#12347=EDGE_LOOP('',(#12343,#12344,#12345,#12346));
#12348=FACE_OUTER_BOUND('',#12347,.F.);
#12349=ADVANCED_FACE('',(#12348),#12342,.F.);
#12350=CARTESIAN_POINT('',(2.225E0,5.5E-1,5.15E0));
#12351=DIRECTION('',(1.E0,0.E0,0.E0));
#12352=DIRECTION('',(0.E0,0.E0,-1.E0));
#12353=AXIS2_PLACEMENT_3D('',#12350,#12351,#12352);
#12354=PLANE('',#12353);
#12355=ORIENTED_EDGE('',*,*,#11761,.F.);
#12356=ORIENTED_EDGE('',*,*,#10171,.F.);
#12357=ORIENTED_EDGE('',*,*,#10575,.F.);
#12359=ORIENTED_EDGE('',*,*,#12358,.F.);
#12360=EDGE_LOOP('',(#12355,#12356,#12357,#12359));
#12361=FACE_OUTER_BOUND('',#12360,.F.);
#12362=ADVANCED_FACE('',(#12361),#12354,.T.);
#12363=CARTESIAN_POINT('',(1.475E0,5.5E-1,8.E0));
#12364=DIRECTION('',(0.E0,0.E0,1.E0));
#12365=DIRECTION('',(1.E0,0.E0,0.E0));
#12366=AXIS2_PLACEMENT_3D('',#12363,#12364,#12365);
#12367=PLANE('',#12366);
#12368=ORIENTED_EDGE('',*,*,#11742,.F.);
#12369=ORIENTED_EDGE('',*,*,#11763,.F.);
#12370=ORIENTED_EDGE('',*,*,#12358,.T.);
#12371=ORIENTED_EDGE('',*,*,#10573,.F.);
#12372=EDGE_LOOP('',(#12368,#12369,#12370,#12371));
#12373=FACE_OUTER_BOUND('',#12372,.F.);
#12374=ADVANCED_FACE('',(#12373),#12367,.T.);
#12375=CARTESIAN_POINT('',(3.225E0,5.5E-1,5.15E0));
#12376=DIRECTION('',(1.E0,0.E0,0.E0));
#12377=DIRECTION('',(0.E0,0.E0,1.E0));
#12378=AXIS2_PLACEMENT_3D('',#12375,#12376,#12377);
#12379=PLANE('',#12378);
#12381=ORIENTED_EDGE('',*,*,#12380,.F.);
#12383=ORIENTED_EDGE('',*,*,#12382,.T.);
#12384=ORIENTED_EDGE('',*,*,#10578,.T.);
#12385=ORIENTED_EDGE('',*,*,#10167,.T.);
#12386=EDGE_LOOP('',(#12381,#12383,#12384,#12385));
#12387=FACE_OUTER_BOUND('',#12386,.F.);
#12388=ADVANCED_FACE('',(#12387),#12379,.F.);
#12389=CARTESIAN_POINT('',(3.975E0,8.5E-1,5.15E0));
#12390=DIRECTION('',(0.E0,1.E0,0.E0));
#12391=DIRECTION('',(1.E0,0.E0,0.E0));
#12392=AXIS2_PLACEMENT_3D('',#12389,#12390,#12391);
#12393=PLANE('',#12392);
#12394=ORIENTED_EDGE('',*,*,#12380,.T.);
#12395=ORIENTED_EDGE('',*,*,#10165,.T.);
#12397=ORIENTED_EDGE('',*,*,#12396,.T.);
#12399=ORIENTED_EDGE('',*,*,#12398,.T.);
#12400=EDGE_LOOP('',(#12394,#12395,#12397,#12399));
#12401=FACE_OUTER_BOUND('',#12400,.F.);
#12403=ORIENTED_EDGE('',*,*,#12402,.T.);
#12405=ORIENTED_EDGE('',*,*,#12404,.T.);
#12407=ORIENTED_EDGE('',*,*,#12406,.T.);
#12409=ORIENTED_EDGE('',*,*,#12408,.T.);
#12410=EDGE_LOOP('',(#12403,#12405,#12407,#12409));
#12411=FACE_BOUND('',#12410,.F.);
#12412=ADVANCED_FACE('',(#12401,#12411),#12393,.T.);
#12413=CARTESIAN_POINT('',(4.725E0,5.5E-1,5.15E0));
#12414=DIRECTION('',(1.E0,0.E0,0.E0));
#12415=DIRECTION('',(0.E0,0.E0,-1.E0));
#12416=AXIS2_PLACEMENT_3D('',#12413,#12414,#12415);
#12417=PLANE('',#12416);
#12418=ORIENTED_EDGE('',*,*,#12396,.F.);
#12419=ORIENTED_EDGE('',*,*,#10163,.T.);
#12420=ORIENTED_EDGE('',*,*,#10582,.T.);
#12422=ORIENTED_EDGE('',*,*,#12421,.F.);
#12423=EDGE_LOOP('',(#12418,#12419,#12420,#12422));
#12424=FACE_OUTER_BOUND('',#12423,.F.);
#12425=ADVANCED_FACE('',(#12424),#12417,.T.);
#12426=CARTESIAN_POINT('',(3.975E0,5.5E-1,8.E0));
#12427=DIRECTION('',(0.E0,0.E0,1.E0));
#12428=DIRECTION('',(1.E0,0.E0,0.E0));
#12429=AXIS2_PLACEMENT_3D('',#12426,#12427,#12428);
#12430=PLANE('',#12429);
#12431=ORIENTED_EDGE('',*,*,#12382,.F.);
#12432=ORIENTED_EDGE('',*,*,#12398,.F.);
#12433=ORIENTED_EDGE('',*,*,#12421,.T.);
#12434=ORIENTED_EDGE('',*,*,#10580,.T.);
#12435=EDGE_LOOP('',(#12431,#12432,#12433,#12434));
#12436=FACE_OUTER_BOUND('',#12435,.F.);
#12437=ADVANCED_FACE('',(#12436),#12430,.T.);
#12438=CARTESIAN_POINT('',(3.525E0,4.25E-1,5.6E0));
#12439=DIRECTION('',(1.E0,0.E0,0.E0));
#12440=DIRECTION('',(0.E0,0.E0,1.E0));
#12441=AXIS2_PLACEMENT_3D('',#12438,#12439,#12440);
#12442=PLANE('',#12441);
#12443=ORIENTED_EDGE('',*,*,#9306,.F.);
#12445=ORIENTED_EDGE('',*,*,#12444,.T.);
#12446=ORIENTED_EDGE('',*,*,#12402,.F.);
#12448=ORIENTED_EDGE('',*,*,#12447,.T.);
#12449=EDGE_LOOP('',(#12443,#12445,#12446,#12448));
#12450=FACE_OUTER_BOUND('',#12449,.F.);
#12451=ADVANCED_FACE('',(#12450),#12442,.T.);
#12452=CARTESIAN_POINT('',(3.975E0,4.25E-1,7.7E0));
#12453=DIRECTION('',(0.E0,0.E0,1.E0));
#12454=DIRECTION('',(1.E0,0.E0,0.E0));
#12455=AXIS2_PLACEMENT_3D('',#12452,#12453,#12454);
#12456=PLANE('',#12455);
#12457=ORIENTED_EDGE('',*,*,#9312,.F.);
#12459=ORIENTED_EDGE('',*,*,#12458,.T.);
#12460=ORIENTED_EDGE('',*,*,#12404,.F.);
#12461=ORIENTED_EDGE('',*,*,#12444,.F.);
#12462=EDGE_LOOP('',(#12457,#12459,#12460,#12461));
#12463=FACE_OUTER_BOUND('',#12462,.F.);
#12464=ADVANCED_FACE('',(#12463),#12456,.F.);
#12465=CARTESIAN_POINT('',(4.425E0,4.25E-1,5.6E0));
#12466=DIRECTION('',(1.E0,0.E0,0.E0));
#12467=DIRECTION('',(0.E0,0.E0,-1.E0));
#12468=AXIS2_PLACEMENT_3D('',#12465,#12466,#12467);
#12469=PLANE('',#12468);
#12470=ORIENTED_EDGE('',*,*,#9310,.F.);
#12472=ORIENTED_EDGE('',*,*,#12471,.T.);
#12473=ORIENTED_EDGE('',*,*,#12406,.F.);
#12474=ORIENTED_EDGE('',*,*,#12458,.F.);
#12475=EDGE_LOOP('',(#12470,#12472,#12473,#12474));
#12476=FACE_OUTER_BOUND('',#12475,.F.);
#12477=ADVANCED_FACE('',(#12476),#12469,.F.);
#12478=CARTESIAN_POINT('',(3.975E0,4.25E-1,3.5E0));
#12479=DIRECTION('',(0.E0,0.E0,1.E0));
#12480=DIRECTION('',(-1.E0,0.E0,0.E0));
#12481=AXIS2_PLACEMENT_3D('',#12478,#12479,#12480);
#12482=PLANE('',#12481);
#12483=ORIENTED_EDGE('',*,*,#9308,.F.);
#12484=ORIENTED_EDGE('',*,*,#12447,.F.);
#12485=ORIENTED_EDGE('',*,*,#12408,.F.);
#12486=ORIENTED_EDGE('',*,*,#12471,.F.);
#12487=EDGE_LOOP('',(#12483,#12484,#12485,#12486));
#12488=FACE_OUTER_BOUND('',#12487,.F.);
#12490=ORIENTED_EDGE('',*,*,#12489,.T.);
#12492=ORIENTED_EDGE('',*,*,#12491,.F.);
#12494=ORIENTED_EDGE('',*,*,#12493,.T.);
#12496=ORIENTED_EDGE('',*,*,#12495,.F.);
#12497=EDGE_LOOP('',(#12490,#12492,#12494,#12496));
#12498=FACE_BOUND('',#12497,.F.);
#12499=ADVANCED_FACE('',(#12488,#12498),#12482,.T.);
#12500=CARTESIAN_POINT('',(3.625E0,9.020053460652E-1,5.475124545593E0));
#12501=DIRECTION('',(1.E0,0.E0,0.E0));
#12502=DIRECTION('',(0.E0,0.E0,-1.E0));
#12503=AXIS2_PLACEMENT_3D('',#12500,#12501,#12502);
#12504=PLANE('',#12503);
#12505=ORIENTED_EDGE('',*,*,#12489,.F.);
#12507=ORIENTED_EDGE('',*,*,#12506,.T.);
#12509=ORIENTED_EDGE('',*,*,#12508,.T.);
#12511=ORIENTED_EDGE('',*,*,#12510,.T.);
#12513=ORIENTED_EDGE('',*,*,#12512,.T.);
#12515=ORIENTED_EDGE('',*,*,#12514,.T.);
#12517=ORIENTED_EDGE('',*,*,#12516,.T.);
#12519=ORIENTED_EDGE('',*,*,#12518,.T.);
#12521=ORIENTED_EDGE('',*,*,#12520,.T.);
#12523=ORIENTED_EDGE('',*,*,#12522,.T.);
#12524=EDGE_LOOP('',(#12505,#12507,#12509,#12511,#12513,#12515,#12517,#12519,
#12521,#12523));
#12525=FACE_OUTER_BOUND('',#12524,.F.);
#12526=ADVANCED_FACE('',(#12525),#12504,.F.);
#12527=CARTESIAN_POINT('',(3.611E0,5.35E0,3.299691191779E0));
#12528=DIRECTION('',(1.E0,0.E0,0.E0));
#12529=DIRECTION('',(0.E0,0.E0,-1.E0));
#12530=AXIS2_PLACEMENT_3D('',#12527,#12528,#12529);
#12531=CYLINDRICAL_SURFACE('',#12530,4.85E0);
#12533=ORIENTED_EDGE('',*,*,#12532,.F.);
#12535=ORIENTED_EDGE('',*,*,#12534,.T.);
#12536=ORIENTED_EDGE('',*,*,#12506,.F.);
#12537=ORIENTED_EDGE('',*,*,#12495,.T.);
#12538=EDGE_LOOP('',(#12533,#12535,#12536,#12537));
#12539=FACE_OUTER_BOUND('',#12538,.F.);
#12540=ADVANCED_FACE('',(#12539),#12531,.F.);
#12541=CARTESIAN_POINT('',(4.325E0,9.020053484439E-1,5.475124545593E0));
#12542=DIRECTION('',(1.E0,0.E0,0.E0));
#12543=DIRECTION('',(0.E0,0.E0,-1.E0));
#12544=AXIS2_PLACEMENT_3D('',#12541,#12542,#12543);
#12545=PLANE('',#12544);
#12546=ORIENTED_EDGE('',*,*,#12493,.F.);
#12548=ORIENTED_EDGE('',*,*,#12547,.T.);
#12550=ORIENTED_EDGE('',*,*,#12549,.T.);
#12552=ORIENTED_EDGE('',*,*,#12551,.T.);
#12554=ORIENTED_EDGE('',*,*,#12553,.T.);
#12556=ORIENTED_EDGE('',*,*,#12555,.T.);
#12558=ORIENTED_EDGE('',*,*,#12557,.T.);
#12560=ORIENTED_EDGE('',*,*,#12559,.T.);
#12562=ORIENTED_EDGE('',*,*,#12561,.T.);
#12563=ORIENTED_EDGE('',*,*,#12532,.T.);
#12564=EDGE_LOOP('',(#12546,#12548,#12550,#12552,#12554,#12556,#12558,#12560,
#12562,#12563));
#12565=FACE_OUTER_BOUND('',#12564,.F.);
#12566=ADVANCED_FACE('',(#12565),#12545,.T.);
#12567=CARTESIAN_POINT('',(3.611E0,5.35E0,3.299691191779E0));
#12568=DIRECTION('',(1.E0,0.E0,0.E0));
#12569=DIRECTION('',(0.E0,0.E0,-1.E0));
#12570=AXIS2_PLACEMENT_3D('',#12567,#12568,#12569);
#12571=CYLINDRICAL_SURFACE('',#12570,5.E0);
#12572=ORIENTED_EDGE('',*,*,#12547,.F.);
#12573=ORIENTED_EDGE('',*,*,#12491,.T.);
#12574=ORIENTED_EDGE('',*,*,#12522,.F.);
#12576=ORIENTED_EDGE('',*,*,#12575,.T.);
#12577=EDGE_LOOP('',(#12572,#12573,#12574,#12576));
#12578=FACE_OUTER_BOUND('',#12577,.F.);
#12579=ADVANCED_FACE('',(#12578),#12571,.T.);
#12580=CARTESIAN_POINT('',(3.975E0,1.119744111674E0,5.972673064182E0));
#12581=DIRECTION('',(0.E0,8.660254037844E-1,-5.000000000001E-1));
#12582=DIRECTION('',(0.E0,-5.000000000001E-1,-8.660254037844E-1));
#12583=AXIS2_PLACEMENT_3D('',#12580,#12581,#12582);
#12584=PLANE('',#12583);
#12585=ORIENTED_EDGE('',*,*,#12520,.F.);
#12587=ORIENTED_EDGE('',*,*,#12586,.F.);
#12588=ORIENTED_EDGE('',*,*,#12549,.F.);
#12589=ORIENTED_EDGE('',*,*,#12575,.F.);
#12590=EDGE_LOOP('',(#12585,#12587,#12588,#12589));
#12591=FACE_OUTER_BOUND('',#12590,.F.);
#12592=ADVANCED_FACE('',(#12591),#12584,.F.);
#12593=CARTESIAN_POINT('',(3.611E0,7.E-1,6.445654936584E0));
#12594=DIRECTION('',(1.E0,0.E0,0.E0));
#12595=DIRECTION('',(0.E0,0.E0,-1.E0));
#12596=AXIS2_PLACEMENT_3D('',#12593,#12594,#12595);
#12597=CYLINDRICAL_SURFACE('',#12596,6.E-1);
#12598=ORIENTED_EDGE('',*,*,#12518,.F.);
#12600=ORIENTED_EDGE('',*,*,#12599,.T.);
#12601=ORIENTED_EDGE('',*,*,#12551,.F.);
#12602=ORIENTED_EDGE('',*,*,#12586,.T.);
#12603=EDGE_LOOP('',(#12598,#12600,#12601,#12602));
#12604=FACE_OUTER_BOUND('',#12603,.F.);
#12605=ADVANCED_FACE('',(#12604),#12597,.F.);
#12606=CARTESIAN_POINT('',(3.975E0,8.871320343560E-1,7.107051039652E0));
#12607=DIRECTION('',(0.E0,7.071067811864E-1,7.071067811867E-1));
#12608=DIRECTION('',(0.E0,7.071067811867E-1,-7.071067811864E-1));
#12609=AXIS2_PLACEMENT_3D('',#12606,#12607,#12608);
#12610=PLANE('',#12609);
#12611=ORIENTED_EDGE('',*,*,#12553,.F.);
#12612=ORIENTED_EDGE('',*,*,#12599,.F.);
#12613=ORIENTED_EDGE('',*,*,#12516,.F.);
#12615=ORIENTED_EDGE('',*,*,#12614,.T.);
#12616=EDGE_LOOP('',(#12611,#12612,#12613,#12615));
#12617=FACE_OUTER_BOUND('',#12616,.F.);
#12618=ADVANCED_FACE('',(#12617),#12610,.F.);
#12619=CARTESIAN_POINT('',(3.975E0,7.030330085890E-1,7.397216082597E0));
#12620=DIRECTION('',(0.E0,-7.071067811860E-1,7.071067811871E-1));
#12621=DIRECTION('',(0.E0,-7.071067811871E-1,-7.071067811860E-1));
#12622=AXIS2_PLACEMENT_3D('',#12619,#12620,#12621);
#12623=PLANE('',#12622);
#12624=ORIENTED_EDGE('',*,*,#12514,.F.);
#12626=ORIENTED_EDGE('',*,*,#12625,.T.);
#12627=ORIENTED_EDGE('',*,*,#12555,.F.);
#12628=ORIENTED_EDGE('',*,*,#12614,.F.);
#12629=EDGE_LOOP('',(#12624,#12626,#12627,#12628));
#12630=FACE_OUTER_BOUND('',#12629,.F.);
#12631=ADVANCED_FACE('',(#12630),#12623,.T.);
#12632=CARTESIAN_POINT('',(3.975E0,9.931980515339E-1,7.213117056830E0));
#12633=DIRECTION('',(0.E0,7.071067811863E-1,7.071067811868E-1));
#12634=DIRECTION('',(0.E0,-7.071067811868E-1,7.071067811863E-1));
#12635=AXIS2_PLACEMENT_3D('',#12632,#12633,#12634);
#12636=PLANE('',#12635);
#12637=ORIENTED_EDGE('',*,*,#12557,.F.);
#12638=ORIENTED_EDGE('',*,*,#12625,.F.);
#12639=ORIENTED_EDGE('',*,*,#12512,.F.);
#12641=ORIENTED_EDGE('',*,*,#12640,.F.);
#12642=EDGE_LOOP('',(#12637,#12638,#12639,#12641));
#12643=FACE_OUTER_BOUND('',#12642,.F.);
#12644=ADVANCED_FACE('',(#12643),#12636,.T.);
#12645=CARTESIAN_POINT('',(3.611E0,7.E-1,6.445654936584E0));
#12646=DIRECTION('',(1.E0,0.E0,0.E0));
#12647=DIRECTION('',(0.E0,0.E0,-1.E0));
#12648=AXIS2_PLACEMENT_3D('',#12645,#12646,#12647);
#12649=CYLINDRICAL_SURFACE('',#12648,7.5E-1);
#12650=ORIENTED_EDGE('',*,*,#12510,.F.);
#12652=ORIENTED_EDGE('',*,*,#12651,.T.);
#12653=ORIENTED_EDGE('',*,*,#12559,.F.);
#12654=ORIENTED_EDGE('',*,*,#12640,.T.);
#12655=EDGE_LOOP('',(#12650,#12652,#12653,#12654));
#12656=FACE_OUTER_BOUND('',#12655,.F.);
#12657=ADVANCED_FACE('',(#12656),#12649,.T.);
#12658=CARTESIAN_POINT('',(3.975E0,1.249647922242E0,5.897673064182E0));
#12659=DIRECTION('',(0.E0,8.660254037844E-1,-5.000000000001E-1));
#12660=DIRECTION('',(0.E0,5.000000000001E-1,8.660254037844E-1));
#12661=AXIS2_PLACEMENT_3D('',#12658,#12659,#12660);
#12662=PLANE('',#12661);
#12663=ORIENTED_EDGE('',*,*,#12508,.F.);
#12664=ORIENTED_EDGE('',*,*,#12534,.F.);
#12665=ORIENTED_EDGE('',*,*,#12561,.F.);
#12666=ORIENTED_EDGE('',*,*,#12651,.F.);
#12667=EDGE_LOOP('',(#12663,#12664,#12665,#12666));
#12668=FACE_OUTER_BOUND('',#12667,.F.);
#12669=ADVANCED_FACE('',(#12668),#12662,.T.);
#12670=CARTESIAN_POINT('',(5.725E0,5.5E-1,5.15E0));
#12671=DIRECTION('',(1.E0,0.E0,0.E0));
#12672=DIRECTION('',(0.E0,0.E0,1.E0));
#12673=AXIS2_PLACEMENT_3D('',#12670,#12671,#12672);
#12674=PLANE('',#12673);
#12676=ORIENTED_EDGE('',*,*,#12675,.T.);
#12677=ORIENTED_EDGE('',*,*,#10585,.F.);
#12678=ORIENTED_EDGE('',*,*,#10159,.F.);
#12680=ORIENTED_EDGE('',*,*,#12679,.F.);
#12681=EDGE_LOOP('',(#12676,#12677,#12678,#12680));
#12682=FACE_OUTER_BOUND('',#12681,.F.);
#12683=ADVANCED_FACE('',(#12682),#12674,.F.);
#12684=CARTESIAN_POINT('',(6.475E0,5.5E-1,8.E0));
#12685=DIRECTION('',(0.E0,0.E0,1.E0));
#12686=DIRECTION('',(1.E0,0.E0,0.E0));
#12687=AXIS2_PLACEMENT_3D('',#12684,#12685,#12686);
#12688=PLANE('',#12687);
#12689=ORIENTED_EDGE('',*,*,#12675,.F.);
#12691=ORIENTED_EDGE('',*,*,#12690,.F.);
#12693=ORIENTED_EDGE('',*,*,#12692,.T.);
#12694=ORIENTED_EDGE('',*,*,#10587,.F.);
#12695=EDGE_LOOP('',(#12689,#12691,#12693,#12694));
#12696=FACE_OUTER_BOUND('',#12695,.F.);
#12697=ADVANCED_FACE('',(#12696),#12688,.T.);
#12698=CARTESIAN_POINT('',(6.475E0,8.5E-1,5.15E0));
#12699=DIRECTION('',(0.E0,1.E0,0.E0));
#12700=DIRECTION('',(1.E0,0.E0,0.E0));
#12701=AXIS2_PLACEMENT_3D('',#12698,#12699,#12700);
#12702=PLANE('',#12701);
#12703=ORIENTED_EDGE('',*,*,#10157,.T.);
#12705=ORIENTED_EDGE('',*,*,#12704,.T.);
#12706=ORIENTED_EDGE('',*,*,#12690,.T.);
#12707=ORIENTED_EDGE('',*,*,#12679,.T.);
#12708=EDGE_LOOP('',(#12703,#12705,#12706,#12707));
#12709=FACE_OUTER_BOUND('',#12708,.F.);
#12711=ORIENTED_EDGE('',*,*,#12710,.T.);
#12713=ORIENTED_EDGE('',*,*,#12712,.T.);
#12715=ORIENTED_EDGE('',*,*,#12714,.T.);
#12717=ORIENTED_EDGE('',*,*,#12716,.T.);
#12718=EDGE_LOOP('',(#12711,#12713,#12715,#12717));
#12719=FACE_BOUND('',#12718,.F.);
#12720=ADVANCED_FACE('',(#12709,#12719),#12702,.T.);
#12721=CARTESIAN_POINT('',(7.225E0,5.5E-1,5.15E0));
#12722=DIRECTION('',(1.E0,0.E0,0.E0));
#12723=DIRECTION('',(0.E0,0.E0,-1.E0));
#12724=AXIS2_PLACEMENT_3D('',#12721,#12722,#12723);
#12725=PLANE('',#12724);
#12726=ORIENTED_EDGE('',*,*,#10155,.F.);
#12727=ORIENTED_EDGE('',*,*,#10589,.F.);
#12728=ORIENTED_EDGE('',*,*,#12692,.F.);
#12729=ORIENTED_EDGE('',*,*,#12704,.F.);
#12730=EDGE_LOOP('',(#12726,#12727,#12728,#12729));
#12731=FACE_OUTER_BOUND('',#12730,.F.);
#12732=ADVANCED_FACE('',(#12731),#12725,.T.);
#12733=CARTESIAN_POINT('',(6.025E0,4.25E-1,5.6E0));
#12734=DIRECTION('',(1.E0,0.E0,0.E0));
#12735=DIRECTION('',(0.E0,0.E0,1.E0));
#12736=AXIS2_PLACEMENT_3D('',#12733,#12734,#12735);
#12737=PLANE('',#12736);
#12738=ORIENTED_EDGE('',*,*,#9316,.F.);
#12740=ORIENTED_EDGE('',*,*,#12739,.T.);
#12741=ORIENTED_EDGE('',*,*,#12710,.F.);
#12743=ORIENTED_EDGE('',*,*,#12742,.T.);
#12744=EDGE_LOOP('',(#12738,#12740,#12741,#12743));
#12745=FACE_OUTER_BOUND('',#12744,.F.);
#12746=ADVANCED_FACE('',(#12745),#12737,.T.);
#12747=CARTESIAN_POINT('',(6.475E0,4.25E-1,7.7E0));
#12748=DIRECTION('',(0.E0,0.E0,1.E0));
#12749=DIRECTION('',(1.E0,0.E0,0.E0));
#12750=AXIS2_PLACEMENT_3D('',#12747,#12748,#12749);
#12751=PLANE('',#12750);
#12752=ORIENTED_EDGE('',*,*,#9322,.F.);
#12754=ORIENTED_EDGE('',*,*,#12753,.T.);
#12755=ORIENTED_EDGE('',*,*,#12712,.F.);
#12756=ORIENTED_EDGE('',*,*,#12739,.F.);
#12757=EDGE_LOOP('',(#12752,#12754,#12755,#12756));
#12758=FACE_OUTER_BOUND('',#12757,.F.);
#12759=ADVANCED_FACE('',(#12758),#12751,.F.);
#12760=CARTESIAN_POINT('',(6.925E0,4.25E-1,5.6E0));
#12761=DIRECTION('',(1.E0,0.E0,0.E0));
#12762=DIRECTION('',(0.E0,0.E0,-1.E0));
#12763=AXIS2_PLACEMENT_3D('',#12760,#12761,#12762);
#12764=PLANE('',#12763);
#12765=ORIENTED_EDGE('',*,*,#9320,.F.);
#12767=ORIENTED_EDGE('',*,*,#12766,.T.);
#12768=ORIENTED_EDGE('',*,*,#12714,.F.);
#12769=ORIENTED_EDGE('',*,*,#12753,.F.);
#12770=EDGE_LOOP('',(#12765,#12767,#12768,#12769));
#12771=FACE_OUTER_BOUND('',#12770,.F.);
#12772=ADVANCED_FACE('',(#12771),#12764,.F.);
#12773=CARTESIAN_POINT('',(6.475E0,4.25E-1,3.5E0));
#12774=DIRECTION('',(0.E0,0.E0,1.E0));
#12775=DIRECTION('',(-1.E0,0.E0,0.E0));
#12776=AXIS2_PLACEMENT_3D('',#12773,#12774,#12775);
#12777=PLANE('',#12776);
#12778=ORIENTED_EDGE('',*,*,#9318,.F.);
#12779=ORIENTED_EDGE('',*,*,#12742,.F.);
#12780=ORIENTED_EDGE('',*,*,#12716,.F.);
#12781=ORIENTED_EDGE('',*,*,#12766,.F.);
#12782=EDGE_LOOP('',(#12778,#12779,#12780,#12781));
#12783=FACE_OUTER_BOUND('',#12782,.F.);
#12785=ORIENTED_EDGE('',*,*,#12784,.T.);
#12787=ORIENTED_EDGE('',*,*,#12786,.F.);
#12789=ORIENTED_EDGE('',*,*,#12788,.T.);
#12791=ORIENTED_EDGE('',*,*,#12790,.F.);
#12792=EDGE_LOOP('',(#12785,#12787,#12789,#12791));
#12793=FACE_BOUND('',#12792,.F.);
#12794=ADVANCED_FACE('',(#12783,#12793),#12777,.T.);
#12795=CARTESIAN_POINT('',(6.125E0,9.246414371320E-1,5.225124545593E0));
#12796=DIRECTION('',(1.E0,0.E0,0.E0));
#12797=DIRECTION('',(0.E0,0.E0,-1.E0));
#12798=AXIS2_PLACEMENT_3D('',#12795,#12796,#12797);
#12799=PLANE('',#12798);
#12800=ORIENTED_EDGE('',*,*,#12784,.F.);
#12802=ORIENTED_EDGE('',*,*,#12801,.T.);
#12804=ORIENTED_EDGE('',*,*,#12803,.T.);
#12806=ORIENTED_EDGE('',*,*,#12805,.T.);
#12808=ORIENTED_EDGE('',*,*,#12807,.T.);
#12810=ORIENTED_EDGE('',*,*,#12809,.T.);
#12812=ORIENTED_EDGE('',*,*,#12811,.T.);
#12814=ORIENTED_EDGE('',*,*,#12813,.T.);
#12816=ORIENTED_EDGE('',*,*,#12815,.T.);
#12818=ORIENTED_EDGE('',*,*,#12817,.T.);
#12819=EDGE_LOOP('',(#12800,#12802,#12804,#12806,#12808,#12810,#12812,#12814,
#12816,#12818));
#12820=FACE_OUTER_BOUND('',#12819,.F.);
#12821=ADVANCED_FACE('',(#12820),#12799,.F.);
#12822=CARTESIAN_POINT('',(6.111E0,5.35E0,2.799691191779E0));
#12823=DIRECTION('',(1.E0,0.E0,0.E0));
#12824=DIRECTION('',(0.E0,0.E0,-1.E0));
#12825=AXIS2_PLACEMENT_3D('',#12822,#12823,#12824);
#12826=CYLINDRICAL_SURFACE('',#12825,4.85E0);
#12828=ORIENTED_EDGE('',*,*,#12827,.F.);
#12830=ORIENTED_EDGE('',*,*,#12829,.T.);
#12831=ORIENTED_EDGE('',*,*,#12801,.F.);
#12832=ORIENTED_EDGE('',*,*,#12790,.T.);
#12833=EDGE_LOOP('',(#12828,#12830,#12831,#12832));
#12834=FACE_OUTER_BOUND('',#12833,.F.);
#12835=ADVANCED_FACE('',(#12834),#12826,.F.);
#12836=CARTESIAN_POINT('',(6.825E0,9.246414395107E-1,5.225124545593E0));
#12837=DIRECTION('',(1.E0,0.E0,0.E0));
#12838=DIRECTION('',(0.E0,0.E0,-1.E0));
#12839=AXIS2_PLACEMENT_3D('',#12836,#12837,#12838);
#12840=PLANE('',#12839);
#12841=ORIENTED_EDGE('',*,*,#12788,.F.);
#12843=ORIENTED_EDGE('',*,*,#12842,.T.);
#12845=ORIENTED_EDGE('',*,*,#12844,.T.);
#12847=ORIENTED_EDGE('',*,*,#12846,.T.);
#12849=ORIENTED_EDGE('',*,*,#12848,.T.);
#12851=ORIENTED_EDGE('',*,*,#12850,.T.);
#12853=ORIENTED_EDGE('',*,*,#12852,.T.);
#12855=ORIENTED_EDGE('',*,*,#12854,.T.);
#12857=ORIENTED_EDGE('',*,*,#12856,.T.);
#12858=ORIENTED_EDGE('',*,*,#12827,.T.);
#12859=EDGE_LOOP('',(#12841,#12843,#12845,#12847,#12849,#12851,#12853,#12855,
#12857,#12858));
#12860=FACE_OUTER_BOUND('',#12859,.F.);
#12861=ADVANCED_FACE('',(#12860),#12840,.T.);
#12862=CARTESIAN_POINT('',(6.111E0,5.35E0,2.799691191779E0));
#12863=DIRECTION('',(1.E0,0.E0,0.E0));
#12864=DIRECTION('',(0.E0,0.E0,-1.E0));
#12865=AXIS2_PLACEMENT_3D('',#12862,#12863,#12864);
#12866=CYLINDRICAL_SURFACE('',#12865,5.E0);
#12867=ORIENTED_EDGE('',*,*,#12817,.F.);
#12869=ORIENTED_EDGE('',*,*,#12868,.T.);
#12870=ORIENTED_EDGE('',*,*,#12842,.F.);
#12871=ORIENTED_EDGE('',*,*,#12786,.T.);
#12872=EDGE_LOOP('',(#12867,#12869,#12870,#12871));
#12873=FACE_OUTER_BOUND('',#12872,.F.);
#12874=ADVANCED_FACE('',(#12873),#12866,.T.);
#12875=CARTESIAN_POINT('',(6.475E0,1.119744111674E0,5.472673064182E0));
#12876=DIRECTION('',(0.E0,8.660254037844E-1,-5.000000000001E-1));
#12877=DIRECTION('',(0.E0,-5.000000000001E-1,-8.660254037844E-1));
#12878=AXIS2_PLACEMENT_3D('',#12875,#12876,#12877);
#12879=PLANE('',#12878);
#12880=ORIENTED_EDGE('',*,*,#12815,.F.);
#12882=ORIENTED_EDGE('',*,*,#12881,.F.);
#12883=ORIENTED_EDGE('',*,*,#12844,.F.);
#12884=ORIENTED_EDGE('',*,*,#12868,.F.);
#12885=EDGE_LOOP('',(#12880,#12882,#12883,#12884));
#12886=FACE_OUTER_BOUND('',#12885,.F.);
#12887=ADVANCED_FACE('',(#12886),#12879,.F.);
#12888=CARTESIAN_POINT('',(6.111E0,7.E-1,5.945654936584E0));
#12889=DIRECTION('',(1.E0,0.E0,0.E0));
#12890=DIRECTION('',(0.E0,0.E0,-1.E0));
#12891=AXIS2_PLACEMENT_3D('',#12888,#12889,#12890);
#12892=CYLINDRICAL_SURFACE('',#12891,6.E-1);
#12893=ORIENTED_EDGE('',*,*,#12813,.F.);
#12895=ORIENTED_EDGE('',*,*,#12894,.T.);
#12896=ORIENTED_EDGE('',*,*,#12846,.F.);
#12897=ORIENTED_EDGE('',*,*,#12881,.T.);
#12898=EDGE_LOOP('',(#12893,#12895,#12896,#12897));
#12899=FACE_OUTER_BOUND('',#12898,.F.);
#12900=ADVANCED_FACE('',(#12899),#12892,.F.);
#12901=CARTESIAN_POINT('',(6.475E0,8.871320343560E-1,6.607051039652E0));
#12902=DIRECTION('',(0.E0,7.071067811864E-1,7.071067811867E-1));
#12903=DIRECTION('',(0.E0,7.071067811867E-1,-7.071067811864E-1));
#12904=AXIS2_PLACEMENT_3D('',#12901,#12902,#12903);
#12905=PLANE('',#12904);
#12906=ORIENTED_EDGE('',*,*,#12848,.F.);
#12907=ORIENTED_EDGE('',*,*,#12894,.F.);
#12908=ORIENTED_EDGE('',*,*,#12811,.F.);
#12910=ORIENTED_EDGE('',*,*,#12909,.T.);
#12911=EDGE_LOOP('',(#12906,#12907,#12908,#12910));
#12912=FACE_OUTER_BOUND('',#12911,.F.);
#12913=ADVANCED_FACE('',(#12912),#12905,.F.);
#12914=CARTESIAN_POINT('',(6.475E0,7.030330085890E-1,6.897216082597E0));
#12915=DIRECTION('',(0.E0,-7.071067811860E-1,7.071067811871E-1));
#12916=DIRECTION('',(0.E0,-7.071067811871E-1,-7.071067811860E-1));
#12917=AXIS2_PLACEMENT_3D('',#12914,#12915,#12916);
#12918=PLANE('',#12917);
#12919=ORIENTED_EDGE('',*,*,#12809,.F.);
#12921=ORIENTED_EDGE('',*,*,#12920,.T.);
#12922=ORIENTED_EDGE('',*,*,#12850,.F.);
#12923=ORIENTED_EDGE('',*,*,#12909,.F.);
#12924=EDGE_LOOP('',(#12919,#12921,#12922,#12923));
#12925=FACE_OUTER_BOUND('',#12924,.F.);
#12926=ADVANCED_FACE('',(#12925),#12918,.T.);
#12927=CARTESIAN_POINT('',(6.475E0,9.931980515339E-1,6.713117056830E0));
#12928=DIRECTION('',(0.E0,7.071067811863E-1,7.071067811868E-1));
#12929=DIRECTION('',(0.E0,-7.071067811868E-1,7.071067811863E-1));
#12930=AXIS2_PLACEMENT_3D('',#12927,#12928,#12929);
#12931=PLANE('',#12930);
#12932=ORIENTED_EDGE('',*,*,#12852,.F.);
#12933=ORIENTED_EDGE('',*,*,#12920,.F.);
#12934=ORIENTED_EDGE('',*,*,#12807,.F.);
#12936=ORIENTED_EDGE('',*,*,#12935,.F.);
#12937=EDGE_LOOP('',(#12932,#12933,#12934,#12936));
#12938=FACE_OUTER_BOUND('',#12937,.F.);
#12939=ADVANCED_FACE('',(#12938),#12931,.T.);
#12940=CARTESIAN_POINT('',(6.111E0,7.E-1,5.945654936584E0));
#12941=DIRECTION('',(1.E0,0.E0,0.E0));
#12942=DIRECTION('',(0.E0,0.E0,-1.E0));
#12943=AXIS2_PLACEMENT_3D('',#12940,#12941,#12942);
#12944=CYLINDRICAL_SURFACE('',#12943,7.5E-1);
#12945=ORIENTED_EDGE('',*,*,#12805,.F.);
#12947=ORIENTED_EDGE('',*,*,#12946,.T.);
#12948=ORIENTED_EDGE('',*,*,#12854,.F.);
#12949=ORIENTED_EDGE('',*,*,#12935,.T.);
#12950=EDGE_LOOP('',(#12945,#12947,#12948,#12949));
#12951=FACE_OUTER_BOUND('',#12950,.F.);
#12952=ADVANCED_FACE('',(#12951),#12944,.T.);
#12953=CARTESIAN_POINT('',(6.475E0,1.249647922242E0,5.397673064182E0));
#12954=DIRECTION('',(0.E0,8.660254037844E-1,-5.000000000001E-1));
#12955=DIRECTION('',(0.E0,5.000000000001E-1,8.660254037844E-1));
#12956=AXIS2_PLACEMENT_3D('',#12953,#12954,#12955);
#12957=PLANE('',#12956);
#12958=ORIENTED_EDGE('',*,*,#12803,.F.);
#12959=ORIENTED_EDGE('',*,*,#12829,.F.);
#12960=ORIENTED_EDGE('',*,*,#12856,.F.);
#12961=ORIENTED_EDGE('',*,*,#12946,.F.);
#12962=EDGE_LOOP('',(#12958,#12959,#12960,#12961));
#12963=FACE_OUTER_BOUND('',#12962,.F.);
#12964=ADVANCED_FACE('',(#12963),#12957,.T.);
#12965=CARTESIAN_POINT('',(8.225E0,5.5E-1,6.35E0));
#12966=DIRECTION('',(1.E0,0.E0,0.E0));
#12967=DIRECTION('',(0.E0,0.E0,1.E0));
#12968=AXIS2_PLACEMENT_3D('',#12965,#12966,#12967);
#12969=PLANE('',#12968);
#12971=ORIENTED_EDGE('',*,*,#12970,.F.);
#12973=ORIENTED_EDGE('',*,*,#12972,.F.);
#12975=ORIENTED_EDGE('',*,*,#12974,.T.);
#12976=ORIENTED_EDGE('',*,*,#10592,.F.);
#12977=ORIENTED_EDGE('',*,*,#10151,.F.);
#12978=EDGE_LOOP('',(#12971,#12973,#12975,#12976,#12977));
#12979=FACE_OUTER_BOUND('',#12978,.F.);
#12980=ADVANCED_FACE('',(#12979),#12969,.F.);
#12981=CARTESIAN_POINT('',(8.E0,8.5E-1,2.525E0));
#12982=DIRECTION('',(0.E0,1.E0,0.E0));
#12983=DIRECTION('',(1.E0,0.E0,0.E0));
#12984=AXIS2_PLACEMENT_3D('',#12981,#12982,#12983);
#12985=PLANE('',#12984);
#12986=ORIENTED_EDGE('',*,*,#12970,.T.);
#12987=ORIENTED_EDGE('',*,*,#10149,.F.);
#12989=ORIENTED_EDGE('',*,*,#12988,.T.);
#12990=EDGE_LOOP('',(#12986,#12987,#12989));
#12991=FACE_OUTER_BOUND('',#12990,.F.);
#12992=ADVANCED_FACE('',(#12991),#12985,.F.);
#12993=CARTESIAN_POINT('',(9.775E0,1.725E0,4.3E0));
#12994=DIRECTION('',(7.071067811865E-1,0.E0,-7.071067811865E-1));
#12995=DIRECTION('',(7.071067811865E-1,0.E0,7.071067811865E-1));
#12996=AXIS2_PLACEMENT_3D('',#12993,#12994,#12995);
#12997=PLANE('',#12996);
#12999=ORIENTED_EDGE('',*,*,#12998,.F.);
#13000=ORIENTED_EDGE('',*,*,#12988,.F.);
#13001=ORIENTED_EDGE('',*,*,#10147,.F.);
#13002=ORIENTED_EDGE('',*,*,#9658,.F.);
#13004=ORIENTED_EDGE('',*,*,#13003,.F.);
#13005=ORIENTED_EDGE('',*,*,#9736,.F.);
#13007=ORIENTED_EDGE('',*,*,#13006,.F.);
#13008=EDGE_LOOP('',(#12999,#13000,#13001,#13002,#13004,#13005,#13007));
#13009=FACE_OUTER_BOUND('',#13008,.F.);
#13010=ADVANCED_FACE('',(#13009),#12997,.F.);
#13011=CARTESIAN_POINT('',(8.975E0,8.5E-1,6.575E0));
#13012=DIRECTION('',(0.E0,1.E0,0.E0));
#13013=DIRECTION('',(1.E0,0.E0,0.E0));
#13014=AXIS2_PLACEMENT_3D('',#13011,#13012,#13013);
#13015=PLANE('',#13014);
#13016=ORIENTED_EDGE('',*,*,#12998,.T.);
#13018=ORIENTED_EDGE('',*,*,#13017,.T.);
#13020=ORIENTED_EDGE('',*,*,#13019,.T.);
#13021=ORIENTED_EDGE('',*,*,#12972,.T.);
#13022=EDGE_LOOP('',(#13016,#13018,#13020,#13021));
#13023=FACE_OUTER_BOUND('',#13022,.F.);
#13025=ORIENTED_EDGE('',*,*,#13024,.T.);
#13027=ORIENTED_EDGE('',*,*,#13026,.T.);
#13029=ORIENTED_EDGE('',*,*,#13028,.T.);
#13031=ORIENTED_EDGE('',*,*,#13030,.T.);
#13032=EDGE_LOOP('',(#13025,#13027,#13029,#13031));
#13033=FACE_BOUND('',#13032,.F.);
#13034=ADVANCED_FACE('',(#13023,#13033),#13015,.T.);
#13035=CARTESIAN_POINT('',(9.725E0,5.5E-1,6.35E0));
#13036=DIRECTION('',(1.E0,0.E0,0.E0));
#13037=DIRECTION('',(0.E0,0.E0,-1.E0));
#13038=AXIS2_PLACEMENT_3D('',#13035,#13036,#13037);
#13039=PLANE('',#13038);
#13041=ORIENTED_EDGE('',*,*,#13040,.F.);
#13043=ORIENTED_EDGE('',*,*,#13042,.F.);
#13044=ORIENTED_EDGE('',*,*,#10596,.F.);
#13046=ORIENTED_EDGE('',*,*,#13045,.F.);
#13047=ORIENTED_EDGE('',*,*,#13017,.F.);
#13048=EDGE_LOOP('',(#13041,#13043,#13044,#13046,#13047));
#13049=FACE_OUTER_BOUND('',#13048,.F.);
#13050=ADVANCED_FACE('',(#13049),#13039,.T.);
#13051=CARTESIAN_POINT('',(1.035E1,8.5E-1,3.9E0));
#13052=DIRECTION('',(0.E0,1.E0,0.E0));
#13053=DIRECTION('',(1.E0,0.E0,0.E0));
#13054=AXIS2_PLACEMENT_3D('',#13051,#13052,#13053);
#13055=PLANE('',#13054);
#13056=ORIENTED_EDGE('',*,*,#9796,.T.);
#13058=ORIENTED_EDGE('',*,*,#13057,.F.);
#13059=ORIENTED_EDGE('',*,*,#13040,.T.);
#13060=ORIENTED_EDGE('',*,*,#13006,.T.);
#13061=EDGE_LOOP('',(#13056,#13058,#13059,#13060));
#13062=FACE_OUTER_BOUND('',#13061,.F.);
#13063=ADVANCED_FACE('',(#13062),#13055,.F.);
#13064=CARTESIAN_POINT('',(1.035E1,5.5E-1,2.3E0));
#13065=DIRECTION('',(0.E0,0.E0,1.E0));
#13066=DIRECTION('',(1.E0,0.E0,0.E0));
#13067=AXIS2_PLACEMENT_3D('',#13064,#13065,#13066);
#13068=PLANE('',#13067);
#13069=ORIENTED_EDGE('',*,*,#13057,.T.);
#13070=ORIENTED_EDGE('',*,*,#9794,.T.);
#13071=ORIENTED_EDGE('',*,*,#10598,.T.);
#13072=ORIENTED_EDGE('',*,*,#13042,.T.);
#13073=EDGE_LOOP('',(#13069,#13070,#13071,#13072));
#13074=FACE_OUTER_BOUND('',#13073,.F.);
#13075=ADVANCED_FACE('',(#13074),#13068,.T.);
#13076=CARTESIAN_POINT('',(8.975E0,5.5E-1,1.04E1));
#13077=DIRECTION('',(0.E0,0.E0,1.E0));
#13078=DIRECTION('',(1.E0,0.E0,0.E0));
#13079=AXIS2_PLACEMENT_3D('',#13076,#13077,#13078);
#13080=PLANE('',#13079);
#13081=ORIENTED_EDGE('',*,*,#12974,.F.);
#13082=ORIENTED_EDGE('',*,*,#13019,.F.);
#13083=ORIENTED_EDGE('',*,*,#13045,.T.);
#13084=ORIENTED_EDGE('',*,*,#10594,.F.);
#13085=EDGE_LOOP('',(#13081,#13082,#13083,#13084));
#13086=FACE_OUTER_BOUND('',#13085,.F.);
#13087=ADVANCED_FACE('',(#13086),#13080,.T.);
#13088=CARTESIAN_POINT('',(8.525E0,4.25E-1,8.15E0));
#13089=DIRECTION('',(1.E0,0.E0,0.E0));
#13090=DIRECTION('',(0.E0,0.E0,1.E0));
#13091=AXIS2_PLACEMENT_3D('',#13088,#13089,#13090);
#13092=PLANE('',#13091);
#13093=ORIENTED_EDGE('',*,*,#9326,.F.);
#13095=ORIENTED_EDGE('',*,*,#13094,.T.);
#13096=ORIENTED_EDGE('',*,*,#13024,.F.);
#13098=ORIENTED_EDGE('',*,*,#13097,.T.);
#13099=EDGE_LOOP('',(#13093,#13095,#13096,#13098));
#13100=FACE_OUTER_BOUND('',#13099,.F.);
#13101=ADVANCED_FACE('',(#13100),#13092,.T.);
#13102=CARTESIAN_POINT('',(8.975E0,4.25E-1,1.E1));
#13103=DIRECTION('',(0.E0,0.E0,1.E0));
#13104=DIRECTION('',(1.E0,0.E0,0.E0));
#13105=AXIS2_PLACEMENT_3D('',#13102,#13103,#13104);
#13106=PLANE('',#13105);
#13107=ORIENTED_EDGE('',*,*,#9332,.F.);
#13109=ORIENTED_EDGE('',*,*,#13108,.T.);
#13110=ORIENTED_EDGE('',*,*,#13026,.F.);
#13111=ORIENTED_EDGE('',*,*,#13094,.F.);
#13112=EDGE_LOOP('',(#13107,#13109,#13110,#13111));
#13113=FACE_OUTER_BOUND('',#13112,.F.);
#13114=ADVANCED_FACE('',(#13113),#13106,.F.);
#13115=CARTESIAN_POINT('',(9.425E0,4.25E-1,8.15E0));
#13116=DIRECTION('',(1.E0,0.E0,0.E0));
#13117=DIRECTION('',(0.E0,0.E0,-1.E0));
#13118=AXIS2_PLACEMENT_3D('',#13115,#13116,#13117);
#13119=PLANE('',#13118);
#13120=ORIENTED_EDGE('',*,*,#9330,.F.);
#13122=ORIENTED_EDGE('',*,*,#13121,.T.);
#13123=ORIENTED_EDGE('',*,*,#13028,.F.);
#13124=ORIENTED_EDGE('',*,*,#13108,.F.);
#13125=EDGE_LOOP('',(#13120,#13122,#13123,#13124));
#13126=FACE_OUTER_BOUND('',#13125,.F.);
#13127=ADVANCED_FACE('',(#13126),#13119,.F.);
#13128=CARTESIAN_POINT('',(8.975E0,4.25E-1,6.3E0));
#13129=DIRECTION('',(0.E0,0.E0,1.E0));
#13130=DIRECTION('',(-1.E0,0.E0,0.E0));
#13131=AXIS2_PLACEMENT_3D('',#13128,#13129,#13130);
#13132=PLANE('',#13131);
#13133=ORIENTED_EDGE('',*,*,#9328,.F.);
#13134=ORIENTED_EDGE('',*,*,#13097,.F.);
#13135=ORIENTED_EDGE('',*,*,#13030,.F.);
#13136=ORIENTED_EDGE('',*,*,#13121,.F.);
#13137=EDGE_LOOP('',(#13133,#13134,#13135,#13136));
#13138=FACE_OUTER_BOUND('',#13137,.F.);
#13140=ORIENTED_EDGE('',*,*,#13139,.T.);
#13142=ORIENTED_EDGE('',*,*,#13141,.F.);
#13144=ORIENTED_EDGE('',*,*,#13143,.T.);
#13146=ORIENTED_EDGE('',*,*,#13145,.F.);
#13147=EDGE_LOOP('',(#13140,#13142,#13144,#13146));
#13148=FACE_BOUND('',#13147,.F.);
#13149=ADVANCED_FACE('',(#13138,#13148),#13132,.T.);
#13150=CARTESIAN_POINT('',(8.625E0,9.246414371320E-1,8.025124545593E0));
#13151=DIRECTION('',(1.E0,0.E0,0.E0));
#13152=DIRECTION('',(0.E0,0.E0,-1.E0));
#13153=AXIS2_PLACEMENT_3D('',#13150,#13151,#13152);
#13154=PLANE('',#13153);
#13155=ORIENTED_EDGE('',*,*,#13139,.F.);
#13157=ORIENTED_EDGE('',*,*,#13156,.T.);
#13159=ORIENTED_EDGE('',*,*,#13158,.T.);
#13161=ORIENTED_EDGE('',*,*,#13160,.T.);
#13163=ORIENTED_EDGE('',*,*,#13162,.T.);
#13165=ORIENTED_EDGE('',*,*,#13164,.T.);
#13167=ORIENTED_EDGE('',*,*,#13166,.T.);
#13169=ORIENTED_EDGE('',*,*,#13168,.T.);
#13171=ORIENTED_EDGE('',*,*,#13170,.T.);
#13173=ORIENTED_EDGE('',*,*,#13172,.T.);
#13174=EDGE_LOOP('',(#13155,#13157,#13159,#13161,#13163,#13165,#13167,#13169,
#13171,#13173));
#13175=FACE_OUTER_BOUND('',#13174,.F.);
#13176=ADVANCED_FACE('',(#13175),#13154,.F.);
#13177=CARTESIAN_POINT('',(8.611E0,5.35E0,5.599691191779E0));
#13178=DIRECTION('',(1.E0,0.E0,0.E0));
#13179=DIRECTION('',(0.E0,0.E0,-1.E0));
#13180=AXIS2_PLACEMENT_3D('',#13177,#13178,#13179);
#13181=CYLINDRICAL_SURFACE('',#13180,4.85E0);
#13183=ORIENTED_EDGE('',*,*,#13182,.F.);
#13185=ORIENTED_EDGE('',*,*,#13184,.T.);
#13186=ORIENTED_EDGE('',*,*,#13156,.F.);
#13187=ORIENTED_EDGE('',*,*,#13145,.T.);
#13188=EDGE_LOOP('',(#13183,#13185,#13186,#13187));
#13189=FACE_OUTER_BOUND('',#13188,.F.);
#13190=ADVANCED_FACE('',(#13189),#13181,.F.);
#13191=CARTESIAN_POINT('',(9.325E0,9.246414395107E-1,8.025124545593E0));
#13192=DIRECTION('',(1.E0,0.E0,0.E0));
#13193=DIRECTION('',(0.E0,0.E0,-1.E0));
#13194=AXIS2_PLACEMENT_3D('',#13191,#13192,#13193);
#13195=PLANE('',#13194);
#13196=ORIENTED_EDGE('',*,*,#13143,.F.);
#13198=ORIENTED_EDGE('',*,*,#13197,.T.);
#13200=ORIENTED_EDGE('',*,*,#13199,.T.);
#13202=ORIENTED_EDGE('',*,*,#13201,.T.);
#13204=ORIENTED_EDGE('',*,*,#13203,.T.);
#13206=ORIENTED_EDGE('',*,*,#13205,.T.);
#13208=ORIENTED_EDGE('',*,*,#13207,.T.);
#13210=ORIENTED_EDGE('',*,*,#13209,.T.);
#13212=ORIENTED_EDGE('',*,*,#13211,.T.);
#13213=ORIENTED_EDGE('',*,*,#13182,.T.);
#13214=EDGE_LOOP('',(#13196,#13198,#13200,#13202,#13204,#13206,#13208,#13210,
#13212,#13213));
#13215=FACE_OUTER_BOUND('',#13214,.F.);
#13216=ADVANCED_FACE('',(#13215),#13195,.T.);
#13217=CARTESIAN_POINT('',(8.611E0,5.35E0,5.599691191779E0));
#13218=DIRECTION('',(1.E0,0.E0,0.E0));
#13219=DIRECTION('',(0.E0,0.E0,-1.E0));
#13220=AXIS2_PLACEMENT_3D('',#13217,#13218,#13219);
#13221=CYLINDRICAL_SURFACE('',#13220,5.E0);
#13222=ORIENTED_EDGE('',*,*,#13172,.F.);
#13224=ORIENTED_EDGE('',*,*,#13223,.T.);
#13225=ORIENTED_EDGE('',*,*,#13197,.F.);
#13226=ORIENTED_EDGE('',*,*,#13141,.T.);
#13227=EDGE_LOOP('',(#13222,#13224,#13225,#13226));
#13228=FACE_OUTER_BOUND('',#13227,.F.);
#13229=ADVANCED_FACE('',(#13228),#13221,.T.);
#13230=CARTESIAN_POINT('',(8.975E0,1.119744111674E0,8.272673064182E0));
#13231=DIRECTION('',(0.E0,8.660254037844E-1,-5.000000000001E-1));
#13232=DIRECTION('',(0.E0,-5.000000000001E-1,-8.660254037844E-1));
#13233=AXIS2_PLACEMENT_3D('',#13230,#13231,#13232);
#13234=PLANE('',#13233);
#13235=ORIENTED_EDGE('',*,*,#13170,.F.);
#13237=ORIENTED_EDGE('',*,*,#13236,.F.);
#13238=ORIENTED_EDGE('',*,*,#13199,.F.);
#13239=ORIENTED_EDGE('',*,*,#13223,.F.);
#13240=EDGE_LOOP('',(#13235,#13237,#13238,#13239));
#13241=FACE_OUTER_BOUND('',#13240,.F.);
#13242=ADVANCED_FACE('',(#13241),#13234,.F.);
#13243=CARTESIAN_POINT('',(8.611E0,7.E-1,8.745654936584E0));
#13244=DIRECTION('',(1.E0,0.E0,0.E0));
#13245=DIRECTION('',(0.E0,0.E0,-1.E0));
#13246=AXIS2_PLACEMENT_3D('',#13243,#13244,#13245);
#13247=CYLINDRICAL_SURFACE('',#13246,6.E-1);
#13248=ORIENTED_EDGE('',*,*,#13168,.F.);
#13250=ORIENTED_EDGE('',*,*,#13249,.T.);
#13251=ORIENTED_EDGE('',*,*,#13201,.F.);
#13252=ORIENTED_EDGE('',*,*,#13236,.T.);
#13253=EDGE_LOOP('',(#13248,#13250,#13251,#13252));
#13254=FACE_OUTER_BOUND('',#13253,.F.);
#13255=ADVANCED_FACE('',(#13254),#13247,.F.);
#13256=CARTESIAN_POINT('',(8.975E0,8.871320343560E-1,9.407051039652E0));
#13257=DIRECTION('',(0.E0,7.071067811864E-1,7.071067811867E-1));
#13258=DIRECTION('',(0.E0,7.071067811867E-1,-7.071067811864E-1));
#13259=AXIS2_PLACEMENT_3D('',#13256,#13257,#13258);
#13260=PLANE('',#13259);
#13261=ORIENTED_EDGE('',*,*,#13203,.F.);
#13262=ORIENTED_EDGE('',*,*,#13249,.F.);
#13263=ORIENTED_EDGE('',*,*,#13166,.F.);
#13265=ORIENTED_EDGE('',*,*,#13264,.T.);
#13266=EDGE_LOOP('',(#13261,#13262,#13263,#13265));
#13267=FACE_OUTER_BOUND('',#13266,.F.);
#13268=ADVANCED_FACE('',(#13267),#13260,.F.);
#13269=CARTESIAN_POINT('',(8.975E0,7.030330085890E-1,9.697216082597E0));
#13270=DIRECTION('',(0.E0,-7.071067811860E-1,7.071067811871E-1));
#13271=DIRECTION('',(0.E0,-7.071067811871E-1,-7.071067811860E-1));
#13272=AXIS2_PLACEMENT_3D('',#13269,#13270,#13271);
#13273=PLANE('',#13272);
#13274=ORIENTED_EDGE('',*,*,#13164,.F.);
#13276=ORIENTED_EDGE('',*,*,#13275,.T.);
#13277=ORIENTED_EDGE('',*,*,#13205,.F.);
#13278=ORIENTED_EDGE('',*,*,#13264,.F.);
#13279=EDGE_LOOP('',(#13274,#13276,#13277,#13278));
#13280=FACE_OUTER_BOUND('',#13279,.F.);
#13281=ADVANCED_FACE('',(#13280),#13273,.T.);
#13282=CARTESIAN_POINT('',(8.975E0,9.931980515339E-1,9.513117056830E0));
#13283=DIRECTION('',(0.E0,7.071067811863E-1,7.071067811868E-1));
#13284=DIRECTION('',(0.E0,-7.071067811868E-1,7.071067811863E-1));
#13285=AXIS2_PLACEMENT_3D('',#13282,#13283,#13284);
#13286=PLANE('',#13285);
#13287=ORIENTED_EDGE('',*,*,#13207,.F.);
#13288=ORIENTED_EDGE('',*,*,#13275,.F.);
#13289=ORIENTED_EDGE('',*,*,#13162,.F.);
#13291=ORIENTED_EDGE('',*,*,#13290,.F.);
#13292=EDGE_LOOP('',(#13287,#13288,#13289,#13291));
#13293=FACE_OUTER_BOUND('',#13292,.F.);
#13294=ADVANCED_FACE('',(#13293),#13286,.T.);
#13295=CARTESIAN_POINT('',(8.611E0,7.E-1,8.745654936584E0));
#13296=DIRECTION('',(1.E0,0.E0,0.E0));
#13297=DIRECTION('',(0.E0,0.E0,-1.E0));
#13298=AXIS2_PLACEMENT_3D('',#13295,#13296,#13297);
#13299=CYLINDRICAL_SURFACE('',#13298,7.5E-1);
#13300=ORIENTED_EDGE('',*,*,#13160,.F.);
#13302=ORIENTED_EDGE('',*,*,#13301,.T.);
#13303=ORIENTED_EDGE('',*,*,#13209,.F.);
#13304=ORIENTED_EDGE('',*,*,#13290,.T.);
#13305=EDGE_LOOP('',(#13300,#13302,#13303,#13304));
#13306=FACE_OUTER_BOUND('',#13305,.F.);
#13307=ADVANCED_FACE('',(#13306),#13299,.T.);
#13308=CARTESIAN_POINT('',(8.975E0,1.249647922242E0,8.197673064182E0));
#13309=DIRECTION('',(0.E0,8.660254037844E-1,-5.000000000001E-1));
#13310=DIRECTION('',(0.E0,5.000000000001E-1,8.660254037844E-1));
#13311=AXIS2_PLACEMENT_3D('',#13308,#13309,#13310);
#13312=PLANE('',#13311);
#13313=ORIENTED_EDGE('',*,*,#13158,.F.);
#13314=ORIENTED_EDGE('',*,*,#13184,.F.);
#13315=ORIENTED_EDGE('',*,*,#13211,.F.);
#13316=ORIENTED_EDGE('',*,*,#13301,.F.);
#13317=EDGE_LOOP('',(#13313,#13314,#13315,#13316));
#13318=FACE_OUTER_BOUND('',#13317,.F.);
#13319=ADVANCED_FACE('',(#13318),#13312,.T.);
#13320=CARTESIAN_POINT('',(1.1775E1,1.725E0,1.518652313178E1));
#13321=DIRECTION('',(1.E0,0.E0,0.E0));
#13322=DIRECTION('',(0.E0,0.E0,1.E0));
#13323=AXIS2_PLACEMENT_3D('',#13320,#13321,#13322);
#13324=PLANE('',#13323);
#13325=ORIENTED_EDGE('',*,*,#9656,.F.);
#13327=ORIENTED_EDGE('',*,*,#13326,.T.);
#13328=ORIENTED_EDGE('',*,*,#9738,.F.);
#13329=ORIENTED_EDGE('',*,*,#13003,.T.);
#13330=EDGE_LOOP('',(#13325,#13327,#13328,#13329));
#13331=FACE_OUTER_BOUND('',#13330,.F.);
#13333=ORIENTED_EDGE('',*,*,#13332,.T.);
#13335=ORIENTED_EDGE('',*,*,#13334,.T.);
#13337=ORIENTED_EDGE('',*,*,#13336,.T.);
#13339=ORIENTED_EDGE('',*,*,#13338,.T.);
#13340=EDGE_LOOP('',(#13333,#13335,#13337,#13339));
#13341=FACE_BOUND('',#13340,.F.);
#13343=ORIENTED_EDGE('',*,*,#13342,.T.);
#13345=ORIENTED_EDGE('',*,*,#13344,.T.);
#13347=ORIENTED_EDGE('',*,*,#13346,.T.);
#13349=ORIENTED_EDGE('',*,*,#13348,.T.);
#13350=EDGE_LOOP('',(#13343,#13345,#13347,#13349));
#13351=FACE_BOUND('',#13350,.F.);
#13352=ADVANCED_FACE('',(#13331,#13341,#13351),#13324,.F.);
#13353=CARTESIAN_POINT('',(1.27E1,1.725E0,2.407304626357E1));
#13354=DIRECTION('',(0.E0,0.E0,1.E0));
#13355=DIRECTION('',(1.E0,0.E0,0.E0));
#13356=AXIS2_PLACEMENT_3D('',#13353,#13354,#13355);
#13357=PLANE('',#13356);
#13358=ORIENTED_EDGE('',*,*,#9740,.F.);
#13359=ORIENTED_EDGE('',*,*,#13326,.F.);
#13360=ORIENTED_EDGE('',*,*,#9654,.F.);
#13362=ORIENTED_EDGE('',*,*,#13361,.T.);
#13363=EDGE_LOOP('',(#13358,#13359,#13360,#13362));
#13364=FACE_OUTER_BOUND('',#13363,.F.);
#13365=ADVANCED_FACE('',(#13364),#13357,.T.);
#13366=CARTESIAN_POINT('',(1.3625E1,1.725E0,2.508652313179E1));
#13367=DIRECTION('',(1.E0,0.E0,0.E0));
#13368=DIRECTION('',(0.E0,0.E0,-1.E0));
#13369=AXIS2_PLACEMENT_3D('',#13366,#13367,#13368);
#13370=PLANE('',#13369);
#13371=ORIENTED_EDGE('',*,*,#13361,.F.);
#13372=ORIENTED_EDGE('',*,*,#9652,.F.);
#13374=ORIENTED_EDGE('',*,*,#13373,.T.);
#13375=ORIENTED_EDGE('',*,*,#9742,.F.);
#13376=EDGE_LOOP('',(#13371,#13372,#13374,#13375));
#13377=FACE_OUTER_BOUND('',#13376,.F.);
#13378=ADVANCED_FACE('',(#13377),#13370,.F.);
#13379=CARTESIAN_POINT('',(1.2675E1,1.725E0,2.61E1));
#13380=DIRECTION('',(0.E0,0.E0,1.E0));
#13381=DIRECTION('',(1.E0,0.E0,0.E0));
#13382=AXIS2_PLACEMENT_3D('',#13379,#13380,#13381);
#13383=PLANE('',#13382);
#13384=ORIENTED_EDGE('',*,*,#9650,.F.);
#13385=ORIENTED_EDGE('',*,*,#9719,.T.);
#13386=ORIENTED_EDGE('',*,*,#9744,.F.);
#13387=ORIENTED_EDGE('',*,*,#13373,.F.);
#13388=EDGE_LOOP('',(#13384,#13385,#13386,#13387));
#13389=FACE_OUTER_BOUND('',#13388,.F.);
#13390=ADVANCED_FACE('',(#13389),#13383,.F.);
#13391=CARTESIAN_POINT('',(1.148498238767E1,2.55E0,1.279630831056E1));
#13392=DIRECTION('',(0.E0,1.E0,0.E0));
#13393=DIRECTION('',(1.E0,0.E0,0.E0));
#13394=AXIS2_PLACEMENT_3D('',#13391,#13392,#13393);
#13395=PLANE('',#13394);
#13397=ORIENTED_EDGE('',*,*,#13396,.T.);
#13398=ORIENTED_EDGE('',*,*,#13344,.F.);
#13400=ORIENTED_EDGE('',*,*,#13399,.T.);
#13402=ORIENTED_EDGE('',*,*,#13401,.T.);
#13404=ORIENTED_EDGE('',*,*,#13403,.T.);
#13406=ORIENTED_EDGE('',*,*,#13405,.T.);
#13407=ORIENTED_EDGE('',*,*,#13332,.F.);
#13409=ORIENTED_EDGE('',*,*,#13408,.T.);
#13411=ORIENTED_EDGE('',*,*,#13410,.T.);
#13413=ORIENTED_EDGE('',*,*,#13412,.T.);
#13414=EDGE_LOOP('',(#13397,#13398,#13400,#13402,#13404,#13406,#13407,#13409,
#13411,#13413));
#13415=FACE_OUTER_BOUND('',#13414,.F.);
#13416=ADVANCED_FACE('',(#13415),#13395,.T.);
#13417=CARTESIAN_POINT('',(1.161E1,2.200666666666E0,1.245E1));
#13418=DIRECTION('',(0.E0,0.E0,1.E0));
#13419=DIRECTION('',(-1.E0,0.E0,0.E0));
#13420=AXIS2_PLACEMENT_3D('',#13417,#13418,#13419);
#13421=PLANE('',#13420);
#13422=ORIENTED_EDGE('',*,*,#13396,.F.);
#13424=ORIENTED_EDGE('',*,*,#13423,.F.);
#13426=ORIENTED_EDGE('',*,*,#13425,.T.);
#13427=ORIENTED_EDGE('',*,*,#13346,.F.);
#13428=EDGE_LOOP('',(#13422,#13424,#13426,#13427));
#13429=FACE_OUTER_BOUND('',#13428,.F.);
#13430=ADVANCED_FACE('',(#13429),#13421,.F.);
#13431=CARTESIAN_POINT('',(1.1445E1,1.83736E0,1.27E1));
#13432=DIRECTION('',(0.E0,1.E0,0.E0));
#13433=DIRECTION('',(1.E0,0.E0,0.E0));
#13434=AXIS2_PLACEMENT_3D('',#13431,#13432,#13433);
#13435=CYLINDRICAL_SURFACE('',#13434,2.5E-1);
#13436=ORIENTED_EDGE('',*,*,#13412,.F.);
#13437=ORIENTED_EDGE('',*,*,#13410,.F.);
#13439=ORIENTED_EDGE('',*,*,#13438,.T.);
#13441=ORIENTED_EDGE('',*,*,#13440,.T.);
#13443=ORIENTED_EDGE('',*,*,#13442,.T.);
#13444=ORIENTED_EDGE('',*,*,#13423,.T.);
#13445=EDGE_LOOP('',(#13436,#13437,#13439,#13441,#13443,#13444));
#13446=FACE_OUTER_BOUND('',#13445,.F.);
#13447=ADVANCED_FACE('',(#13446),#13435,.T.);
#13448=CARTESIAN_POINT('',(1.155448262820E1,2.216466315893E0,1.303330304896E1));
#13449=DIRECTION('',(-4.441389744038E-1,0.E0,8.959579071673E-1));
#13450=DIRECTION('',(8.959579071673E-1,0.E0,4.441389744038E-1));
#13451=AXIS2_PLACEMENT_3D('',#13448,#13449,#13450);
#13452=PLANE('',#13451);
#13453=ORIENTED_EDGE('',*,*,#13408,.F.);
#13454=ORIENTED_EDGE('',*,*,#13338,.F.);
#13456=ORIENTED_EDGE('',*,*,#13455,.T.);
#13457=ORIENTED_EDGE('',*,*,#13438,.F.);
#13458=EDGE_LOOP('',(#13453,#13454,#13456,#13457));
#13459=FACE_OUTER_BOUND('',#13458,.F.);
#13460=ADVANCED_FACE('',(#13459),#13452,.T.);
#13461=CARTESIAN_POINT('',(1.148493980120E1,1.874420554037E0,1.279630831057E1));
#13462=DIRECTION('',(0.E0,9.977851578566E-1,-6.651901052331E-2));
#13463=DIRECTION('',(0.E0,6.651901052331E-2,9.977851578566E-1));
#13464=AXIS2_PLACEMENT_3D('',#13461,#13462,#13463);
#13465=PLANE('',#13464);
#13466=ORIENTED_EDGE('',*,*,#13348,.F.);
#13467=ORIENTED_EDGE('',*,*,#13425,.F.);
#13468=ORIENTED_EDGE('',*,*,#13442,.F.);
#13469=ORIENTED_EDGE('',*,*,#13440,.F.);
#13470=ORIENTED_EDGE('',*,*,#13455,.F.);
#13471=ORIENTED_EDGE('',*,*,#13336,.F.);
#13473=ORIENTED_EDGE('',*,*,#13472,.T.);
#13475=ORIENTED_EDGE('',*,*,#13474,.F.);
#13477=ORIENTED_EDGE('',*,*,#13476,.F.);
#13479=ORIENTED_EDGE('',*,*,#13478,.T.);
#13480=EDGE_LOOP('',(#13466,#13467,#13468,#13469,#13470,#13471,#13473,#13475,
#13477,#13479));
#13481=FACE_OUTER_BOUND('',#13480,.F.);
#13482=ADVANCED_FACE('',(#13481),#13465,.F.);
#13483=CARTESIAN_POINT('',(1.157668957692E1,2.213479789536E0,1.293269896048E1));
#13484=DIRECTION('',(-4.441389743948E-1,0.E0,8.959579071717E-1));
#13485=DIRECTION('',(-8.959579071717E-1,0.E0,-4.441389743948E-1));
#13486=AXIS2_PLACEMENT_3D('',#13483,#13484,#13485);
#13487=PLANE('',#13486);
#13488=ORIENTED_EDGE('',*,*,#13405,.F.);
#13490=ORIENTED_EDGE('',*,*,#13489,.F.);
#13491=ORIENTED_EDGE('',*,*,#13472,.F.);
#13492=ORIENTED_EDGE('',*,*,#13334,.F.);
#13493=EDGE_LOOP('',(#13488,#13490,#13491,#13492));
#13494=FACE_OUTER_BOUND('',#13493,.F.);
#13495=ADVANCED_FACE('',(#13494),#13487,.F.);
#13496=CARTESIAN_POINT('',(1.1445E1,1.84416E0,1.27E1));
#13497=DIRECTION('',(0.E0,1.E0,0.E0));
#13498=DIRECTION('',(1.E0,0.E0,0.E0));
#13499=AXIS2_PLACEMENT_3D('',#13496,#13497,#13498);
#13500=CYLINDRICAL_SURFACE('',#13499,1.5E-1);
#13501=ORIENTED_EDGE('',*,*,#13403,.F.);
#13502=ORIENTED_EDGE('',*,*,#13401,.F.);
#13504=ORIENTED_EDGE('',*,*,#13503,.T.);
#13505=ORIENTED_EDGE('',*,*,#13476,.T.);
#13506=ORIENTED_EDGE('',*,*,#13474,.T.);
#13507=ORIENTED_EDGE('',*,*,#13489,.T.);
#13508=EDGE_LOOP('',(#13501,#13502,#13504,#13505,#13506,#13507));
#13509=FACE_OUTER_BOUND('',#13508,.F.);
#13510=ADVANCED_FACE('',(#13509),#13500,.F.);
#13511=CARTESIAN_POINT('',(1.161E1,2.204E0,1.255E1));
#13512=DIRECTION('',(0.E0,0.E0,1.E0));
#13513=DIRECTION('',(1.E0,0.E0,0.E0));
#13514=AXIS2_PLACEMENT_3D('',#13511,#13512,#13513);
#13515=PLANE('',#13514);
#13516=ORIENTED_EDGE('',*,*,#13399,.F.);
#13517=ORIENTED_EDGE('',*,*,#13342,.F.);
#13518=ORIENTED_EDGE('',*,*,#13478,.F.);
#13519=ORIENTED_EDGE('',*,*,#13503,.F.);
#13520=EDGE_LOOP('',(#13516,#13517,#13518,#13519));
#13521=FACE_OUTER_BOUND('',#13520,.F.);
#13522=ADVANCED_FACE('',(#13521),#13515,.T.);
#13523=CARTESIAN_POINT('',(-1.4225E1,1.3E0,2.8E1));
#13524=DIRECTION('',(1.E0,0.E0,0.E0));
#13525=DIRECTION('',(0.E0,0.E0,1.E0));
#13526=AXIS2_PLACEMENT_3D('',#13523,#13524,#13525);
#13527=PLANE('',#13526);
#13528=ORIENTED_EDGE('',*,*,#9668,.T.);
#13529=ORIENTED_EDGE('',*,*,#9776,.F.);
#13530=ORIENTED_EDGE('',*,*,#9238,.F.);
#13532=ORIENTED_EDGE('',*,*,#13531,.T.);
#13533=EDGE_LOOP('',(#13528,#13529,#13530,#13532));
#13534=FACE_OUTER_BOUND('',#13533,.F.);
#13535=ADVANCED_FACE('',(#13534),#13527,.F.);
#13536=CARTESIAN_POINT('',(-1.41E1,1.3E0,2.7E1));
#13537=DIRECTION('',(0.E0,0.E0,1.E0));
#13538=DIRECTION('',(-1.E0,0.E0,0.E0));
#13539=AXIS2_PLACEMENT_3D('',#13536,#13537,#13538);
#13540=PLANE('',#13539);
#13542=ORIENTED_EDGE('',*,*,#13541,.T.);
#13543=ORIENTED_EDGE('',*,*,#9670,.F.);
#13544=ORIENTED_EDGE('',*,*,#13531,.F.);
#13545=ORIENTED_EDGE('',*,*,#9236,.F.);
#13546=EDGE_LOOP('',(#13542,#13543,#13544,#13545));
#13547=FACE_OUTER_BOUND('',#13546,.F.);
#13548=ADVANCED_FACE('',(#13547),#13540,.F.);
#13549=CARTESIAN_POINT('',(-1.3975E1,1.3E0,2.4825E1));
#13550=DIRECTION('',(1.E0,0.E0,0.E0));
#13551=DIRECTION('',(0.E0,0.E0,1.E0));
#13552=AXIS2_PLACEMENT_3D('',#13549,#13550,#13551);
#13553=PLANE('',#13552);
#13554=ORIENTED_EDGE('',*,*,#13541,.F.);
#13555=ORIENTED_EDGE('',*,*,#9234,.F.);
#13557=ORIENTED_EDGE('',*,*,#13556,.T.);
#13558=ORIENTED_EDGE('',*,*,#9672,.F.);
#13559=EDGE_LOOP('',(#13554,#13555,#13557,#13558));
#13560=FACE_OUTER_BOUND('',#13559,.F.);
#13562=ORIENTED_EDGE('',*,*,#13561,.F.);
#13564=ORIENTED_EDGE('',*,*,#13563,.F.);
#13566=ORIENTED_EDGE('',*,*,#13565,.T.);
#13568=ORIENTED_EDGE('',*,*,#13567,.F.);
#13569=EDGE_LOOP('',(#13562,#13564,#13566,#13568));
#13570=FACE_BOUND('',#13569,.F.);
#13571=ADVANCED_FACE('',(#13560,#13570),#13553,.F.);
#13572=CARTESIAN_POINT('',(-1.3475E1,1.3E0,2.265E1));
#13573=DIRECTION('',(0.E0,0.E0,1.E0));
#13574=DIRECTION('',(1.E0,0.E0,0.E0));
#13575=AXIS2_PLACEMENT_3D('',#13572,#13573,#13574);
#13576=PLANE('',#13575);
#13577=ORIENTED_EDGE('',*,*,#9232,.F.);
#13579=ORIENTED_EDGE('',*,*,#13578,.F.);
#13580=ORIENTED_EDGE('',*,*,#9674,.F.);
#13581=ORIENTED_EDGE('',*,*,#13556,.F.);
#13582=EDGE_LOOP('',(#13577,#13579,#13580,#13581));
#13583=FACE_OUTER_BOUND('',#13582,.F.);
#13584=ADVANCED_FACE('',(#13583),#13576,.F.);
#13585=CARTESIAN_POINT('',(-1.2975E1,1.3E0,2.14E1));
#13586=DIRECTION('',(1.E0,0.E0,0.E0));
#13587=DIRECTION('',(0.E0,0.E0,-1.E0));
#13588=AXIS2_PLACEMENT_3D('',#13585,#13586,#13587);
#13589=PLANE('',#13588);
#13590=ORIENTED_EDGE('',*,*,#9230,.F.);
#13592=ORIENTED_EDGE('',*,*,#13591,.F.);
#13593=ORIENTED_EDGE('',*,*,#9676,.F.);
#13594=ORIENTED_EDGE('',*,*,#13578,.T.);
#13595=EDGE_LOOP('',(#13590,#13592,#13593,#13594));
#13596=FACE_OUTER_BOUND('',#13595,.F.);
#13597=ADVANCED_FACE('',(#13596),#13589,.F.);
#13598=CARTESIAN_POINT('',(-1.3475E1,1.3E0,2.015E1));
#13599=DIRECTION('',(0.E0,0.E0,1.E0));
#13600=DIRECTION('',(-1.E0,0.E0,0.E0));
#13601=AXIS2_PLACEMENT_3D('',#13598,#13599,#13600);
#13602=PLANE('',#13601);
#13603=ORIENTED_EDGE('',*,*,#9228,.F.);
#13605=ORIENTED_EDGE('',*,*,#13604,.F.);
#13606=ORIENTED_EDGE('',*,*,#9678,.F.);
#13607=ORIENTED_EDGE('',*,*,#13591,.T.);
#13608=EDGE_LOOP('',(#13603,#13605,#13606,#13607));
#13609=FACE_OUTER_BOUND('',#13608,.F.);
#13610=ADVANCED_FACE('',(#13609),#13602,.T.);
#13611=CARTESIAN_POINT('',(-1.3975E1,1.3E0,1.0075E1));
#13612=DIRECTION('',(1.E0,0.E0,0.E0));
#13613=DIRECTION('',(0.E0,0.E0,1.E0));
#13614=AXIS2_PLACEMENT_3D('',#13611,#13612,#13613);
#13615=PLANE('',#13614);
#13616=ORIENTED_EDGE('',*,*,#9226,.F.);
#13617=ORIENTED_EDGE('',*,*,#9387,.T.);
#13618=ORIENTED_EDGE('',*,*,#9680,.F.);
#13619=ORIENTED_EDGE('',*,*,#13604,.T.);
#13620=EDGE_LOOP('',(#13616,#13617,#13618,#13619));
#13621=FACE_OUTER_BOUND('',#13620,.F.);
#13623=ORIENTED_EDGE('',*,*,#13622,.T.);
#13625=ORIENTED_EDGE('',*,*,#13624,.T.);
#13627=ORIENTED_EDGE('',*,*,#13626,.T.);
#13629=ORIENTED_EDGE('',*,*,#13628,.T.);
#13630=EDGE_LOOP('',(#13623,#13625,#13627,#13629));
#13631=FACE_BOUND('',#13630,.F.);
#13632=ADVANCED_FACE('',(#13621,#13631),#13615,.F.);
#13633=CARTESIAN_POINT('',(-1.41E1,1.3E0,4.25E0));
#13634=DIRECTION('',(0.E0,0.E0,1.E0));
#13635=DIRECTION('',(1.E0,0.E0,0.E0));
#13636=AXIS2_PLACEMENT_3D('',#13633,#13634,#13635);
#13637=PLANE('',#13636);
#13638=ORIENTED_EDGE('',*,*,#13622,.F.);
#13640=ORIENTED_EDGE('',*,*,#13639,.T.);
#13642=ORIENTED_EDGE('',*,*,#13641,.T.);
#13644=ORIENTED_EDGE('',*,*,#13643,.T.);
#13645=EDGE_LOOP('',(#13638,#13640,#13642,#13644));
#13646=FACE_OUTER_BOUND('',#13645,.F.);
#13647=ADVANCED_FACE('',(#13646),#13637,.F.);
#13648=CARTESIAN_POINT('',(-1.41E1,1.6E0,5.E0));
#13649=DIRECTION('',(8.479983040051E-1,-5.299989400032E-1,0.E0));
#13650=DIRECTION('',(-5.299989400032E-1,-8.479983040051E-1,0.E0));
#13651=AXIS2_PLACEMENT_3D('',#13648,#13649,#13650);
#13652=PLANE('',#13651);
#13653=ORIENTED_EDGE('',*,*,#13628,.F.);
#13655=ORIENTED_EDGE('',*,*,#13654,.F.);
#13657=ORIENTED_EDGE('',*,*,#13656,.F.);
#13658=ORIENTED_EDGE('',*,*,#13639,.F.);
#13659=EDGE_LOOP('',(#13653,#13655,#13657,#13658));
#13660=FACE_OUTER_BOUND('',#13659,.F.);
#13661=ADVANCED_FACE('',(#13660),#13652,.F.);
#13662=CARTESIAN_POINT('',(-1.41E1,1.3E0,5.75E0));
#13663=DIRECTION('',(0.E0,0.E0,1.E0));
#13664=DIRECTION('',(1.E0,0.E0,0.E0));
#13665=AXIS2_PLACEMENT_3D('',#13662,#13663,#13664);
#13666=PLANE('',#13665);
#13667=ORIENTED_EDGE('',*,*,#13626,.F.);
#13669=ORIENTED_EDGE('',*,*,#13668,.T.);
#13671=ORIENTED_EDGE('',*,*,#13670,.T.);
#13672=ORIENTED_EDGE('',*,*,#13654,.T.);
#13673=EDGE_LOOP('',(#13667,#13669,#13671,#13672));
#13674=FACE_OUTER_BOUND('',#13673,.F.);
#13675=ADVANCED_FACE('',(#13674),#13666,.T.);
#13676=CARTESIAN_POINT('',(-1.41E1,8.E-1,5.E0));
#13677=DIRECTION('',(0.E0,1.E0,0.E0));
#13678=DIRECTION('',(1.E0,0.E0,0.E0));
#13679=AXIS2_PLACEMENT_3D('',#13676,#13677,#13678);
#13680=PLANE('',#13679);
#13681=ORIENTED_EDGE('',*,*,#13624,.F.);
#13682=ORIENTED_EDGE('',*,*,#13643,.F.);
#13684=ORIENTED_EDGE('',*,*,#13683,.T.);
#13685=ORIENTED_EDGE('',*,*,#13668,.F.);
#13686=EDGE_LOOP('',(#13681,#13682,#13684,#13685));
#13687=FACE_OUTER_BOUND('',#13686,.F.);
#13688=ADVANCED_FACE('',(#13687),#13680,.F.);
#13689=CARTESIAN_POINT('',(-1.4225E1,1.1E0,5.E0));
#13690=DIRECTION('',(1.E0,0.E0,0.E0));
#13691=DIRECTION('',(0.E0,-1.E0,0.E0));
#13692=AXIS2_PLACEMENT_3D('',#13689,#13690,#13691);
#13693=PLANE('',#13692);
#13694=ORIENTED_EDGE('',*,*,#13641,.F.);
#13695=ORIENTED_EDGE('',*,*,#13656,.T.);
#13696=ORIENTED_EDGE('',*,*,#13670,.F.);
#13697=ORIENTED_EDGE('',*,*,#13683,.F.);
#13698=EDGE_LOOP('',(#13694,#13695,#13696,#13697));
#13699=FACE_OUTER_BOUND('',#13698,.F.);
#13700=ADVANCED_FACE('',(#13699),#13693,.F.);
#13701=CARTESIAN_POINT('',(0.E0,0.E0,2.625E1));
#13702=DIRECTION('',(0.E0,0.E0,-1.E0));
#13703=DIRECTION('',(-1.E0,0.E0,0.E0));
#13704=AXIS2_PLACEMENT_3D('',#13701,#13702,#13703);
#13705=PLANE('',#13704);
#13706=ORIENTED_EDGE('',*,*,#9602,.F.);
#13708=ORIENTED_EDGE('',*,*,#13707,.F.);
#13710=ORIENTED_EDGE('',*,*,#13709,.F.);
#13712=ORIENTED_EDGE('',*,*,#13711,.F.);
#13713=EDGE_LOOP('',(#13706,#13708,#13710,#13712));
#13714=FACE_OUTER_BOUND('',#13713,.F.);
#13715=ADVANCED_FACE('',(#13714),#13705,.F.);
#13716=CARTESIAN_POINT('',(0.E0,0.E0,2.625E1));
#13717=DIRECTION('',(0.E0,0.E0,-1.E0));
#13718=DIRECTION('',(-1.E0,0.E0,0.E0));
#13719=AXIS2_PLACEMENT_3D('',#13716,#13717,#13718);
#13720=PLANE('',#13719);
#13721=ORIENTED_EDGE('',*,*,#13561,.T.);
#13723=ORIENTED_EDGE('',*,*,#13722,.F.);
#13725=ORIENTED_EDGE('',*,*,#13724,.F.);
#13727=ORIENTED_EDGE('',*,*,#13726,.F.);
#13728=EDGE_LOOP('',(#13721,#13723,#13725,#13727));
#13729=FACE_OUTER_BOUND('',#13728,.F.);
#13730=ADVANCED_FACE('',(#13729),#13720,.F.);
#13731=CARTESIAN_POINT('',(1.41E1,1.6E0,2.45E1));
#13732=DIRECTION('',(8.479983040051E-1,5.299989400032E-1,0.E0));
#13733=DIRECTION('',(-5.299989400032E-1,8.479983040051E-1,0.E0));
#13734=AXIS2_PLACEMENT_3D('',#13731,#13732,#13733);
#13735=PLANE('',#13734);
#13737=ORIENTED_EDGE('',*,*,#13736,.F.);
#13738=ORIENTED_EDGE('',*,*,#13707,.T.);
#13739=ORIENTED_EDGE('',*,*,#9608,.T.);
#13741=ORIENTED_EDGE('',*,*,#13740,.F.);
#13742=EDGE_LOOP('',(#13737,#13738,#13739,#13741));
#13743=FACE_OUTER_BOUND('',#13742,.F.);
#13744=ADVANCED_FACE('',(#13743),#13735,.T.);
#13745=CARTESIAN_POINT('',(1.4225E1,1.1E0,2.45E1));
#13746=DIRECTION('',(1.E0,0.E0,0.E0));
#13747=DIRECTION('',(0.E0,1.E0,0.E0));
#13748=AXIS2_PLACEMENT_3D('',#13745,#13746,#13747);
#13749=PLANE('',#13748);
#13751=ORIENTED_EDGE('',*,*,#13750,.F.);
#13752=ORIENTED_EDGE('',*,*,#13709,.T.);
#13753=ORIENTED_EDGE('',*,*,#13736,.T.);
#13755=ORIENTED_EDGE('',*,*,#13754,.F.);
#13756=EDGE_LOOP('',(#13751,#13752,#13753,#13755));
#13757=FACE_OUTER_BOUND('',#13756,.F.);
#13758=ADVANCED_FACE('',(#13757),#13749,.T.);
#13759=CARTESIAN_POINT('',(1.41E1,8.E-1,2.45E1));
#13760=DIRECTION('',(0.E0,1.E0,0.E0));
#13761=DIRECTION('',(1.E0,0.E0,0.E0));
#13762=AXIS2_PLACEMENT_3D('',#13759,#13760,#13761);
#13763=PLANE('',#13762);
#13764=ORIENTED_EDGE('',*,*,#9604,.T.);
#13765=ORIENTED_EDGE('',*,*,#13711,.T.);
#13766=ORIENTED_EDGE('',*,*,#13750,.T.);
#13768=ORIENTED_EDGE('',*,*,#13767,.F.);
#13769=EDGE_LOOP('',(#13764,#13765,#13766,#13768));
#13770=FACE_OUTER_BOUND('',#13769,.F.);
#13771=ADVANCED_FACE('',(#13770),#13763,.F.);
#13772=CARTESIAN_POINT('',(1.41E1,1.3E0,2.375E1));
#13773=DIRECTION('',(0.E0,0.E0,1.E0));
#13774=DIRECTION('',(1.E0,0.E0,0.E0));
#13775=AXIS2_PLACEMENT_3D('',#13772,#13773,#13774);
#13776=PLANE('',#13775);
#13777=ORIENTED_EDGE('',*,*,#9606,.F.);
#13778=ORIENTED_EDGE('',*,*,#13767,.T.);
#13779=ORIENTED_EDGE('',*,*,#13754,.T.);
#13780=ORIENTED_EDGE('',*,*,#13740,.T.);
#13781=EDGE_LOOP('',(#13777,#13778,#13779,#13780));
#13782=FACE_OUTER_BOUND('',#13781,.F.);
#13783=ADVANCED_FACE('',(#13782),#13776,.F.);
#13784=CARTESIAN_POINT('',(-1.41E1,8.E-1,2.45E1));
#13785=DIRECTION('',(0.E0,1.E0,0.E0));
#13786=DIRECTION('',(1.E0,0.E0,0.E0));
#13787=AXIS2_PLACEMENT_3D('',#13784,#13785,#13786);
#13788=PLANE('',#13787);
#13790=ORIENTED_EDGE('',*,*,#13789,.F.);
#13791=ORIENTED_EDGE('',*,*,#13722,.T.);
#13792=ORIENTED_EDGE('',*,*,#13567,.T.);
#13794=ORIENTED_EDGE('',*,*,#13793,.F.);
#13795=EDGE_LOOP('',(#13790,#13791,#13792,#13794));
#13796=FACE_OUTER_BOUND('',#13795,.F.);
#13797=ADVANCED_FACE('',(#13796),#13788,.F.);
#13798=CARTESIAN_POINT('',(-1.4225E1,1.1E0,2.45E1));
#13799=DIRECTION('',(1.E0,0.E0,0.E0));
#13800=DIRECTION('',(0.E0,-1.E0,0.E0));
#13801=AXIS2_PLACEMENT_3D('',#13798,#13799,#13800);
#13802=PLANE('',#13801);
#13804=ORIENTED_EDGE('',*,*,#13803,.F.);
#13805=ORIENTED_EDGE('',*,*,#13724,.T.);
#13806=ORIENTED_EDGE('',*,*,#13789,.T.);
#13808=ORIENTED_EDGE('',*,*,#13807,.F.);
#13809=EDGE_LOOP('',(#13804,#13805,#13806,#13808));
#13810=FACE_OUTER_BOUND('',#13809,.F.);
#13811=ADVANCED_FACE('',(#13810),#13802,.F.);
#13812=CARTESIAN_POINT('',(-1.41E1,1.6E0,2.45E1));
#13813=DIRECTION('',(8.479983040051E-1,-5.299989400032E-1,0.E0));
#13814=DIRECTION('',(-5.299989400032E-1,-8.479983040051E-1,0.E0));
#13815=AXIS2_PLACEMENT_3D('',#13812,#13813,#13814);
#13816=PLANE('',#13815);
#13817=ORIENTED_EDGE('',*,*,#13563,.T.);
#13818=ORIENTED_EDGE('',*,*,#13726,.T.);
#13819=ORIENTED_EDGE('',*,*,#13803,.T.);
#13821=ORIENTED_EDGE('',*,*,#13820,.F.);
#13822=EDGE_LOOP('',(#13817,#13818,#13819,#13821));
#13823=FACE_OUTER_BOUND('',#13822,.F.);
#13824=ADVANCED_FACE('',(#13823),#13816,.F.);
#13825=CARTESIAN_POINT('',(-1.41E1,1.3E0,2.375E1));
#13826=DIRECTION('',(0.E0,0.E0,1.E0));
#13827=DIRECTION('',(1.E0,0.E0,0.E0));
#13828=AXIS2_PLACEMENT_3D('',#13825,#13826,#13827);
#13829=PLANE('',#13828);
#13830=ORIENTED_EDGE('',*,*,#13565,.F.);
#13831=ORIENTED_EDGE('',*,*,#13820,.T.);
#13832=ORIENTED_EDGE('',*,*,#13807,.T.);
#13833=ORIENTED_EDGE('',*,*,#13793,.T.);
#13834=EDGE_LOOP('',(#13830,#13831,#13832,#13833));
#13835=FACE_OUTER_BOUND('',#13834,.F.);
#13836=ADVANCED_FACE('',(#13835),#13829,.F.);
#13837=CARTESIAN_POINT('',(1.3625E1,1.725E0,2.02E1));
#13838=DIRECTION('',(1.E0,0.E0,0.E0));
#13839=DIRECTION('',(0.E0,0.E0,-1.E0));
#13840=AXIS2_PLACEMENT_3D('',#13837,#13838,#13839);
#13841=PLANE('',#13840);
#13842=ORIENTED_EDGE('',*,*,#9554,.F.);
#13843=ORIENTED_EDGE('',*,*,#9584,.T.);
#13844=ORIENTED_EDGE('',*,*,#9685,.F.);
#13845=ORIENTED_EDGE('',*,*,#9533,.F.);
#13846=EDGE_LOOP('',(#13842,#13843,#13844,#13845));
#13847=FACE_OUTER_BOUND('',#13846,.F.);
#13848=ADVANCED_FACE('',(#13847),#13841,.T.);
#13849=CARTESIAN_POINT('',(1.41E1,1.3E0,4.25E0));
#13850=DIRECTION('',(0.E0,0.E0,1.E0));
#13851=DIRECTION('',(1.E0,0.E0,0.E0));
#13852=AXIS2_PLACEMENT_3D('',#13849,#13850,#13851);
#13853=PLANE('',#13852);
#13854=ORIENTED_EDGE('',*,*,#9515,.T.);
#13856=ORIENTED_EDGE('',*,*,#13855,.T.);
#13858=ORIENTED_EDGE('',*,*,#13857,.T.);
#13860=ORIENTED_EDGE('',*,*,#13859,.T.);
#13861=EDGE_LOOP('',(#13854,#13856,#13858,#13860));
#13862=FACE_OUTER_BOUND('',#13861,.F.);
#13863=ADVANCED_FACE('',(#13862),#13853,.F.);
#13864=CARTESIAN_POINT('',(1.41E1,8.E-1,5.E0));
#13865=DIRECTION('',(0.E0,1.E0,0.E0));
#13866=DIRECTION('',(1.E0,0.E0,0.E0));
#13867=AXIS2_PLACEMENT_3D('',#13864,#13865,#13866);
#13868=PLANE('',#13867);
#13869=ORIENTED_EDGE('',*,*,#9521,.F.);
#13871=ORIENTED_EDGE('',*,*,#13870,.T.);
#13873=ORIENTED_EDGE('',*,*,#13872,.F.);
#13874=ORIENTED_EDGE('',*,*,#13855,.F.);
#13875=EDGE_LOOP('',(#13869,#13871,#13873,#13874));
#13876=FACE_OUTER_BOUND('',#13875,.F.);
#13877=ADVANCED_FACE('',(#13876),#13868,.F.);
#13878=CARTESIAN_POINT('',(1.41E1,1.3E0,5.75E0));
#13879=DIRECTION('',(0.E0,0.E0,1.E0));
#13880=DIRECTION('',(1.E0,0.E0,0.E0));
#13881=AXIS2_PLACEMENT_3D('',#13878,#13879,#13880);
#13882=PLANE('',#13881);
#13883=ORIENTED_EDGE('',*,*,#9519,.F.);
#13885=ORIENTED_EDGE('',*,*,#13884,.T.);
#13887=ORIENTED_EDGE('',*,*,#13886,.F.);
#13888=ORIENTED_EDGE('',*,*,#13870,.F.);
#13889=EDGE_LOOP('',(#13883,#13885,#13887,#13888));
#13890=FACE_OUTER_BOUND('',#13889,.F.);
#13891=ADVANCED_FACE('',(#13890),#13882,.T.);
#13892=CARTESIAN_POINT('',(1.41E1,1.6E0,5.E0));
#13893=DIRECTION('',(8.479983040051E-1,5.299989400032E-1,0.E0));
#13894=DIRECTION('',(-5.299989400032E-1,8.479983040051E-1,0.E0));
#13895=AXIS2_PLACEMENT_3D('',#13892,#13893,#13894);
#13896=PLANE('',#13895);
#13897=ORIENTED_EDGE('',*,*,#9517,.F.);
#13898=ORIENTED_EDGE('',*,*,#13859,.F.);
#13900=ORIENTED_EDGE('',*,*,#13899,.T.);
#13901=ORIENTED_EDGE('',*,*,#13884,.F.);
#13902=EDGE_LOOP('',(#13897,#13898,#13900,#13901));
#13903=FACE_OUTER_BOUND('',#13902,.F.);
#13904=ADVANCED_FACE('',(#13903),#13896,.T.);
#13905=CARTESIAN_POINT('',(1.4225E1,1.1E0,5.E0));
#13906=DIRECTION('',(1.E0,0.E0,0.E0));
#13907=DIRECTION('',(0.E0,1.E0,0.E0));
#13908=AXIS2_PLACEMENT_3D('',#13905,#13906,#13907);
#13909=PLANE('',#13908);
#13910=ORIENTED_EDGE('',*,*,#13857,.F.);
#13911=ORIENTED_EDGE('',*,*,#13872,.T.);
#13912=ORIENTED_EDGE('',*,*,#13886,.T.);
#13913=ORIENTED_EDGE('',*,*,#13899,.F.);
#13914=EDGE_LOOP('',(#13910,#13911,#13912,#13913));
#13915=FACE_OUTER_BOUND('',#13914,.F.);
#13916=ADVANCED_FACE('',(#13915),#13909,.T.);
#13917=CARTESIAN_POINT('',(-1.3325E1,1.15E0,-6.25E-1));
#13918=DIRECTION('',(1.E0,0.E0,0.E0));
#13919=DIRECTION('',(0.E0,-1.E0,0.E0));
#13920=AXIS2_PLACEMENT_3D('',#13917,#13918,#13919);
#13921=PLANE('',#13920);
#13923=ORIENTED_EDGE('',*,*,#13922,.T.);
#13924=ORIENTED_EDGE('',*,*,#9391,.F.);
#13926=ORIENTED_EDGE('',*,*,#13925,.T.);
#13928=ORIENTED_EDGE('',*,*,#13927,.T.);
#13930=ORIENTED_EDGE('',*,*,#13929,.F.);
#13932=ORIENTED_EDGE('',*,*,#13931,.T.);
#13934=ORIENTED_EDGE('',*,*,#13933,.T.);
#13935=EDGE_LOOP('',(#13923,#13924,#13926,#13928,#13930,#13932,#13934));
#13936=FACE_OUTER_BOUND('',#13935,.F.);
#13937=ADVANCED_FACE('',(#13936),#13921,.T.);
#13938=CARTESIAN_POINT('',(-1.34E1,5.431604295725E-1,-1.005176473096E-1));
#13939=DIRECTION('',(0.E0,1.E0,0.E0));
#13940=DIRECTION('',(0.E0,0.E0,-1.E0));
#13941=AXIS2_PLACEMENT_3D('',#13938,#13939,#13940);
#13942=PLANE('',#13941);
#13943=ORIENTED_EDGE('',*,*,#13922,.F.);
#13945=ORIENTED_EDGE('',*,*,#13944,.F.);
#13947=ORIENTED_EDGE('',*,*,#13946,.T.);
#13948=ORIENTED_EDGE('',*,*,#9393,.F.);
#13949=EDGE_LOOP('',(#13943,#13945,#13947,#13948));
#13950=FACE_OUTER_BOUND('',#13949,.F.);
#13951=ADVANCED_FACE('',(#13950),#13942,.F.);
#13952=CARTESIAN_POINT('',(-1.331299951998E1,2.931604295725E-1,
-2.010352946193E-1));
#13953=DIRECTION('',(-1.E0,0.E0,0.E0));
#13954=DIRECTION('',(0.E0,0.E0,1.E0));
#13955=AXIS2_PLACEMENT_3D('',#13952,#13953,#13954);
#13956=CYLINDRICAL_SURFACE('',#13955,2.5E-1);
#13957=ORIENTED_EDGE('',*,*,#13933,.F.);
#13959=ORIENTED_EDGE('',*,*,#13958,.T.);
#13961=ORIENTED_EDGE('',*,*,#13960,.F.);
#13962=ORIENTED_EDGE('',*,*,#13944,.T.);
#13963=EDGE_LOOP('',(#13957,#13959,#13961,#13962));
#13964=FACE_OUTER_BOUND('',#13963,.F.);
#13965=ADVANCED_FACE('',(#13964),#13956,.F.);
#13966=CARTESIAN_POINT('',(-1.355E1,9.658021478625E-2,-4.510352946193E-1));
#13967=DIRECTION('',(0.E0,0.E0,1.E0));
#13968=DIRECTION('',(0.E0,-1.E0,0.E0));
#13969=AXIS2_PLACEMENT_3D('',#13966,#13967,#13968);
#13970=PLANE('',#13969);
#13971=ORIENTED_EDGE('',*,*,#13931,.F.);
#13973=ORIENTED_EDGE('',*,*,#13972,.T.);
#13975=ORIENTED_EDGE('',*,*,#13974,.T.);
#13977=ORIENTED_EDGE('',*,*,#13976,.T.);
#13979=ORIENTED_EDGE('',*,*,#13978,.T.);
#13981=ORIENTED_EDGE('',*,*,#13980,.T.);
#13983=ORIENTED_EDGE('',*,*,#13982,.T.);
#13984=ORIENTED_EDGE('',*,*,#13958,.F.);
#13985=EDGE_LOOP('',(#13971,#13973,#13975,#13977,#13979,#13981,#13983,#13984));
#13986=FACE_OUTER_BOUND('',#13985,.F.);
#13987=ADVANCED_FACE('',(#13986),#13970,.T.);
#13988=CARTESIAN_POINT('',(-1.3575E1,1.5E-1,-4.350560005117E-1));
#13989=DIRECTION('',(0.E0,0.E0,-1.E0));
#13990=DIRECTION('',(-1.E0,0.E0,0.E0));
#13991=AXIS2_PLACEMENT_3D('',#13988,#13989,#13990);
#13992=CYLINDRICAL_SURFACE('',#13991,2.5E-1);
#13993=ORIENTED_EDGE('',*,*,#13972,.F.);
#13994=ORIENTED_EDGE('',*,*,#13929,.T.);
#13996=ORIENTED_EDGE('',*,*,#13995,.F.);
#13998=ORIENTED_EDGE('',*,*,#13997,.T.);
#13999=EDGE_LOOP('',(#13993,#13994,#13996,#13998));
#14000=FACE_OUTER_BOUND('',#13999,.F.);
#14001=ADVANCED_FACE('',(#14000),#13992,.T.);
#14002=CARTESIAN_POINT('',(-1.355E1,1.025E0,-1.25E0));
#14003=DIRECTION('',(0.E0,0.E0,1.E0));
#14004=DIRECTION('',(-1.E0,0.E0,0.E0));
#14005=AXIS2_PLACEMENT_3D('',#14002,#14003,#14004);
#14006=PLANE('',#14005);
#14007=ORIENTED_EDGE('',*,*,#13927,.F.);
#14009=ORIENTED_EDGE('',*,*,#14008,.T.);
#14011=ORIENTED_EDGE('',*,*,#14010,.T.);
#14013=ORIENTED_EDGE('',*,*,#14012,.T.);
#14015=ORIENTED_EDGE('',*,*,#14014,.T.);
#14017=ORIENTED_EDGE('',*,*,#14016,.T.);
#14019=ORIENTED_EDGE('',*,*,#14018,.T.);
#14020=ORIENTED_EDGE('',*,*,#13995,.T.);
#14021=EDGE_LOOP('',(#14007,#14009,#14011,#14013,#14015,#14017,#14019,#14020));
#14022=FACE_OUTER_BOUND('',#14021,.F.);
#14023=ADVANCED_FACE('',(#14022),#14006,.F.);
#14024=CARTESIAN_POINT('',(-1.34E1,2.15E0,-6.25E-1));
#14025=DIRECTION('',(0.E0,1.E0,0.E0));
#14026=DIRECTION('',(1.E0,0.E0,0.E0));
#14027=AXIS2_PLACEMENT_3D('',#14024,#14025,#14026);
#14028=PLANE('',#14027);
#14029=ORIENTED_EDGE('',*,*,#9397,.F.);
#14031=ORIENTED_EDGE('',*,*,#14030,.T.);
#14032=ORIENTED_EDGE('',*,*,#14008,.F.);
#14033=ORIENTED_EDGE('',*,*,#13925,.F.);
#14034=EDGE_LOOP('',(#14029,#14031,#14032,#14033));
#14035=FACE_OUTER_BOUND('',#14034,.F.);
#14036=ADVANCED_FACE('',(#14035),#14028,.T.);
#14037=CARTESIAN_POINT('',(-1.3475E1,1.15E0,-6.25E-1));
#14038=DIRECTION('',(1.E0,0.E0,0.E0));
#14039=DIRECTION('',(0.E0,1.E0,0.E0));
#14040=AXIS2_PLACEMENT_3D('',#14037,#14038,#14039);
#14041=PLANE('',#14040);
#14042=ORIENTED_EDGE('',*,*,#13946,.F.);
#14043=ORIENTED_EDGE('',*,*,#13960,.T.);
#14044=ORIENTED_EDGE('',*,*,#13982,.F.);
#14046=ORIENTED_EDGE('',*,*,#14045,.F.);
#14047=ORIENTED_EDGE('',*,*,#14010,.F.);
#14048=ORIENTED_EDGE('',*,*,#14030,.F.);
#14049=ORIENTED_EDGE('',*,*,#9395,.F.);
#14050=EDGE_LOOP('',(#14042,#14043,#14044,#14046,#14047,#14048,#14049));
#14051=FACE_OUTER_BOUND('',#14050,.F.);
#14052=ADVANCED_FACE('',(#14051),#14041,.F.);
#14053=CARTESIAN_POINT('',(-1.3575E1,1.5E-1,-4.350560005117E-1));
#14054=DIRECTION('',(0.E0,0.E0,-1.E0));
#14055=DIRECTION('',(-1.E0,0.E0,0.E0));
#14056=AXIS2_PLACEMENT_3D('',#14053,#14054,#14055);
#14057=CYLINDRICAL_SURFACE('',#14056,1.E-1);
#14058=ORIENTED_EDGE('',*,*,#13980,.F.);
#14060=ORIENTED_EDGE('',*,*,#14059,.T.);
#14061=ORIENTED_EDGE('',*,*,#14012,.F.);
#14062=ORIENTED_EDGE('',*,*,#14045,.T.);
#14063=EDGE_LOOP('',(#14058,#14060,#14061,#14062));
#14064=FACE_OUTER_BOUND('',#14063,.F.);
#14065=ADVANCED_FACE('',(#14064),#14057,.F.);
#14066=CARTESIAN_POINT('',(-1.3675E1,5.E-2,-8.505176473097E-1));
#14067=DIRECTION('',(0.E0,1.E0,0.E0));
#14068=DIRECTION('',(1.E0,0.E0,0.E0));
#14069=AXIS2_PLACEMENT_3D('',#14066,#14067,#14068);
#14070=PLANE('',#14069);
#14071=ORIENTED_EDGE('',*,*,#13978,.F.);
#14073=ORIENTED_EDGE('',*,*,#14072,.T.);
#14074=ORIENTED_EDGE('',*,*,#14014,.F.);
#14075=ORIENTED_EDGE('',*,*,#14059,.F.);
#14076=EDGE_LOOP('',(#14071,#14073,#14074,#14075));
#14077=FACE_OUTER_BOUND('',#14076,.F.);
#14078=ADVANCED_FACE('',(#14077),#14070,.T.);
#14079=CARTESIAN_POINT('',(-1.3775E1,-2.5E-2,-8.505176473097E-1));
#14080=DIRECTION('',(1.E0,0.E0,0.E0));
#14081=DIRECTION('',(0.E0,1.E0,0.E0));
#14082=AXIS2_PLACEMENT_3D('',#14079,#14080,#14081);
#14083=PLANE('',#14082);
#14084=ORIENTED_EDGE('',*,*,#13976,.F.);
#14086=ORIENTED_EDGE('',*,*,#14085,.T.);
#14087=ORIENTED_EDGE('',*,*,#14016,.F.);
#14088=ORIENTED_EDGE('',*,*,#14072,.F.);
#14089=EDGE_LOOP('',(#14084,#14086,#14087,#14088));
#14090=FACE_OUTER_BOUND('',#14089,.F.);
#14091=ADVANCED_FACE('',(#14090),#14083,.F.);
#14092=CARTESIAN_POINT('',(-1.3675E1,-1.E-1,-8.505176473097E-1));
#14093=DIRECTION('',(0.E0,1.E0,0.E0));
#14094=DIRECTION('',(-1.E0,0.E0,0.E0));
#14095=AXIS2_PLACEMENT_3D('',#14092,#14093,#14094);
#14096=PLANE('',#14095);
#14097=ORIENTED_EDGE('',*,*,#13974,.F.);
#14098=ORIENTED_EDGE('',*,*,#13997,.F.);
#14099=ORIENTED_EDGE('',*,*,#14018,.F.);
#14100=ORIENTED_EDGE('',*,*,#14085,.F.);
#14101=EDGE_LOOP('',(#14097,#14098,#14099,#14100));
#14102=FACE_OUTER_BOUND('',#14101,.F.);
#14103=ADVANCED_FACE('',(#14102),#14096,.F.);
#14104=CARTESIAN_POINT('',(9.175E0,1.732941342961E-1,-6.251544041105E-1));
#14105=DIRECTION('',(1.E0,0.E0,0.E0));
#14106=DIRECTION('',(0.E0,0.E0,-1.E0));
#14107=AXIS2_PLACEMENT_3D('',#14104,#14105,#14106);
#14108=PLANE('',#14107);
#14109=ORIENTED_EDGE('',*,*,#9401,.F.);
#14111=ORIENTED_EDGE('',*,*,#14110,.T.);
#14113=ORIENTED_EDGE('',*,*,#14112,.T.);
#14115=ORIENTED_EDGE('',*,*,#14114,.T.);
#14117=ORIENTED_EDGE('',*,*,#14116,.T.);
#14119=ORIENTED_EDGE('',*,*,#14118,.T.);
#14121=ORIENTED_EDGE('',*,*,#14120,.T.);
#14123=ORIENTED_EDGE('',*,*,#14122,.T.);
#14125=ORIENTED_EDGE('',*,*,#14124,.T.);
#14126=EDGE_LOOP('',(#14109,#14111,#14113,#14115,#14117,#14119,#14121,#14123,
#14125));
#14127=FACE_OUTER_BOUND('',#14126,.F.);
#14128=ADVANCED_FACE('',(#14127),#14108,.T.);
#14129=CARTESIAN_POINT('',(8.762999519981E0,1.E-1,1.996911917794E-1));
#14130=DIRECTION('',(1.E0,0.E0,0.E0));
#14131=DIRECTION('',(0.E0,0.E0,-1.E0));
#14132=AXIS2_PLACEMENT_3D('',#14129,#14130,#14131);
#14133=CYLINDRICAL_SURFACE('',#14132,4.E-1);
#14134=ORIENTED_EDGE('',*,*,#9407,.T.);
#14136=ORIENTED_EDGE('',*,*,#14135,.F.);
#14138=ORIENTED_EDGE('',*,*,#14137,.T.);
#14139=ORIENTED_EDGE('',*,*,#14110,.F.);
#14140=EDGE_LOOP('',(#14134,#14136,#14138,#14139));
#14141=FACE_OUTER_BOUND('',#14140,.F.);
#14142=ADVANCED_FACE('',(#14141),#14133,.T.);
#14143=CARTESIAN_POINT('',(8.775E0,1.732941342961E-1,-6.251544041105E-1));
#14144=DIRECTION('',(1.E0,0.E0,0.E0));
#14145=DIRECTION('',(0.E0,0.E0,-1.E0));
#14146=AXIS2_PLACEMENT_3D('',#14143,#14144,#14145);
#14147=PLANE('',#14146);
#14148=ORIENTED_EDGE('',*,*,#9405,.F.);
#14150=ORIENTED_EDGE('',*,*,#14149,.T.);
#14152=ORIENTED_EDGE('',*,*,#14151,.T.);
#14154=ORIENTED_EDGE('',*,*,#14153,.T.);
#14156=ORIENTED_EDGE('',*,*,#14155,.T.);
#14158=ORIENTED_EDGE('',*,*,#14157,.T.);
#14160=ORIENTED_EDGE('',*,*,#14159,.T.);
#14162=ORIENTED_EDGE('',*,*,#14161,.T.);
#14163=ORIENTED_EDGE('',*,*,#14135,.T.);
#14164=EDGE_LOOP('',(#14148,#14150,#14152,#14154,#14156,#14158,#14160,#14162,
#14163));
#14165=FACE_OUTER_BOUND('',#14164,.F.);
#14166=ADVANCED_FACE('',(#14165),#14147,.F.);
#14167=CARTESIAN_POINT('',(8.975E0,1.397464844468E-1,-1.367229971165E-1));
#14168=DIRECTION('',(0.E0,7.567316587328E-1,-6.537256279752E-1));
#14169=DIRECTION('',(0.E0,-6.537256279752E-1,-7.567316587328E-1));
#14170=AXIS2_PLACEMENT_3D('',#14167,#14168,#14169);
#14171=PLANE('',#14170);
#14172=ORIENTED_EDGE('',*,*,#9403,.F.);
#14173=ORIENTED_EDGE('',*,*,#14124,.F.);
#14175=ORIENTED_EDGE('',*,*,#14174,.F.);
#14176=ORIENTED_EDGE('',*,*,#14149,.F.);
#14177=EDGE_LOOP('',(#14172,#14173,#14175,#14176));
#14178=FACE_OUTER_BOUND('',#14177,.F.);
#14179=ADVANCED_FACE('',(#14178),#14171,.F.);
#14180=CARTESIAN_POINT('',(8.762999519981E0,4.E-1,-6.003088082206E-1));
#14181=DIRECTION('',(1.E0,0.E0,0.E0));
#14182=DIRECTION('',(0.E0,0.E0,-1.E0));
#14183=AXIS2_PLACEMENT_3D('',#14180,#14181,#14182);
#14184=CYLINDRICAL_SURFACE('',#14183,5.000000000004E-1);
#14185=ORIENTED_EDGE('',*,*,#14122,.F.);
#14187=ORIENTED_EDGE('',*,*,#14186,.T.);
#14188=ORIENTED_EDGE('',*,*,#14151,.F.);
#14189=ORIENTED_EDGE('',*,*,#14174,.T.);
#14190=EDGE_LOOP('',(#14185,#14187,#14188,#14189));
#14191=FACE_OUTER_BOUND('',#14190,.F.);
#14192=ADVANCED_FACE('',(#14191),#14184,.T.);
#14193=CARTESIAN_POINT('',(8.975E0,-1.E-1,-9.253088082208E-1));
#14194=DIRECTION('',(0.E0,1.E0,0.E0));
#14195=DIRECTION('',(0.E0,0.E0,-1.E0));
#14196=AXIS2_PLACEMENT_3D('',#14193,#14194,#14195);
#14197=PLANE('',#14196);
#14198=ORIENTED_EDGE('',*,*,#14120,.F.);
#14200=ORIENTED_EDGE('',*,*,#14199,.T.);
#14201=ORIENTED_EDGE('',*,*,#14153,.F.);
#14202=ORIENTED_EDGE('',*,*,#14186,.F.);
#14203=EDGE_LOOP('',(#14198,#14200,#14201,#14202));
#14204=FACE_OUTER_BOUND('',#14203,.F.);
#14205=ADVANCED_FACE('',(#14204),#14197,.F.);
#14206=CARTESIAN_POINT('',(8.975E0,-2.5E-2,-1.250308808221E0));
#14207=DIRECTION('',(0.E0,0.E0,1.E0));
#14208=DIRECTION('',(0.E0,1.E0,0.E0));
#14209=AXIS2_PLACEMENT_3D('',#14206,#14207,#14208);
#14210=PLANE('',#14209);
#14211=ORIENTED_EDGE('',*,*,#14118,.F.);
#14213=ORIENTED_EDGE('',*,*,#14212,.T.);
#14214=ORIENTED_EDGE('',*,*,#14155,.F.);
#14215=ORIENTED_EDGE('',*,*,#14199,.F.);
#14216=EDGE_LOOP('',(#14211,#14213,#14214,#14215));
#14217=FACE_OUTER_BOUND('',#14216,.F.);
#14218=ADVANCED_FACE('',(#14217),#14210,.F.);
#14219=CARTESIAN_POINT('',(8.975E0,5.E-2,-9.253088082208E-1));
#14220=DIRECTION('',(0.E0,1.E0,0.E0));
#14221=DIRECTION('',(0.E0,0.E0,1.E0));
#14222=AXIS2_PLACEMENT_3D('',#14219,#14220,#14221);
#14223=PLANE('',#14222);
#14224=ORIENTED_EDGE('',*,*,#14116,.F.);
#14226=ORIENTED_EDGE('',*,*,#14225,.F.);
#14227=ORIENTED_EDGE('',*,*,#14157,.F.);
#14228=ORIENTED_EDGE('',*,*,#14212,.F.);
#14229=EDGE_LOOP('',(#14224,#14226,#14227,#14228));
#14230=FACE_OUTER_BOUND('',#14229,.F.);
#14231=ADVANCED_FACE('',(#14230),#14223,.T.);
#14232=CARTESIAN_POINT('',(8.762999519981E0,4.E-1,-6.003088082206E-1));
#14233=DIRECTION('',(1.E0,0.E0,0.E0));
#14234=DIRECTION('',(0.E0,0.E0,-1.E0));
#14235=AXIS2_PLACEMENT_3D('',#14232,#14233,#14234);
#14236=CYLINDRICAL_SURFACE('',#14235,3.5E-1);
#14237=ORIENTED_EDGE('',*,*,#14114,.F.);
#14239=ORIENTED_EDGE('',*,*,#14238,.T.);
#14240=ORIENTED_EDGE('',*,*,#14159,.F.);
#14241=ORIENTED_EDGE('',*,*,#14225,.T.);
#14242=EDGE_LOOP('',(#14237,#14239,#14240,#14241));
#14243=FACE_OUTER_BOUND('',#14242,.F.);
#14244=ADVANCED_FACE('',(#14243),#14236,.F.);
#14245=CARTESIAN_POINT('',(8.975E0,2.689182914683E-1,-2.166519489200E-1));
#14246=DIRECTION('',(0.E0,7.567316587327E-1,-6.537256279752E-1));
#14247=DIRECTION('',(0.E0,6.537256279752E-1,7.567316587327E-1));
#14248=AXIS2_PLACEMENT_3D('',#14245,#14246,#14247);
#14249=PLANE('',#14248);
#14250=ORIENTED_EDGE('',*,*,#14112,.F.);
#14251=ORIENTED_EDGE('',*,*,#14137,.F.);
#14252=ORIENTED_EDGE('',*,*,#14161,.F.);
#14253=ORIENTED_EDGE('',*,*,#14238,.F.);
#14254=EDGE_LOOP('',(#14250,#14251,#14252,#14253));
#14255=FACE_OUTER_BOUND('',#14254,.F.);
#14256=ADVANCED_FACE('',(#14255),#14249,.T.);
#14257=CARTESIAN_POINT('',(6.675E0,1.732941342961E-1,-6.251544041105E-1));
#14258=DIRECTION('',(1.E0,0.E0,0.E0));
#14259=DIRECTION('',(0.E0,0.E0,-1.E0));
#14260=AXIS2_PLACEMENT_3D('',#14257,#14258,#14259);
#14261=PLANE('',#14260);
#14262=ORIENTED_EDGE('',*,*,#9411,.F.);
#14264=ORIENTED_EDGE('',*,*,#14263,.T.);
#14266=ORIENTED_EDGE('',*,*,#14265,.T.);
#14268=ORIENTED_EDGE('',*,*,#14267,.T.);
#14270=ORIENTED_EDGE('',*,*,#14269,.T.);
#14272=ORIENTED_EDGE('',*,*,#14271,.T.);
#14274=ORIENTED_EDGE('',*,*,#14273,.T.);
#14276=ORIENTED_EDGE('',*,*,#14275,.T.);
#14278=ORIENTED_EDGE('',*,*,#14277,.T.);
#14279=EDGE_LOOP('',(#14262,#14264,#14266,#14268,#14270,#14272,#14274,#14276,
#14278));
#14280=FACE_OUTER_BOUND('',#14279,.F.);
#14281=ADVANCED_FACE('',(#14280),#14261,.T.);
#14282=CARTESIAN_POINT('',(6.262999519981E0,1.E-1,1.996911917794E-1));
#14283=DIRECTION('',(1.E0,0.E0,0.E0));
#14284=DIRECTION('',(0.E0,0.E0,-1.E0));
#14285=AXIS2_PLACEMENT_3D('',#14282,#14283,#14284);
#14286=CYLINDRICAL_SURFACE('',#14285,4.E-1);
#14287=ORIENTED_EDGE('',*,*,#9417,.T.);
#14289=ORIENTED_EDGE('',*,*,#14288,.F.);
#14291=ORIENTED_EDGE('',*,*,#14290,.T.);
#14292=ORIENTED_EDGE('',*,*,#14263,.F.);
#14293=EDGE_LOOP('',(#14287,#14289,#14291,#14292));
#14294=FACE_OUTER_BOUND('',#14293,.F.);
#14295=ADVANCED_FACE('',(#14294),#14286,.T.);
#14296=CARTESIAN_POINT('',(6.275E0,1.732941342961E-1,-6.251544041105E-1));
#14297=DIRECTION('',(1.E0,0.E0,0.E0));
#14298=DIRECTION('',(0.E0,0.E0,-1.E0));
#14299=AXIS2_PLACEMENT_3D('',#14296,#14297,#14298);
#14300=PLANE('',#14299);
#14301=ORIENTED_EDGE('',*,*,#9415,.F.);
#14303=ORIENTED_EDGE('',*,*,#14302,.T.);
#14305=ORIENTED_EDGE('',*,*,#14304,.T.);
#14307=ORIENTED_EDGE('',*,*,#14306,.T.);
#14309=ORIENTED_EDGE('',*,*,#14308,.T.);
#14311=ORIENTED_EDGE('',*,*,#14310,.T.);
#14313=ORIENTED_EDGE('',*,*,#14312,.T.);
#14315=ORIENTED_EDGE('',*,*,#14314,.T.);
#14316=ORIENTED_EDGE('',*,*,#14288,.T.);
#14317=EDGE_LOOP('',(#14301,#14303,#14305,#14307,#14309,#14311,#14313,#14315,
#14316));
#14318=FACE_OUTER_BOUND('',#14317,.F.);
#14319=ADVANCED_FACE('',(#14318),#14300,.F.);
#14320=CARTESIAN_POINT('',(6.475E0,1.397464844468E-1,-1.367229971165E-1));
#14321=DIRECTION('',(0.E0,7.567316587328E-1,-6.537256279752E-1));
#14322=DIRECTION('',(0.E0,-6.537256279752E-1,-7.567316587328E-1));
#14323=AXIS2_PLACEMENT_3D('',#14320,#14321,#14322);
#14324=PLANE('',#14323);
#14325=ORIENTED_EDGE('',*,*,#9413,.F.);
#14326=ORIENTED_EDGE('',*,*,#14277,.F.);
#14328=ORIENTED_EDGE('',*,*,#14327,.F.);
#14329=ORIENTED_EDGE('',*,*,#14302,.F.);
#14330=EDGE_LOOP('',(#14325,#14326,#14328,#14329));
#14331=FACE_OUTER_BOUND('',#14330,.F.);
#14332=ADVANCED_FACE('',(#14331),#14324,.F.);
#14333=CARTESIAN_POINT('',(6.262999519981E0,4.E-1,-6.003088082206E-1));
#14334=DIRECTION('',(1.E0,0.E0,0.E0));
#14335=DIRECTION('',(0.E0,0.E0,-1.E0));
#14336=AXIS2_PLACEMENT_3D('',#14333,#14334,#14335);
#14337=CYLINDRICAL_SURFACE('',#14336,5.000000000004E-1);
#14338=ORIENTED_EDGE('',*,*,#14275,.F.);
#14340=ORIENTED_EDGE('',*,*,#14339,.T.);
#14341=ORIENTED_EDGE('',*,*,#14304,.F.);
#14342=ORIENTED_EDGE('',*,*,#14327,.T.);
#14343=EDGE_LOOP('',(#14338,#14340,#14341,#14342));
#14344=FACE_OUTER_BOUND('',#14343,.F.);
#14345=ADVANCED_FACE('',(#14344),#14337,.T.);
#14346=CARTESIAN_POINT('',(6.475E0,-1.E-1,-9.253088082208E-1));
#14347=DIRECTION('',(0.E0,1.E0,0.E0));
#14348=DIRECTION('',(0.E0,0.E0,-1.E0));
#14349=AXIS2_PLACEMENT_3D('',#14346,#14347,#14348);
#14350=PLANE('',#14349);
#14351=ORIENTED_EDGE('',*,*,#14273,.F.);
#14353=ORIENTED_EDGE('',*,*,#14352,.T.);
#14354=ORIENTED_EDGE('',*,*,#14306,.F.);
#14355=ORIENTED_EDGE('',*,*,#14339,.F.);
#14356=EDGE_LOOP('',(#14351,#14353,#14354,#14355));
#14357=FACE_OUTER_BOUND('',#14356,.F.);
#14358=ADVANCED_FACE('',(#14357),#14350,.F.);
#14359=CARTESIAN_POINT('',(6.475E0,-2.5E-2,-1.250308808221E0));
#14360=DIRECTION('',(0.E0,0.E0,1.E0));
#14361=DIRECTION('',(0.E0,1.E0,0.E0));
#14362=AXIS2_PLACEMENT_3D('',#14359,#14360,#14361);
#14363=PLANE('',#14362);
#14364=ORIENTED_EDGE('',*,*,#14271,.F.);
#14366=ORIENTED_EDGE('',*,*,#14365,.T.);
#14367=ORIENTED_EDGE('',*,*,#14308,.F.);
#14368=ORIENTED_EDGE('',*,*,#14352,.F.);
#14369=EDGE_LOOP('',(#14364,#14366,#14367,#14368));
#14370=FACE_OUTER_BOUND('',#14369,.F.);
#14371=ADVANCED_FACE('',(#14370),#14363,.F.);
#14372=CARTESIAN_POINT('',(6.475E0,5.E-2,-9.253088082208E-1));
#14373=DIRECTION('',(0.E0,1.E0,0.E0));
#14374=DIRECTION('',(0.E0,0.E0,1.E0));
#14375=AXIS2_PLACEMENT_3D('',#14372,#14373,#14374);
#14376=PLANE('',#14375);
#14377=ORIENTED_EDGE('',*,*,#14269,.F.);
#14379=ORIENTED_EDGE('',*,*,#14378,.F.);
#14380=ORIENTED_EDGE('',*,*,#14310,.F.);
#14381=ORIENTED_EDGE('',*,*,#14365,.F.);
#14382=EDGE_LOOP('',(#14377,#14379,#14380,#14381));
#14383=FACE_OUTER_BOUND('',#14382,.F.);
#14384=ADVANCED_FACE('',(#14383),#14376,.T.);
#14385=CARTESIAN_POINT('',(6.262999519981E0,4.E-1,-6.003088082206E-1));
#14386=DIRECTION('',(1.E0,0.E0,0.E0));
#14387=DIRECTION('',(0.E0,0.E0,-1.E0));
#14388=AXIS2_PLACEMENT_3D('',#14385,#14386,#14387);
#14389=CYLINDRICAL_SURFACE('',#14388,3.5E-1);
#14390=ORIENTED_EDGE('',*,*,#14267,.F.);
#14392=ORIENTED_EDGE('',*,*,#14391,.T.);
#14393=ORIENTED_EDGE('',*,*,#14312,.F.);
#14394=ORIENTED_EDGE('',*,*,#14378,.T.);
#14395=EDGE_LOOP('',(#14390,#14392,#14393,#14394));
#14396=FACE_OUTER_BOUND('',#14395,.F.);
#14397=ADVANCED_FACE('',(#14396),#14389,.F.);
#14398=CARTESIAN_POINT('',(6.475E0,2.689182914683E-1,-2.166519489200E-1));
#14399=DIRECTION('',(0.E0,7.567316587327E-1,-6.537256279752E-1));
#14400=DIRECTION('',(0.E0,6.537256279752E-1,7.567316587327E-1));
#14401=AXIS2_PLACEMENT_3D('',#14398,#14399,#14400);
#14402=PLANE('',#14401);
#14403=ORIENTED_EDGE('',*,*,#14265,.F.);
#14404=ORIENTED_EDGE('',*,*,#14290,.F.);
#14405=ORIENTED_EDGE('',*,*,#14314,.F.);
#14406=ORIENTED_EDGE('',*,*,#14391,.F.);
#14407=EDGE_LOOP('',(#14403,#14404,#14405,#14406));
#14408=FACE_OUTER_BOUND('',#14407,.F.);
#14409=ADVANCED_FACE('',(#14408),#14402,.T.);
#14410=CARTESIAN_POINT('',(4.175E0,1.732941342961E-1,-6.251544041105E-1));
#14411=DIRECTION('',(1.E0,0.E0,0.E0));
#14412=DIRECTION('',(0.E0,0.E0,-1.E0));
#14413=AXIS2_PLACEMENT_3D('',#14410,#14411,#14412);
#14414=PLANE('',#14413);
#14415=ORIENTED_EDGE('',*,*,#9421,.F.);
#14417=ORIENTED_EDGE('',*,*,#14416,.T.);
#14419=ORIENTED_EDGE('',*,*,#14418,.T.);
#14421=ORIENTED_EDGE('',*,*,#14420,.T.);
#14423=ORIENTED_EDGE('',*,*,#14422,.T.);
#14425=ORIENTED_EDGE('',*,*,#14424,.T.);
#14427=ORIENTED_EDGE('',*,*,#14426,.T.);
#14429=ORIENTED_EDGE('',*,*,#14428,.T.);
#14431=ORIENTED_EDGE('',*,*,#14430,.T.);
#14432=EDGE_LOOP('',(#14415,#14417,#14419,#14421,#14423,#14425,#14427,#14429,
#14431));
#14433=FACE_OUTER_BOUND('',#14432,.F.);
#14434=ADVANCED_FACE('',(#14433),#14414,.T.);
#14435=CARTESIAN_POINT('',(3.762999519981E0,1.E-1,1.996911917794E-1));
#14436=DIRECTION('',(1.E0,0.E0,0.E0));
#14437=DIRECTION('',(0.E0,0.E0,-1.E0));
#14438=AXIS2_PLACEMENT_3D('',#14435,#14436,#14437);
#14439=CYLINDRICAL_SURFACE('',#14438,4.E-1);
#14440=ORIENTED_EDGE('',*,*,#9427,.T.);
#14442=ORIENTED_EDGE('',*,*,#14441,.F.);
#14444=ORIENTED_EDGE('',*,*,#14443,.T.);
#14445=ORIENTED_EDGE('',*,*,#14416,.F.);
#14446=EDGE_LOOP('',(#14440,#14442,#14444,#14445));
#14447=FACE_OUTER_BOUND('',#14446,.F.);
#14448=ADVANCED_FACE('',(#14447),#14439,.T.);
#14449=CARTESIAN_POINT('',(3.775E0,1.732941342961E-1,-6.251544041105E-1));
#14450=DIRECTION('',(1.E0,0.E0,0.E0));
#14451=DIRECTION('',(0.E0,0.E0,-1.E0));
#14452=AXIS2_PLACEMENT_3D('',#14449,#14450,#14451);
#14453=PLANE('',#14452);
#14454=ORIENTED_EDGE('',*,*,#9425,.F.);
#14456=ORIENTED_EDGE('',*,*,#14455,.T.);
#14458=ORIENTED_EDGE('',*,*,#14457,.T.);
#14460=ORIENTED_EDGE('',*,*,#14459,.T.);
#14462=ORIENTED_EDGE('',*,*,#14461,.T.);
#14464=ORIENTED_EDGE('',*,*,#14463,.T.);
#14466=ORIENTED_EDGE('',*,*,#14465,.T.);
#14468=ORIENTED_EDGE('',*,*,#14467,.T.);
#14469=ORIENTED_EDGE('',*,*,#14441,.T.);
#14470=EDGE_LOOP('',(#14454,#14456,#14458,#14460,#14462,#14464,#14466,#14468,
#14469));
#14471=FACE_OUTER_BOUND('',#14470,.F.);
#14472=ADVANCED_FACE('',(#14471),#14453,.F.);
#14473=CARTESIAN_POINT('',(3.975E0,1.397464844468E-1,-1.367229971165E-1));
#14474=DIRECTION('',(0.E0,7.567316587328E-1,-6.537256279752E-1));
#14475=DIRECTION('',(0.E0,-6.537256279752E-1,-7.567316587328E-1));
#14476=AXIS2_PLACEMENT_3D('',#14473,#14474,#14475);
#14477=PLANE('',#14476);
#14478=ORIENTED_EDGE('',*,*,#9423,.F.);
#14479=ORIENTED_EDGE('',*,*,#14430,.F.);
#14481=ORIENTED_EDGE('',*,*,#14480,.F.);
#14482=ORIENTED_EDGE('',*,*,#14455,.F.);
#14483=EDGE_LOOP('',(#14478,#14479,#14481,#14482));
#14484=FACE_OUTER_BOUND('',#14483,.F.);
#14485=ADVANCED_FACE('',(#14484),#14477,.F.);
#14486=CARTESIAN_POINT('',(3.762999519981E0,4.E-1,-6.003088082206E-1));
#14487=DIRECTION('',(1.E0,0.E0,0.E0));
#14488=DIRECTION('',(0.E0,0.E0,-1.E0));
#14489=AXIS2_PLACEMENT_3D('',#14486,#14487,#14488);
#14490=CYLINDRICAL_SURFACE('',#14489,5.000000000004E-1);
#14491=ORIENTED_EDGE('',*,*,#14428,.F.);
#14493=ORIENTED_EDGE('',*,*,#14492,.T.);
#14494=ORIENTED_EDGE('',*,*,#14457,.F.);
#14495=ORIENTED_EDGE('',*,*,#14480,.T.);
#14496=EDGE_LOOP('',(#14491,#14493,#14494,#14495));
#14497=FACE_OUTER_BOUND('',#14496,.F.);
#14498=ADVANCED_FACE('',(#14497),#14490,.T.);
#14499=CARTESIAN_POINT('',(3.975E0,-1.E-1,-9.253088082208E-1));
#14500=DIRECTION('',(0.E0,1.E0,0.E0));
#14501=DIRECTION('',(0.E0,0.E0,-1.E0));
#14502=AXIS2_PLACEMENT_3D('',#14499,#14500,#14501);
#14503=PLANE('',#14502);
#14504=ORIENTED_EDGE('',*,*,#14426,.F.);
#14506=ORIENTED_EDGE('',*,*,#14505,.T.);
#14507=ORIENTED_EDGE('',*,*,#14459,.F.);
#14508=ORIENTED_EDGE('',*,*,#14492,.F.);
#14509=EDGE_LOOP('',(#14504,#14506,#14507,#14508));
#14510=FACE_OUTER_BOUND('',#14509,.F.);
#14511=ADVANCED_FACE('',(#14510),#14503,.F.);
#14512=CARTESIAN_POINT('',(3.975E0,-2.5E-2,-1.250308808221E0));
#14513=DIRECTION('',(0.E0,0.E0,1.E0));
#14514=DIRECTION('',(0.E0,1.E0,0.E0));
#14515=AXIS2_PLACEMENT_3D('',#14512,#14513,#14514);
#14516=PLANE('',#14515);
#14517=ORIENTED_EDGE('',*,*,#14424,.F.);
#14519=ORIENTED_EDGE('',*,*,#14518,.T.);
#14520=ORIENTED_EDGE('',*,*,#14461,.F.);
#14521=ORIENTED_EDGE('',*,*,#14505,.F.);
#14522=EDGE_LOOP('',(#14517,#14519,#14520,#14521));
#14523=FACE_OUTER_BOUND('',#14522,.F.);
#14524=ADVANCED_FACE('',(#14523),#14516,.F.);
#14525=CARTESIAN_POINT('',(3.975E0,5.E-2,-9.253088082208E-1));
#14526=DIRECTION('',(0.E0,1.E0,0.E0));
#14527=DIRECTION('',(0.E0,0.E0,1.E0));
#14528=AXIS2_PLACEMENT_3D('',#14525,#14526,#14527);
#14529=PLANE('',#14528);
#14530=ORIENTED_EDGE('',*,*,#14422,.F.);
#14532=ORIENTED_EDGE('',*,*,#14531,.F.);
#14533=ORIENTED_EDGE('',*,*,#14463,.F.);
#14534=ORIENTED_EDGE('',*,*,#14518,.F.);
#14535=EDGE_LOOP('',(#14530,#14532,#14533,#14534));
#14536=FACE_OUTER_BOUND('',#14535,.F.);
#14537=ADVANCED_FACE('',(#14536),#14529,.T.);
#14538=CARTESIAN_POINT('',(3.762999519981E0,4.E-1,-6.003088082206E-1));
#14539=DIRECTION('',(1.E0,0.E0,0.E0));
#14540=DIRECTION('',(0.E0,0.E0,-1.E0));
#14541=AXIS2_PLACEMENT_3D('',#14538,#14539,#14540);
#14542=CYLINDRICAL_SURFACE('',#14541,3.5E-1);
#14543=ORIENTED_EDGE('',*,*,#14420,.F.);
#14545=ORIENTED_EDGE('',*,*,#14544,.T.);
#14546=ORIENTED_EDGE('',*,*,#14465,.F.);
#14547=ORIENTED_EDGE('',*,*,#14531,.T.);
#14548=EDGE_LOOP('',(#14543,#14545,#14546,#14547));
#14549=FACE_OUTER_BOUND('',#14548,.F.);
#14550=ADVANCED_FACE('',(#14549),#14542,.F.);
#14551=CARTESIAN_POINT('',(3.975E0,2.689182914683E-1,-2.166519489200E-1));
#14552=DIRECTION('',(0.E0,7.567316587327E-1,-6.537256279752E-1));
#14553=DIRECTION('',(0.E0,6.537256279752E-1,7.567316587327E-1));
#14554=AXIS2_PLACEMENT_3D('',#14551,#14552,#14553);
#14555=PLANE('',#14554);
#14556=ORIENTED_EDGE('',*,*,#14418,.F.);
#14557=ORIENTED_EDGE('',*,*,#14443,.F.);
#14558=ORIENTED_EDGE('',*,*,#14467,.F.);
#14559=ORIENTED_EDGE('',*,*,#14544,.F.);
#14560=EDGE_LOOP('',(#14556,#14557,#14558,#14559));
#14561=FACE_OUTER_BOUND('',#14560,.F.);
#14562=ADVANCED_FACE('',(#14561),#14555,.T.);
#14563=CARTESIAN_POINT('',(2.525E0,9.6E-1,-6.251544041105E-1));
#14564=DIRECTION('',(1.E0,0.E0,0.E0));
#14565=DIRECTION('',(0.E0,0.E0,-1.E0));
#14566=AXIS2_PLACEMENT_3D('',#14563,#14564,#14565);
#14567=PLANE('',#14566);
#14568=ORIENTED_EDGE('',*,*,#9431,.F.);
#14570=ORIENTED_EDGE('',*,*,#14569,.T.);
#14572=ORIENTED_EDGE('',*,*,#14571,.T.);
#14574=ORIENTED_EDGE('',*,*,#14573,.T.);
#14576=ORIENTED_EDGE('',*,*,#14575,.T.);
#14578=ORIENTED_EDGE('',*,*,#14577,.T.);
#14580=ORIENTED_EDGE('',*,*,#14579,.T.);
#14582=ORIENTED_EDGE('',*,*,#14581,.T.);
#14584=ORIENTED_EDGE('',*,*,#14583,.T.);
#14586=ORIENTED_EDGE('',*,*,#14585,.T.);
#14588=ORIENTED_EDGE('',*,*,#14587,.T.);
#14590=ORIENTED_EDGE('',*,*,#14589,.T.);
#14591=EDGE_LOOP('',(#14568,#14570,#14572,#14574,#14576,#14578,#14580,#14582,
#14584,#14586,#14588,#14590));
#14592=FACE_OUTER_BOUND('',#14591,.F.);
#14593=ADVANCED_FACE('',(#14592),#14567,.T.);
#14594=CARTESIAN_POINT('',(2.325E0,2.02E0,-1.001544041103E-1));
#14595=DIRECTION('',(0.E0,1.E0,0.E0));
#14596=DIRECTION('',(0.E0,0.E0,1.E0));
#14597=AXIS2_PLACEMENT_3D('',#14594,#14595,#14596);
#14598=PLANE('',#14597);
#14599=ORIENTED_EDGE('',*,*,#9437,.F.);
#14601=ORIENTED_EDGE('',*,*,#14600,.T.);
#14603=ORIENTED_EDGE('',*,*,#14602,.F.);
#14604=ORIENTED_EDGE('',*,*,#14569,.F.);
#14605=EDGE_LOOP('',(#14599,#14601,#14603,#14604));
#14606=FACE_OUTER_BOUND('',#14605,.F.);
#14607=ADVANCED_FACE('',(#14606),#14598,.T.);
#14608=CARTESIAN_POINT('',(2.125E0,9.6E-1,-6.251544041105E-1));
#14609=DIRECTION('',(1.E0,0.E0,0.E0));
#14610=DIRECTION('',(0.E0,0.E0,-1.E0));
#14611=AXIS2_PLACEMENT_3D('',#14608,#14609,#14610);
#14612=PLANE('',#14611);
#14613=ORIENTED_EDGE('',*,*,#9435,.F.);
#14615=ORIENTED_EDGE('',*,*,#14614,.T.);
#14617=ORIENTED_EDGE('',*,*,#14616,.T.);
#14619=ORIENTED_EDGE('',*,*,#14618,.T.);
#14621=ORIENTED_EDGE('',*,*,#14620,.T.);
#14623=ORIENTED_EDGE('',*,*,#14622,.T.);
#14625=ORIENTED_EDGE('',*,*,#14624,.T.);
#14627=ORIENTED_EDGE('',*,*,#14626,.T.);
#14629=ORIENTED_EDGE('',*,*,#14628,.T.);
#14631=ORIENTED_EDGE('',*,*,#14630,.T.);
#14633=ORIENTED_EDGE('',*,*,#14632,.T.);
#14634=ORIENTED_EDGE('',*,*,#14600,.F.);
#14635=EDGE_LOOP('',(#14613,#14615,#14617,#14619,#14621,#14623,#14625,#14627,
#14629,#14631,#14633,#14634));
#14636=FACE_OUTER_BOUND('',#14635,.F.);
#14637=ADVANCED_FACE('',(#14636),#14612,.F.);
#14638=CARTESIAN_POINT('',(2.325E0,1.87E0,-1.001544041103E-1));
#14639=DIRECTION('',(0.E0,1.E0,0.E0));
#14640=DIRECTION('',(0.E0,0.E0,-1.E0));
#14641=AXIS2_PLACEMENT_3D('',#14638,#14639,#14640);
#14642=PLANE('',#14641);
#14643=ORIENTED_EDGE('',*,*,#9433,.F.);
#14644=ORIENTED_EDGE('',*,*,#14589,.F.);
#14646=ORIENTED_EDGE('',*,*,#14645,.F.);
#14647=ORIENTED_EDGE('',*,*,#14614,.F.);
#14648=EDGE_LOOP('',(#14643,#14644,#14646,#14647));
#14649=FACE_OUTER_BOUND('',#14648,.F.);
#14650=ADVANCED_FACE('',(#14649),#14642,.F.);
#14651=CARTESIAN_POINT('',(2.112999519981E0,1.67E0,-2.003088082206E-1));
#14652=DIRECTION('',(1.E0,0.E0,0.E0));
#14653=DIRECTION('',(0.E0,0.E0,-1.E0));
#14654=AXIS2_PLACEMENT_3D('',#14651,#14652,#14653);
#14655=CYLINDRICAL_SURFACE('',#14654,2.E-1);
#14656=ORIENTED_EDGE('',*,*,#14587,.F.);
#14658=ORIENTED_EDGE('',*,*,#14657,.T.);
#14659=ORIENTED_EDGE('',*,*,#14616,.F.);
#14660=ORIENTED_EDGE('',*,*,#14645,.T.);
#14661=EDGE_LOOP('',(#14656,#14658,#14659,#14660));
#14662=FACE_OUTER_BOUND('',#14661,.F.);
#14663=ADVANCED_FACE('',(#14662),#14655,.F.);
#14664=CARTESIAN_POINT('',(2.325E0,9.35E-1,-4.003088082206E-1));
#14665=DIRECTION('',(0.E0,0.E0,1.E0));
#14666=DIRECTION('',(0.E0,-1.E0,0.E0));
#14667=AXIS2_PLACEMENT_3D('',#14664,#14665,#14666);
#14668=PLANE('',#14667);
#14669=ORIENTED_EDGE('',*,*,#14585,.F.);
#14671=ORIENTED_EDGE('',*,*,#14670,.F.);
#14672=ORIENTED_EDGE('',*,*,#14618,.F.);
#14673=ORIENTED_EDGE('',*,*,#14657,.F.);
#14674=EDGE_LOOP('',(#14669,#14671,#14672,#14673));
#14675=FACE_OUTER_BOUND('',#14674,.F.);
#14676=ADVANCED_FACE('',(#14675),#14668,.T.);
#14677=CARTESIAN_POINT('',(2.112999519981E0,2.E-1,-7.003088082206E-1));
#14678=DIRECTION('',(1.E0,0.E0,0.E0));
#14679=DIRECTION('',(0.E0,0.E0,-1.E0));
#14680=AXIS2_PLACEMENT_3D('',#14677,#14678,#14679);
#14681=CYLINDRICAL_SURFACE('',#14680,3.000000000004E-1);
#14682=ORIENTED_EDGE('',*,*,#14583,.F.);
#14684=ORIENTED_EDGE('',*,*,#14683,.T.);
#14685=ORIENTED_EDGE('',*,*,#14620,.F.);
#14686=ORIENTED_EDGE('',*,*,#14670,.T.);
#14687=EDGE_LOOP('',(#14682,#14684,#14685,#14686));
#14688=FACE_OUTER_BOUND('',#14687,.F.);
#14689=ADVANCED_FACE('',(#14688),#14681,.T.);
#14690=CARTESIAN_POINT('',(2.325E0,-1.E-1,-9.753088082208E-1));
#14691=DIRECTION('',(0.E0,1.E0,0.E0));
#14692=DIRECTION('',(0.E0,0.E0,-1.E0));
#14693=AXIS2_PLACEMENT_3D('',#14690,#14691,#14692);
#14694=PLANE('',#14693);
#14695=ORIENTED_EDGE('',*,*,#14581,.F.);
#14697=ORIENTED_EDGE('',*,*,#14696,.T.);
#14698=ORIENTED_EDGE('',*,*,#14622,.F.);
#14699=ORIENTED_EDGE('',*,*,#14683,.F.);
#14700=EDGE_LOOP('',(#14695,#14697,#14698,#14699));
#14701=FACE_OUTER_BOUND('',#14700,.F.);
#14702=ADVANCED_FACE('',(#14701),#14694,.F.);
#14703=CARTESIAN_POINT('',(2.325E0,-2.5E-2,-1.250308808221E0));
#14704=DIRECTION('',(0.E0,0.E0,1.E0));
#14705=DIRECTION('',(0.E0,1.E0,0.E0));
#14706=AXIS2_PLACEMENT_3D('',#14703,#14704,#14705);
#14707=PLANE('',#14706);
#14708=ORIENTED_EDGE('',*,*,#14579,.F.);
#14710=ORIENTED_EDGE('',*,*,#14709,.T.);
#14711=ORIENTED_EDGE('',*,*,#14624,.F.);
#14712=ORIENTED_EDGE('',*,*,#14696,.F.);
#14713=EDGE_LOOP('',(#14708,#14710,#14711,#14712));
#14714=FACE_OUTER_BOUND('',#14713,.F.);
#14715=ADVANCED_FACE('',(#14714),#14707,.F.);
#14716=CARTESIAN_POINT('',(2.325E0,5.E-2,-9.753088082208E-1));
#14717=DIRECTION('',(0.E0,1.E0,0.E0));
#14718=DIRECTION('',(0.E0,0.E0,1.E0));
#14719=AXIS2_PLACEMENT_3D('',#14716,#14717,#14718);
#14720=PLANE('',#14719);
#14721=ORIENTED_EDGE('',*,*,#14577,.F.);
#14723=ORIENTED_EDGE('',*,*,#14722,.F.);
#14724=ORIENTED_EDGE('',*,*,#14626,.F.);
#14725=ORIENTED_EDGE('',*,*,#14709,.F.);
#14726=EDGE_LOOP('',(#14721,#14723,#14724,#14725));
#14727=FACE_OUTER_BOUND('',#14726,.F.);
#14728=ADVANCED_FACE('',(#14727),#14720,.T.);
#14729=CARTESIAN_POINT('',(2.112999519981E0,2.E-1,-7.003088082206E-1));
#14730=DIRECTION('',(1.E0,0.E0,0.E0));
#14731=DIRECTION('',(0.E0,0.E0,-1.E0));
#14732=AXIS2_PLACEMENT_3D('',#14729,#14730,#14731);
#14733=CYLINDRICAL_SURFACE('',#14732,1.5E-1);
#14734=ORIENTED_EDGE('',*,*,#14575,.F.);
#14736=ORIENTED_EDGE('',*,*,#14735,.T.);
#14737=ORIENTED_EDGE('',*,*,#14628,.F.);
#14738=ORIENTED_EDGE('',*,*,#14722,.T.);
#14739=EDGE_LOOP('',(#14734,#14736,#14737,#14738));
#14740=FACE_OUTER_BOUND('',#14739,.F.);
#14741=ADVANCED_FACE('',(#14740),#14733,.F.);
#14742=CARTESIAN_POINT('',(2.325E0,9.35E-1,-5.503088082206E-1));
#14743=DIRECTION('',(0.E0,0.E0,1.E0));
#14744=DIRECTION('',(0.E0,1.E0,0.E0));
#14745=AXIS2_PLACEMENT_3D('',#14742,#14743,#14744);
#14746=PLANE('',#14745);
#14747=ORIENTED_EDGE('',*,*,#14573,.F.);
#14749=ORIENTED_EDGE('',*,*,#14748,.F.);
#14750=ORIENTED_EDGE('',*,*,#14630,.F.);
#14751=ORIENTED_EDGE('',*,*,#14735,.F.);
#14752=EDGE_LOOP('',(#14747,#14749,#14750,#14751));
#14753=FACE_OUTER_BOUND('',#14752,.F.);
#14754=ADVANCED_FACE('',(#14753),#14746,.F.);
#14755=CARTESIAN_POINT('',(2.112999519981E0,1.67E0,-2.003088082206E-1));
#14756=DIRECTION('',(1.E0,0.E0,0.E0));
#14757=DIRECTION('',(0.E0,0.E0,-1.E0));
#14758=AXIS2_PLACEMENT_3D('',#14755,#14756,#14757);
#14759=CYLINDRICAL_SURFACE('',#14758,3.5E-1);
#14760=ORIENTED_EDGE('',*,*,#14571,.F.);
#14761=ORIENTED_EDGE('',*,*,#14602,.T.);
#14762=ORIENTED_EDGE('',*,*,#14632,.F.);
#14763=ORIENTED_EDGE('',*,*,#14748,.T.);
#14764=EDGE_LOOP('',(#14760,#14761,#14762,#14763));
#14765=FACE_OUTER_BOUND('',#14764,.F.);
#14766=ADVANCED_FACE('',(#14765),#14759,.T.);
#14767=CARTESIAN_POINT('',(8.75E-1,1.780398290089E-1,-6.251544041105E-1));
#14768=DIRECTION('',(1.E0,0.E0,0.E0));
#14769=DIRECTION('',(0.E0,0.E0,-1.E0));
#14770=AXIS2_PLACEMENT_3D('',#14767,#14768,#14769);
#14771=PLANE('',#14770);
#14772=ORIENTED_EDGE('',*,*,#9441,.F.);
#14774=ORIENTED_EDGE('',*,*,#14773,.T.);
#14776=ORIENTED_EDGE('',*,*,#14775,.T.);
#14778=ORIENTED_EDGE('',*,*,#14777,.T.);
#14780=ORIENTED_EDGE('',*,*,#14779,.T.);
#14782=ORIENTED_EDGE('',*,*,#14781,.T.);
#14784=ORIENTED_EDGE('',*,*,#14783,.T.);
#14786=ORIENTED_EDGE('',*,*,#14785,.T.);
#14787=EDGE_LOOP('',(#14772,#14774,#14776,#14778,#14780,#14782,#14784,#14786));
#14788=FACE_OUTER_BOUND('',#14787,.F.);
#14789=ADVANCED_FACE('',(#14788),#14771,.T.);
#14790=CARTESIAN_POINT('',(6.75E-1,2.956117887307E-1,-1.857524192147E-1));
#14791=DIRECTION('',(0.E0,7.567316587327E-1,-6.537256279752E-1));
#14792=DIRECTION('',(0.E0,6.537256279752E-1,7.567316587327E-1));
#14793=AXIS2_PLACEMENT_3D('',#14790,#14791,#14792);
#14794=PLANE('',#14793);
#14795=ORIENTED_EDGE('',*,*,#14773,.F.);
#14796=ORIENTED_EDGE('',*,*,#9447,.F.);
#14798=ORIENTED_EDGE('',*,*,#14797,.F.);
#14800=ORIENTED_EDGE('',*,*,#14799,.F.);
#14801=EDGE_LOOP('',(#14795,#14796,#14798,#14800));
#14802=FACE_OUTER_BOUND('',#14801,.F.);
#14803=ADVANCED_FACE('',(#14802),#14794,.T.);
#14804=CARTESIAN_POINT('',(4.75E-1,1.780398290089E-1,-6.251544041105E-1));
#14805=DIRECTION('',(1.E0,0.E0,0.E0));
#14806=DIRECTION('',(0.E0,0.E0,-1.E0));
#14807=AXIS2_PLACEMENT_3D('',#14804,#14805,#14806);
#14808=PLANE('',#14807);
#14809=ORIENTED_EDGE('',*,*,#9445,.F.);
#14811=ORIENTED_EDGE('',*,*,#14810,.T.);
#14813=ORIENTED_EDGE('',*,*,#14812,.T.);
#14815=ORIENTED_EDGE('',*,*,#14814,.T.);
#14817=ORIENTED_EDGE('',*,*,#14816,.T.);
#14819=ORIENTED_EDGE('',*,*,#14818,.T.);
#14821=ORIENTED_EDGE('',*,*,#14820,.T.);
#14822=ORIENTED_EDGE('',*,*,#14797,.T.);
#14823=EDGE_LOOP('',(#14809,#14811,#14813,#14815,#14817,#14819,#14821,#14822));
#14824=FACE_OUTER_BOUND('',#14823,.F.);
#14825=ADVANCED_FACE('',(#14824),#14808,.F.);
#14826=CARTESIAN_POINT('',(6.75E-1,1.397464844468E-1,-1.367229971165E-1));
#14827=DIRECTION('',(0.E0,7.567316587327E-1,-6.537256279752E-1));
#14828=DIRECTION('',(0.E0,-6.537256279752E-1,-7.567316587327E-1));
#14829=AXIS2_PLACEMENT_3D('',#14826,#14827,#14828);
#14830=PLANE('',#14829);
#14831=ORIENTED_EDGE('',*,*,#9443,.F.);
#14832=ORIENTED_EDGE('',*,*,#14785,.F.);
#14834=ORIENTED_EDGE('',*,*,#14833,.F.);
#14835=ORIENTED_EDGE('',*,*,#14810,.F.);
#14836=EDGE_LOOP('',(#14831,#14832,#14834,#14835));
#14837=FACE_OUTER_BOUND('',#14836,.F.);
#14838=ADVANCED_FACE('',(#14837),#14830,.F.);
#14839=CARTESIAN_POINT('',(4.629995199808E-1,4.E-1,-6.003088082206E-1));
#14840=DIRECTION('',(1.E0,0.E0,0.E0));
#14841=DIRECTION('',(0.E0,0.E0,-1.E0));
#14842=AXIS2_PLACEMENT_3D('',#14839,#14840,#14841);
#14843=CYLINDRICAL_SURFACE('',#14842,5.000000000004E-1);
#14844=ORIENTED_EDGE('',*,*,#14783,.F.);
#14846=ORIENTED_EDGE('',*,*,#14845,.T.);
#14847=ORIENTED_EDGE('',*,*,#14812,.F.);
#14848=ORIENTED_EDGE('',*,*,#14833,.T.);
#14849=EDGE_LOOP('',(#14844,#14846,#14847,#14848));
#14850=FACE_OUTER_BOUND('',#14849,.F.);
#14851=ADVANCED_FACE('',(#14850),#14843,.T.);
#14852=CARTESIAN_POINT('',(6.75E-1,-1.E-1,-9.253088082208E-1));
#14853=DIRECTION('',(0.E0,1.E0,0.E0));
#14854=DIRECTION('',(0.E0,0.E0,-1.E0));
#14855=AXIS2_PLACEMENT_3D('',#14852,#14853,#14854);
#14856=PLANE('',#14855);
#14857=ORIENTED_EDGE('',*,*,#14781,.F.);
#14859=ORIENTED_EDGE('',*,*,#14858,.T.);
#14860=ORIENTED_EDGE('',*,*,#14814,.F.);
#14861=ORIENTED_EDGE('',*,*,#14845,.F.);
#14862=EDGE_LOOP('',(#14857,#14859,#14860,#14861));
#14863=FACE_OUTER_BOUND('',#14862,.F.);
#14864=ADVANCED_FACE('',(#14863),#14856,.F.);
#14865=CARTESIAN_POINT('',(6.75E-1,-2.5E-2,-1.250308808221E0));
#14866=DIRECTION('',(0.E0,0.E0,1.E0));
#14867=DIRECTION('',(0.E0,1.E0,0.E0));
#14868=AXIS2_PLACEMENT_3D('',#14865,#14866,#14867);
#14869=PLANE('',#14868);
#14870=ORIENTED_EDGE('',*,*,#14779,.F.);
#14872=ORIENTED_EDGE('',*,*,#14871,.T.);
#14873=ORIENTED_EDGE('',*,*,#14816,.F.);
#14874=ORIENTED_EDGE('',*,*,#14858,.F.);
#14875=EDGE_LOOP('',(#14870,#14872,#14873,#14874));
#14876=FACE_OUTER_BOUND('',#14875,.F.);
#14877=ADVANCED_FACE('',(#14876),#14869,.F.);
#14878=CARTESIAN_POINT('',(6.75E-1,5.E-2,-9.253088082208E-1));
#14879=DIRECTION('',(0.E0,1.E0,0.E0));
#14880=DIRECTION('',(0.E0,0.E0,1.E0));
#14881=AXIS2_PLACEMENT_3D('',#14878,#14879,#14880);
#14882=PLANE('',#14881);
#14883=ORIENTED_EDGE('',*,*,#14777,.F.);
#14885=ORIENTED_EDGE('',*,*,#14884,.F.);
#14886=ORIENTED_EDGE('',*,*,#14818,.F.);
#14887=ORIENTED_EDGE('',*,*,#14871,.F.);
#14888=EDGE_LOOP('',(#14883,#14885,#14886,#14887));
#14889=FACE_OUTER_BOUND('',#14888,.F.);
#14890=ADVANCED_FACE('',(#14889),#14882,.T.);
#14891=CARTESIAN_POINT('',(4.629995199808E-1,4.E-1,-6.003088082206E-1));
#14892=DIRECTION('',(1.E0,0.E0,0.E0));
#14893=DIRECTION('',(0.E0,0.E0,-1.E0));
#14894=AXIS2_PLACEMENT_3D('',#14891,#14892,#14893);
#14895=CYLINDRICAL_SURFACE('',#14894,3.5E-1);
#14896=ORIENTED_EDGE('',*,*,#14775,.F.);
#14897=ORIENTED_EDGE('',*,*,#14799,.T.);
#14898=ORIENTED_EDGE('',*,*,#14820,.F.);
#14899=ORIENTED_EDGE('',*,*,#14884,.T.);
#14900=EDGE_LOOP('',(#14896,#14897,#14898,#14899));
#14901=FACE_OUTER_BOUND('',#14900,.F.);
#14902=ADVANCED_FACE('',(#14901),#14895,.F.);
#14903=CARTESIAN_POINT('',(-8.25E-1,1.780398290089E-1,-6.251544041105E-1));
#14904=DIRECTION('',(1.E0,0.E0,0.E0));
#14905=DIRECTION('',(0.E0,0.E0,-1.E0));
#14906=AXIS2_PLACEMENT_3D('',#14903,#14904,#14905);
#14907=PLANE('',#14906);
#14908=ORIENTED_EDGE('',*,*,#9451,.F.);
#14910=ORIENTED_EDGE('',*,*,#14909,.T.);
#14912=ORIENTED_EDGE('',*,*,#14911,.T.);
#14914=ORIENTED_EDGE('',*,*,#14913,.T.);
#14916=ORIENTED_EDGE('',*,*,#14915,.T.);
#14918=ORIENTED_EDGE('',*,*,#14917,.T.);
#14920=ORIENTED_EDGE('',*,*,#14919,.T.);
#14922=ORIENTED_EDGE('',*,*,#14921,.T.);
#14923=EDGE_LOOP('',(#14908,#14910,#14912,#14914,#14916,#14918,#14920,#14922));
#14924=FACE_OUTER_BOUND('',#14923,.F.);
#14925=ADVANCED_FACE('',(#14924),#14907,.T.);
#14926=CARTESIAN_POINT('',(-1.025E0,2.956117887307E-1,-1.857524192147E-1));
#14927=DIRECTION('',(0.E0,7.567316587327E-1,-6.537256279752E-1));
#14928=DIRECTION('',(0.E0,6.537256279752E-1,7.567316587327E-1));
#14929=AXIS2_PLACEMENT_3D('',#14926,#14927,#14928);
#14930=PLANE('',#14929);
#14931=ORIENTED_EDGE('',*,*,#14909,.F.);
#14932=ORIENTED_EDGE('',*,*,#9457,.F.);
#14934=ORIENTED_EDGE('',*,*,#14933,.F.);
#14936=ORIENTED_EDGE('',*,*,#14935,.F.);
#14937=EDGE_LOOP('',(#14931,#14932,#14934,#14936));
#14938=FACE_OUTER_BOUND('',#14937,.F.);
#14939=ADVANCED_FACE('',(#14938),#14930,.T.);
#14940=CARTESIAN_POINT('',(-1.225E0,1.780398290089E-1,-6.251544041105E-1));
#14941=DIRECTION('',(1.E0,0.E0,0.E0));
#14942=DIRECTION('',(0.E0,0.E0,-1.E0));
#14943=AXIS2_PLACEMENT_3D('',#14940,#14941,#14942);
#14944=PLANE('',#14943);
#14945=ORIENTED_EDGE('',*,*,#9455,.F.);
#14947=ORIENTED_EDGE('',*,*,#14946,.T.);
#14949=ORIENTED_EDGE('',*,*,#14948,.T.);
#14951=ORIENTED_EDGE('',*,*,#14950,.T.);
#14953=ORIENTED_EDGE('',*,*,#14952,.T.);
#14955=ORIENTED_EDGE('',*,*,#14954,.T.);
#14957=ORIENTED_EDGE('',*,*,#14956,.T.);
#14958=ORIENTED_EDGE('',*,*,#14933,.T.);
#14959=EDGE_LOOP('',(#14945,#14947,#14949,#14951,#14953,#14955,#14957,#14958));
#14960=FACE_OUTER_BOUND('',#14959,.F.);
#14961=ADVANCED_FACE('',(#14960),#14944,.F.);
#14962=CARTESIAN_POINT('',(-1.025E0,1.397464844468E-1,-1.367229971165E-1));
#14963=DIRECTION('',(0.E0,7.567316587327E-1,-6.537256279752E-1));
#14964=DIRECTION('',(0.E0,-6.537256279752E-1,-7.567316587327E-1));
#14965=AXIS2_PLACEMENT_3D('',#14962,#14963,#14964);
#14966=PLANE('',#14965);
#14967=ORIENTED_EDGE('',*,*,#9453,.F.);
#14968=ORIENTED_EDGE('',*,*,#14921,.F.);
#14970=ORIENTED_EDGE('',*,*,#14969,.F.);
#14971=ORIENTED_EDGE('',*,*,#14946,.F.);
#14972=EDGE_LOOP('',(#14967,#14968,#14970,#14971));
#14973=FACE_OUTER_BOUND('',#14972,.F.);
#14974=ADVANCED_FACE('',(#14973),#14966,.F.);
#14975=CARTESIAN_POINT('',(-1.237000480019E0,4.E-1,-6.003088082206E-1));
#14976=DIRECTION('',(1.E0,0.E0,0.E0));
#14977=DIRECTION('',(0.E0,0.E0,-1.E0));
#14978=AXIS2_PLACEMENT_3D('',#14975,#14976,#14977);
#14979=CYLINDRICAL_SURFACE('',#14978,5.000000000004E-1);
#14980=ORIENTED_EDGE('',*,*,#14919,.F.);
#14982=ORIENTED_EDGE('',*,*,#14981,.T.);
#14983=ORIENTED_EDGE('',*,*,#14948,.F.);
#14984=ORIENTED_EDGE('',*,*,#14969,.T.);
#14985=EDGE_LOOP('',(#14980,#14982,#14983,#14984));
#14986=FACE_OUTER_BOUND('',#14985,.F.);
#14987=ADVANCED_FACE('',(#14986),#14979,.T.);
#14988=CARTESIAN_POINT('',(-1.025E0,-1.E-1,-9.253088082208E-1));
#14989=DIRECTION('',(0.E0,1.E0,0.E0));
#14990=DIRECTION('',(0.E0,0.E0,-1.E0));
#14991=AXIS2_PLACEMENT_3D('',#14988,#14989,#14990);
#14992=PLANE('',#14991);
#14993=ORIENTED_EDGE('',*,*,#14917,.F.);
#14995=ORIENTED_EDGE('',*,*,#14994,.T.);
#14996=ORIENTED_EDGE('',*,*,#14950,.F.);
#14997=ORIENTED_EDGE('',*,*,#14981,.F.);
#14998=EDGE_LOOP('',(#14993,#14995,#14996,#14997));
#14999=FACE_OUTER_BOUND('',#14998,.F.);
#15000=ADVANCED_FACE('',(#14999),#14992,.F.);
#15001=CARTESIAN_POINT('',(-1.025E0,-2.5E-2,-1.250308808221E0));
#15002=DIRECTION('',(0.E0,0.E0,1.E0));
#15003=DIRECTION('',(0.E0,1.E0,0.E0));
#15004=AXIS2_PLACEMENT_3D('',#15001,#15002,#15003);
#15005=PLANE('',#15004);
#15006=ORIENTED_EDGE('',*,*,#14915,.F.);
#15008=ORIENTED_EDGE('',*,*,#15007,.T.);
#15009=ORIENTED_EDGE('',*,*,#14952,.F.);
#15010=ORIENTED_EDGE('',*,*,#14994,.F.);
#15011=EDGE_LOOP('',(#15006,#15008,#15009,#15010));
#15012=FACE_OUTER_BOUND('',#15011,.F.);
#15013=ADVANCED_FACE('',(#15012),#15005,.F.);
#15014=CARTESIAN_POINT('',(-1.025E0,5.E-2,-9.253088082208E-1));
#15015=DIRECTION('',(0.E0,1.E0,0.E0));
#15016=DIRECTION('',(0.E0,0.E0,1.E0));
#15017=AXIS2_PLACEMENT_3D('',#15014,#15015,#15016);
#15018=PLANE('',#15017);
#15019=ORIENTED_EDGE('',*,*,#14913,.F.);
#15021=ORIENTED_EDGE('',*,*,#15020,.F.);
#15022=ORIENTED_EDGE('',*,*,#14954,.F.);
#15023=ORIENTED_EDGE('',*,*,#15007,.F.);
#15024=EDGE_LOOP('',(#15019,#15021,#15022,#15023));
#15025=FACE_OUTER_BOUND('',#15024,.F.);
#15026=ADVANCED_FACE('',(#15025),#15018,.T.);
#15027=CARTESIAN_POINT('',(-1.237000480019E0,4.E-1,-6.003088082206E-1));
#15028=DIRECTION('',(1.E0,0.E0,0.E0));
#15029=DIRECTION('',(0.E0,0.E0,-1.E0));
#15030=AXIS2_PLACEMENT_3D('',#15027,#15028,#15029);
#15031=CYLINDRICAL_SURFACE('',#15030,3.5E-1);
#15032=ORIENTED_EDGE('',*,*,#14911,.F.);
#15033=ORIENTED_EDGE('',*,*,#14935,.T.);
#15034=ORIENTED_EDGE('',*,*,#14956,.F.);
#15035=ORIENTED_EDGE('',*,*,#15020,.T.);
#15036=EDGE_LOOP('',(#15032,#15033,#15034,#15035));
#15037=FACE_OUTER_BOUND('',#15036,.F.);
#15038=ADVANCED_FACE('',(#15037),#15031,.F.);
#15039=CARTESIAN_POINT('',(-1.035E1,1.780398290089E-1,-6.25E-1));
#15040=DIRECTION('',(1.E0,0.E0,0.E0));
#15041=DIRECTION('',(0.E0,0.E0,1.E0));
#15042=AXIS2_PLACEMENT_3D('',#15039,#15040,#15041);
#15043=PLANE('',#15042);
#15044=ORIENTED_EDGE('',*,*,#9461,.F.);
#15046=ORIENTED_EDGE('',*,*,#15045,.T.);
#15048=ORIENTED_EDGE('',*,*,#15047,.T.);
#15050=ORIENTED_EDGE('',*,*,#15049,.T.);
#15052=ORIENTED_EDGE('',*,*,#15051,.T.);
#15054=ORIENTED_EDGE('',*,*,#15053,.T.);
#15056=ORIENTED_EDGE('',*,*,#15055,.T.);
#15058=ORIENTED_EDGE('',*,*,#15057,.T.);
#15059=EDGE_LOOP('',(#15044,#15046,#15048,#15050,#15052,#15054,#15056,#15058));
#15060=FACE_OUTER_BOUND('',#15059,.F.);
#15061=ADVANCED_FACE('',(#15060),#15043,.F.);
#15062=CARTESIAN_POINT('',(-1.015E1,1.397464844468E-1,-1.367229971165E-1));
#15063=DIRECTION('',(0.E0,7.567316587328E-1,-6.537256279752E-1));
#15064=DIRECTION('',(0.E0,6.537256279752E-1,7.567316587328E-1));
#15065=AXIS2_PLACEMENT_3D('',#15062,#15063,#15064);
#15066=PLANE('',#15065);
#15067=ORIENTED_EDGE('',*,*,#9467,.F.);
#15069=ORIENTED_EDGE('',*,*,#15068,.F.);
#15071=ORIENTED_EDGE('',*,*,#15070,.F.);
#15072=ORIENTED_EDGE('',*,*,#15045,.F.);
#15073=EDGE_LOOP('',(#15067,#15069,#15071,#15072));
#15074=FACE_OUTER_BOUND('',#15073,.F.);
#15075=ADVANCED_FACE('',(#15074),#15066,.F.);
#15076=CARTESIAN_POINT('',(-9.95E0,1.780398290089E-1,-6.25E-1));
#15077=DIRECTION('',(1.E0,0.E0,0.E0));
#15078=DIRECTION('',(0.E0,0.E0,1.E0));
#15079=AXIS2_PLACEMENT_3D('',#15076,#15077,#15078);
#15080=PLANE('',#15079);
#15081=ORIENTED_EDGE('',*,*,#9465,.F.);
#15083=ORIENTED_EDGE('',*,*,#15082,.T.);
#15085=ORIENTED_EDGE('',*,*,#15084,.T.);
#15087=ORIENTED_EDGE('',*,*,#15086,.T.);
#15089=ORIENTED_EDGE('',*,*,#15088,.T.);
#15091=ORIENTED_EDGE('',*,*,#15090,.T.);
#15093=ORIENTED_EDGE('',*,*,#15092,.T.);
#15094=ORIENTED_EDGE('',*,*,#15068,.T.);
#15095=EDGE_LOOP('',(#15081,#15083,#15085,#15087,#15089,#15091,#15093,#15094));
#15096=FACE_OUTER_BOUND('',#15095,.F.);
#15097=ADVANCED_FACE('',(#15096),#15080,.T.);
#15098=CARTESIAN_POINT('',(-1.015E1,2.956117887307E-1,-1.857524192146E-1));
#15099=DIRECTION('',(0.E0,7.567316587327E-1,-6.537256279752E-1));
#15100=DIRECTION('',(0.E0,-6.537256279752E-1,-7.567316587327E-1));
#15101=AXIS2_PLACEMENT_3D('',#15098,#15099,#15100);
#15102=PLANE('',#15101);
#15103=ORIENTED_EDGE('',*,*,#15082,.F.);
#15104=ORIENTED_EDGE('',*,*,#9463,.F.);
#15105=ORIENTED_EDGE('',*,*,#15057,.F.);
#15107=ORIENTED_EDGE('',*,*,#15106,.F.);
#15108=EDGE_LOOP('',(#15103,#15104,#15105,#15107));
#15109=FACE_OUTER_BOUND('',#15108,.F.);
#15110=ADVANCED_FACE('',(#15109),#15102,.T.);
#15111=CARTESIAN_POINT('',(-9.937999519981E0,4.E-1,-6.003088082206E-1));
#15112=DIRECTION('',(-1.E0,0.E0,0.E0));
#15113=DIRECTION('',(0.E0,0.E0,1.E0));
#15114=AXIS2_PLACEMENT_3D('',#15111,#15112,#15113);
#15115=CYLINDRICAL_SURFACE('',#15114,3.5E-1);
#15116=ORIENTED_EDGE('',*,*,#15055,.F.);
#15118=ORIENTED_EDGE('',*,*,#15117,.T.);
#15119=ORIENTED_EDGE('',*,*,#15084,.F.);
#15120=ORIENTED_EDGE('',*,*,#15106,.T.);
#15121=EDGE_LOOP('',(#15116,#15118,#15119,#15120));
#15122=FACE_OUTER_BOUND('',#15121,.F.);
#15123=ADVANCED_FACE('',(#15122),#15115,.F.);
#15124=CARTESIAN_POINT('',(-1.015E1,5.E-2,-9.251544041103E-1));
#15125=DIRECTION('',(0.E0,1.E0,0.E0));
#15126=DIRECTION('',(0.E0,0.E0,-1.E0));
#15127=AXIS2_PLACEMENT_3D('',#15124,#15125,#15126);
#15128=PLANE('',#15127);
#15129=ORIENTED_EDGE('',*,*,#15053,.F.);
#15131=ORIENTED_EDGE('',*,*,#15130,.T.);
#15132=ORIENTED_EDGE('',*,*,#15086,.F.);
#15133=ORIENTED_EDGE('',*,*,#15117,.F.);
#15134=EDGE_LOOP('',(#15129,#15131,#15132,#15133));
#15135=FACE_OUTER_BOUND('',#15134,.F.);
#15136=ADVANCED_FACE('',(#15135),#15128,.T.);
#15137=CARTESIAN_POINT('',(-1.015E1,-2.5E-2,-1.25E0));
#15138=DIRECTION('',(0.E0,0.E0,1.E0));
#15139=DIRECTION('',(0.E0,-1.E0,0.E0));
#15140=AXIS2_PLACEMENT_3D('',#15137,#15138,#15139);
#15141=PLANE('',#15140);
#15142=ORIENTED_EDGE('',*,*,#15051,.F.);
#15144=ORIENTED_EDGE('',*,*,#15143,.T.);
#15145=ORIENTED_EDGE('',*,*,#15088,.F.);
#15146=ORIENTED_EDGE('',*,*,#15130,.F.);
#15147=EDGE_LOOP('',(#15142,#15144,#15145,#15146));
#15148=FACE_OUTER_BOUND('',#15147,.F.);
#15149=ADVANCED_FACE('',(#15148),#15141,.F.);
#15150=CARTESIAN_POINT('',(-1.015E1,-1.E-1,-9.251544041103E-1));
#15151=DIRECTION('',(0.E0,1.E0,0.E0));
#15152=DIRECTION('',(0.E0,0.E0,1.E0));
#15153=AXIS2_PLACEMENT_3D('',#15150,#15151,#15152);
#15154=PLANE('',#15153);
#15155=ORIENTED_EDGE('',*,*,#15049,.F.);
#15157=ORIENTED_EDGE('',*,*,#15156,.F.);
#15158=ORIENTED_EDGE('',*,*,#15090,.F.);
#15159=ORIENTED_EDGE('',*,*,#15143,.F.);
#15160=EDGE_LOOP('',(#15155,#15157,#15158,#15159));
#15161=FACE_OUTER_BOUND('',#15160,.F.);
#15162=ADVANCED_FACE('',(#15161),#15154,.F.);
#15163=CARTESIAN_POINT('',(-9.937999519981E0,4.E-1,-6.003088082206E-1));
#15164=DIRECTION('',(-1.E0,0.E0,0.E0));
#15165=DIRECTION('',(0.E0,0.E0,1.E0));
#15166=AXIS2_PLACEMENT_3D('',#15163,#15164,#15165);
#15167=CYLINDRICAL_SURFACE('',#15166,5.E-1);
#15168=ORIENTED_EDGE('',*,*,#15047,.F.);
#15169=ORIENTED_EDGE('',*,*,#15070,.T.);
#15170=ORIENTED_EDGE('',*,*,#15092,.F.);
#15171=ORIENTED_EDGE('',*,*,#15156,.T.);
#15172=EDGE_LOOP('',(#15168,#15169,#15170,#15171));
#15173=FACE_OUTER_BOUND('',#15172,.F.);
#15174=ADVANCED_FACE('',(#15173),#15167,.T.);
#15175=CARTESIAN_POINT('',(-8.65E0,1.780398290089E-1,-6.25E-1));
#15176=DIRECTION('',(1.E0,0.E0,0.E0));
#15177=DIRECTION('',(0.E0,0.E0,1.E0));
#15178=AXIS2_PLACEMENT_3D('',#15175,#15176,#15177);
#15179=PLANE('',#15178);
#15180=ORIENTED_EDGE('',*,*,#9471,.F.);
#15182=ORIENTED_EDGE('',*,*,#15181,.T.);
#15184=ORIENTED_EDGE('',*,*,#15183,.T.);
#15186=ORIENTED_EDGE('',*,*,#15185,.T.);
#15188=ORIENTED_EDGE('',*,*,#15187,.T.);
#15190=ORIENTED_EDGE('',*,*,#15189,.T.);
#15192=ORIENTED_EDGE('',*,*,#15191,.T.);
#15194=ORIENTED_EDGE('',*,*,#15193,.T.);
#15195=EDGE_LOOP('',(#15180,#15182,#15184,#15186,#15188,#15190,#15192,#15194));
#15196=FACE_OUTER_BOUND('',#15195,.F.);
#15197=ADVANCED_FACE('',(#15196),#15179,.F.);
#15198=CARTESIAN_POINT('',(-8.45E0,1.397464844468E-1,-1.367229971165E-1));
#15199=DIRECTION('',(0.E0,7.567316587328E-1,-6.537256279752E-1));
#15200=DIRECTION('',(0.E0,6.537256279752E-1,7.567316587328E-1));
#15201=AXIS2_PLACEMENT_3D('',#15198,#15199,#15200);
#15202=PLANE('',#15201);
#15203=ORIENTED_EDGE('',*,*,#9477,.F.);
#15205=ORIENTED_EDGE('',*,*,#15204,.F.);
#15207=ORIENTED_EDGE('',*,*,#15206,.F.);
#15208=ORIENTED_EDGE('',*,*,#15181,.F.);
#15209=EDGE_LOOP('',(#15203,#15205,#15207,#15208));
#15210=FACE_OUTER_BOUND('',#15209,.F.);
#15211=ADVANCED_FACE('',(#15210),#15202,.F.);
#15212=CARTESIAN_POINT('',(-8.25E0,1.780398290089E-1,-6.25E-1));
#15213=DIRECTION('',(1.E0,0.E0,0.E0));
#15214=DIRECTION('',(0.E0,0.E0,1.E0));
#15215=AXIS2_PLACEMENT_3D('',#15212,#15213,#15214);
#15216=PLANE('',#15215);
#15217=ORIENTED_EDGE('',*,*,#9475,.F.);
#15219=ORIENTED_EDGE('',*,*,#15218,.T.);
#15221=ORIENTED_EDGE('',*,*,#15220,.T.);
#15223=ORIENTED_EDGE('',*,*,#15222,.T.);
#15225=ORIENTED_EDGE('',*,*,#15224,.T.);
#15227=ORIENTED_EDGE('',*,*,#15226,.T.);
#15229=ORIENTED_EDGE('',*,*,#15228,.T.);
#15230=ORIENTED_EDGE('',*,*,#15204,.T.);
#15231=EDGE_LOOP('',(#15217,#15219,#15221,#15223,#15225,#15227,#15229,#15230));
#15232=FACE_OUTER_BOUND('',#15231,.F.);
#15233=ADVANCED_FACE('',(#15232),#15216,.T.);
#15234=CARTESIAN_POINT('',(-8.45E0,2.956117887307E-1,-1.857524192146E-1));
#15235=DIRECTION('',(0.E0,7.567316587327E-1,-6.537256279752E-1));
#15236=DIRECTION('',(0.E0,-6.537256279752E-1,-7.567316587327E-1));
#15237=AXIS2_PLACEMENT_3D('',#15234,#15235,#15236);
#15238=PLANE('',#15237);
#15239=ORIENTED_EDGE('',*,*,#15218,.F.);
#15240=ORIENTED_EDGE('',*,*,#9473,.F.);
#15241=ORIENTED_EDGE('',*,*,#15193,.F.);
#15243=ORIENTED_EDGE('',*,*,#15242,.F.);
#15244=EDGE_LOOP('',(#15239,#15240,#15241,#15243));
#15245=FACE_OUTER_BOUND('',#15244,.F.);
#15246=ADVANCED_FACE('',(#15245),#15238,.T.);
#15247=CARTESIAN_POINT('',(-8.237999519981E0,4.E-1,-6.003088082206E-1));
#15248=DIRECTION('',(-1.E0,0.E0,0.E0));
#15249=DIRECTION('',(0.E0,0.E0,1.E0));
#15250=AXIS2_PLACEMENT_3D('',#15247,#15248,#15249);
#15251=CYLINDRICAL_SURFACE('',#15250,3.5E-1);
#15252=ORIENTED_EDGE('',*,*,#15191,.F.);
#15254=ORIENTED_EDGE('',*,*,#15253,.T.);
#15255=ORIENTED_EDGE('',*,*,#15220,.F.);
#15256=ORIENTED_EDGE('',*,*,#15242,.T.);
#15257=EDGE_LOOP('',(#15252,#15254,#15255,#15256));
#15258=FACE_OUTER_BOUND('',#15257,.F.);
#15259=ADVANCED_FACE('',(#15258),#15251,.F.);
#15260=CARTESIAN_POINT('',(-8.45E0,5.E-2,-9.251544041103E-1));
#15261=DIRECTION('',(0.E0,1.E0,0.E0));
#15262=DIRECTION('',(0.E0,0.E0,-1.E0));
#15263=AXIS2_PLACEMENT_3D('',#15260,#15261,#15262);
#15264=PLANE('',#15263);
#15265=ORIENTED_EDGE('',*,*,#15189,.F.);
#15267=ORIENTED_EDGE('',*,*,#15266,.T.);
#15268=ORIENTED_EDGE('',*,*,#15222,.F.);
#15269=ORIENTED_EDGE('',*,*,#15253,.F.);
#15270=EDGE_LOOP('',(#15265,#15267,#15268,#15269));
#15271=FACE_OUTER_BOUND('',#15270,.F.);
#15272=ADVANCED_FACE('',(#15271),#15264,.T.);
#15273=CARTESIAN_POINT('',(-8.45E0,-2.5E-2,-1.25E0));
#15274=DIRECTION('',(0.E0,0.E0,1.E0));
#15275=DIRECTION('',(0.E0,-1.E0,0.E0));
#15276=AXIS2_PLACEMENT_3D('',#15273,#15274,#15275);
#15277=PLANE('',#15276);
#15278=ORIENTED_EDGE('',*,*,#15187,.F.);
#15280=ORIENTED_EDGE('',*,*,#15279,.T.);
#15281=ORIENTED_EDGE('',*,*,#15224,.F.);
#15282=ORIENTED_EDGE('',*,*,#15266,.F.);
#15283=EDGE_LOOP('',(#15278,#15280,#15281,#15282));
#15284=FACE_OUTER_BOUND('',#15283,.F.);
#15285=ADVANCED_FACE('',(#15284),#15277,.F.);
#15286=CARTESIAN_POINT('',(-8.45E0,-1.E-1,-9.251544041103E-1));
#15287=DIRECTION('',(0.E0,1.E0,0.E0));
#15288=DIRECTION('',(0.E0,0.E0,1.E0));
#15289=AXIS2_PLACEMENT_3D('',#15286,#15287,#15288);
#15290=PLANE('',#15289);
#15291=ORIENTED_EDGE('',*,*,#15185,.F.);
#15293=ORIENTED_EDGE('',*,*,#15292,.F.);
#15294=ORIENTED_EDGE('',*,*,#15226,.F.);
#15295=ORIENTED_EDGE('',*,*,#15279,.F.);
#15296=EDGE_LOOP('',(#15291,#15293,#15294,#15295));
#15297=FACE_OUTER_BOUND('',#15296,.F.);
#15298=ADVANCED_FACE('',(#15297),#15290,.F.);
#15299=CARTESIAN_POINT('',(-8.237999519981E0,4.E-1,-6.003088082206E-1));
#15300=DIRECTION('',(-1.E0,0.E0,0.E0));
#15301=DIRECTION('',(0.E0,0.E0,1.E0));
#15302=AXIS2_PLACEMENT_3D('',#15299,#15300,#15301);
#15303=CYLINDRICAL_SURFACE('',#15302,5.E-1);
#15304=ORIENTED_EDGE('',*,*,#15183,.F.);
#15305=ORIENTED_EDGE('',*,*,#15206,.T.);
#15306=ORIENTED_EDGE('',*,*,#15228,.F.);
#15307=ORIENTED_EDGE('',*,*,#15292,.T.);
#15308=EDGE_LOOP('',(#15304,#15305,#15306,#15307));
#15309=FACE_OUTER_BOUND('',#15308,.F.);
#15310=ADVANCED_FACE('',(#15309),#15303,.T.);
#15311=CARTESIAN_POINT('',(-6.225E0,1.780398290089E-1,-6.25E-1));
#15312=DIRECTION('',(1.E0,0.E0,0.E0));
#15313=DIRECTION('',(0.E0,0.E0,1.E0));
#15314=AXIS2_PLACEMENT_3D('',#15311,#15312,#15313);
#15315=PLANE('',#15314);
#15316=ORIENTED_EDGE('',*,*,#9481,.F.);
#15318=ORIENTED_EDGE('',*,*,#15317,.T.);
#15320=ORIENTED_EDGE('',*,*,#15319,.T.);
#15322=ORIENTED_EDGE('',*,*,#15321,.T.);
#15324=ORIENTED_EDGE('',*,*,#15323,.T.);
#15326=ORIENTED_EDGE('',*,*,#15325,.T.);
#15328=ORIENTED_EDGE('',*,*,#15327,.T.);
#15330=ORIENTED_EDGE('',*,*,#15329,.T.);
#15331=EDGE_LOOP('',(#15316,#15318,#15320,#15322,#15324,#15326,#15328,#15330));
#15332=FACE_OUTER_BOUND('',#15331,.F.);
#15333=ADVANCED_FACE('',(#15332),#15315,.F.);
#15334=CARTESIAN_POINT('',(-6.025E0,1.397464844468E-1,-1.367229971165E-1));
#15335=DIRECTION('',(0.E0,7.567316587327E-1,-6.537256279752E-1));
#15336=DIRECTION('',(0.E0,6.537256279752E-1,7.567316587327E-1));
#15337=AXIS2_PLACEMENT_3D('',#15334,#15335,#15336);
#15338=PLANE('',#15337);
#15339=ORIENTED_EDGE('',*,*,#9487,.F.);
#15341=ORIENTED_EDGE('',*,*,#15340,.F.);
#15343=ORIENTED_EDGE('',*,*,#15342,.F.);
#15344=ORIENTED_EDGE('',*,*,#15317,.F.);
#15345=EDGE_LOOP('',(#15339,#15341,#15343,#15344));
#15346=FACE_OUTER_BOUND('',#15345,.F.);
#15347=ADVANCED_FACE('',(#15346),#15338,.F.);
#15348=CARTESIAN_POINT('',(-5.825E0,1.780398290089E-1,-6.25E-1));
#15349=DIRECTION('',(1.E0,0.E0,0.E0));
#15350=DIRECTION('',(0.E0,0.E0,1.E0));
#15351=AXIS2_PLACEMENT_3D('',#15348,#15349,#15350);
#15352=PLANE('',#15351);
#15353=ORIENTED_EDGE('',*,*,#9485,.F.);
#15355=ORIENTED_EDGE('',*,*,#15354,.T.);
#15357=ORIENTED_EDGE('',*,*,#15356,.T.);
#15359=ORIENTED_EDGE('',*,*,#15358,.T.);
#15361=ORIENTED_EDGE('',*,*,#15360,.T.);
#15363=ORIENTED_EDGE('',*,*,#15362,.T.);
#15365=ORIENTED_EDGE('',*,*,#15364,.T.);
#15366=ORIENTED_EDGE('',*,*,#15340,.T.);
#15367=EDGE_LOOP('',(#15353,#15355,#15357,#15359,#15361,#15363,#15365,#15366));
#15368=FACE_OUTER_BOUND('',#15367,.F.);
#15369=ADVANCED_FACE('',(#15368),#15352,.T.);
#15370=CARTESIAN_POINT('',(-6.025E0,2.956117887307E-1,-1.857524192147E-1));
#15371=DIRECTION('',(0.E0,7.567316587327E-1,-6.537256279752E-1));
#15372=DIRECTION('',(0.E0,-6.537256279752E-1,-7.567316587327E-1));
#15373=AXIS2_PLACEMENT_3D('',#15370,#15371,#15372);
#15374=PLANE('',#15373);
#15375=ORIENTED_EDGE('',*,*,#9483,.F.);
#15376=ORIENTED_EDGE('',*,*,#15329,.F.);
#15378=ORIENTED_EDGE('',*,*,#15377,.F.);
#15379=ORIENTED_EDGE('',*,*,#15354,.F.);
#15380=EDGE_LOOP('',(#15375,#15376,#15378,#15379));
#15381=FACE_OUTER_BOUND('',#15380,.F.);
#15382=ADVANCED_FACE('',(#15381),#15374,.T.);
#15383=CARTESIAN_POINT('',(-5.812999519981E0,4.E-1,-6.003088082206E-1));
#15384=DIRECTION('',(-1.E0,0.E0,0.E0));
#15385=DIRECTION('',(0.E0,0.E0,1.E0));
#15386=AXIS2_PLACEMENT_3D('',#15383,#15384,#15385);
#15387=CYLINDRICAL_SURFACE('',#15386,3.5E-1);
#15388=ORIENTED_EDGE('',*,*,#15327,.F.);
#15390=ORIENTED_EDGE('',*,*,#15389,.T.);
#15391=ORIENTED_EDGE('',*,*,#15356,.F.);
#15392=ORIENTED_EDGE('',*,*,#15377,.T.);
#15393=EDGE_LOOP('',(#15388,#15390,#15391,#15392));
#15394=FACE_OUTER_BOUND('',#15393,.F.);
#15395=ADVANCED_FACE('',(#15394),#15387,.F.);
#15396=CARTESIAN_POINT('',(-6.025E0,5.E-2,-9.251544041103E-1));
#15397=DIRECTION('',(0.E0,1.E0,0.E0));
#15398=DIRECTION('',(0.E0,0.E0,-1.E0));
#15399=AXIS2_PLACEMENT_3D('',#15396,#15397,#15398);
#15400=PLANE('',#15399);
#15401=ORIENTED_EDGE('',*,*,#15325,.F.);
#15403=ORIENTED_EDGE('',*,*,#15402,.T.);
#15404=ORIENTED_EDGE('',*,*,#15358,.F.);
#15405=ORIENTED_EDGE('',*,*,#15389,.F.);
#15406=EDGE_LOOP('',(#15401,#15403,#15404,#15405));
#15407=FACE_OUTER_BOUND('',#15406,.F.);
#15408=ADVANCED_FACE('',(#15407),#15400,.T.);
#15409=CARTESIAN_POINT('',(-6.025E0,-2.5E-2,-1.25E0));
#15410=DIRECTION('',(0.E0,0.E0,1.E0));
#15411=DIRECTION('',(0.E0,-1.E0,0.E0));
#15412=AXIS2_PLACEMENT_3D('',#15409,#15410,#15411);
#15413=PLANE('',#15412);
#15414=ORIENTED_EDGE('',*,*,#15323,.F.);
#15416=ORIENTED_EDGE('',*,*,#15415,.T.);
#15417=ORIENTED_EDGE('',*,*,#15360,.F.);
#15418=ORIENTED_EDGE('',*,*,#15402,.F.);
#15419=EDGE_LOOP('',(#15414,#15416,#15417,#15418));
#15420=FACE_OUTER_BOUND('',#15419,.F.);
#15421=ADVANCED_FACE('',(#15420),#15413,.F.);
#15422=CARTESIAN_POINT('',(-6.025E0,-1.E-1,-9.251544041103E-1));
#15423=DIRECTION('',(0.E0,1.E0,0.E0));
#15424=DIRECTION('',(0.E0,0.E0,1.E0));
#15425=AXIS2_PLACEMENT_3D('',#15422,#15423,#15424);
#15426=PLANE('',#15425);
#15427=ORIENTED_EDGE('',*,*,#15321,.F.);
#15429=ORIENTED_EDGE('',*,*,#15428,.F.);
#15430=ORIENTED_EDGE('',*,*,#15362,.F.);
#15431=ORIENTED_EDGE('',*,*,#15415,.F.);
#15432=EDGE_LOOP('',(#15427,#15429,#15430,#15431));
#15433=FACE_OUTER_BOUND('',#15432,.F.);
#15434=ADVANCED_FACE('',(#15433),#15426,.F.);
#15435=CARTESIAN_POINT('',(-5.812999519981E0,4.E-1,-6.003088082206E-1));
#15436=DIRECTION('',(-1.E0,0.E0,0.E0));
#15437=DIRECTION('',(0.E0,0.E0,1.E0));
#15438=AXIS2_PLACEMENT_3D('',#15435,#15436,#15437);
#15439=CYLINDRICAL_SURFACE('',#15438,5.E-1);
#15440=ORIENTED_EDGE('',*,*,#15319,.F.);
#15441=ORIENTED_EDGE('',*,*,#15342,.T.);
#15442=ORIENTED_EDGE('',*,*,#15364,.F.);
#15443=ORIENTED_EDGE('',*,*,#15428,.T.);
#15444=EDGE_LOOP('',(#15440,#15441,#15442,#15443));
#15445=FACE_OUTER_BOUND('',#15444,.F.);
#15446=ADVANCED_FACE('',(#15445),#15439,.T.);
#15447=CARTESIAN_POINT('',(-3.725E0,1.780398290089E-1,-6.25E-1));
#15448=DIRECTION('',(1.E0,0.E0,0.E0));
#15449=DIRECTION('',(0.E0,0.E0,1.E0));
#15450=AXIS2_PLACEMENT_3D('',#15447,#15448,#15449);
#15451=PLANE('',#15450);
#15452=ORIENTED_EDGE('',*,*,#9491,.F.);
#15454=ORIENTED_EDGE('',*,*,#15453,.T.);
#15456=ORIENTED_EDGE('',*,*,#15455,.T.);
#15458=ORIENTED_EDGE('',*,*,#15457,.T.);
#15460=ORIENTED_EDGE('',*,*,#15459,.T.);
#15462=ORIENTED_EDGE('',*,*,#15461,.T.);
#15464=ORIENTED_EDGE('',*,*,#15463,.T.);
#15466=ORIENTED_EDGE('',*,*,#15465,.T.);
#15467=EDGE_LOOP('',(#15452,#15454,#15456,#15458,#15460,#15462,#15464,#15466));
#15468=FACE_OUTER_BOUND('',#15467,.F.);
#15469=ADVANCED_FACE('',(#15468),#15451,.F.);
#15470=CARTESIAN_POINT('',(-3.525E0,1.397464844468E-1,-1.367229971165E-1));
#15471=DIRECTION('',(0.E0,7.567316587327E-1,-6.537256279752E-1));
#15472=DIRECTION('',(0.E0,6.537256279752E-1,7.567316587327E-1));
#15473=AXIS2_PLACEMENT_3D('',#15470,#15471,#15472);
#15474=PLANE('',#15473);
#15475=ORIENTED_EDGE('',*,*,#9497,.F.);
#15477=ORIENTED_EDGE('',*,*,#15476,.F.);
#15479=ORIENTED_EDGE('',*,*,#15478,.F.);
#15480=ORIENTED_EDGE('',*,*,#15453,.F.);
#15481=EDGE_LOOP('',(#15475,#15477,#15479,#15480));
#15482=FACE_OUTER_BOUND('',#15481,.F.);
#15483=ADVANCED_FACE('',(#15482),#15474,.F.);
#15484=CARTESIAN_POINT('',(-3.325E0,1.780398290089E-1,-6.25E-1));
#15485=DIRECTION('',(1.E0,0.E0,0.E0));
#15486=DIRECTION('',(0.E0,0.E0,1.E0));
#15487=AXIS2_PLACEMENT_3D('',#15484,#15485,#15486);
#15488=PLANE('',#15487);
#15489=ORIENTED_EDGE('',*,*,#9495,.F.);
#15491=ORIENTED_EDGE('',*,*,#15490,.T.);
#15493=ORIENTED_EDGE('',*,*,#15492,.T.);
#15495=ORIENTED_EDGE('',*,*,#15494,.T.);
#15497=ORIENTED_EDGE('',*,*,#15496,.T.);
#15499=ORIENTED_EDGE('',*,*,#15498,.T.);
#15501=ORIENTED_EDGE('',*,*,#15500,.T.);
#15502=ORIENTED_EDGE('',*,*,#15476,.T.);
#15503=EDGE_LOOP('',(#15489,#15491,#15493,#15495,#15497,#15499,#15501,#15502));
#15504=FACE_OUTER_BOUND('',#15503,.F.);
#15505=ADVANCED_FACE('',(#15504),#15488,.T.);
#15506=CARTESIAN_POINT('',(-3.525E0,2.956117887307E-1,-1.857524192147E-1));
#15507=DIRECTION('',(0.E0,7.567316587327E-1,-6.537256279752E-1));
#15508=DIRECTION('',(0.E0,-6.537256279752E-1,-7.567316587327E-1));
#15509=AXIS2_PLACEMENT_3D('',#15506,#15507,#15508);
#15510=PLANE('',#15509);
#15511=ORIENTED_EDGE('',*,*,#9493,.F.);
#15512=ORIENTED_EDGE('',*,*,#15465,.F.);
#15514=ORIENTED_EDGE('',*,*,#15513,.F.);
#15515=ORIENTED_EDGE('',*,*,#15490,.F.);
#15516=EDGE_LOOP('',(#15511,#15512,#15514,#15515));
#15517=FACE_OUTER_BOUND('',#15516,.F.);
#15518=ADVANCED_FACE('',(#15517),#15510,.T.);
#15519=CARTESIAN_POINT('',(-3.312999519981E0,4.E-1,-6.003088082206E-1));
#15520=DIRECTION('',(-1.E0,0.E0,0.E0));
#15521=DIRECTION('',(0.E0,0.E0,1.E0));
#15522=AXIS2_PLACEMENT_3D('',#15519,#15520,#15521);
#15523=CYLINDRICAL_SURFACE('',#15522,3.5E-1);
#15524=ORIENTED_EDGE('',*,*,#15463,.F.);
#15526=ORIENTED_EDGE('',*,*,#15525,.T.);
#15527=ORIENTED_EDGE('',*,*,#15492,.F.);
#15528=ORIENTED_EDGE('',*,*,#15513,.T.);
#15529=EDGE_LOOP('',(#15524,#15526,#15527,#15528));
#15530=FACE_OUTER_BOUND('',#15529,.F.);
#15531=ADVANCED_FACE('',(#15530),#15523,.F.);
#15532=CARTESIAN_POINT('',(-3.525E0,5.E-2,-9.251544041103E-1));
#15533=DIRECTION('',(0.E0,1.E0,0.E0));
#15534=DIRECTION('',(0.E0,0.E0,-1.E0));
#15535=AXIS2_PLACEMENT_3D('',#15532,#15533,#15534);
#15536=PLANE('',#15535);
#15537=ORIENTED_EDGE('',*,*,#15461,.F.);
#15539=ORIENTED_EDGE('',*,*,#15538,.T.);
#15540=ORIENTED_EDGE('',*,*,#15494,.F.);
#15541=ORIENTED_EDGE('',*,*,#15525,.F.);
#15542=EDGE_LOOP('',(#15537,#15539,#15540,#15541));
#15543=FACE_OUTER_BOUND('',#15542,.F.);
#15544=ADVANCED_FACE('',(#15543),#15536,.T.);
#15545=CARTESIAN_POINT('',(-3.525E0,-2.5E-2,-1.25E0));
#15546=DIRECTION('',(0.E0,0.E0,1.E0));
#15547=DIRECTION('',(0.E0,-1.E0,0.E0));
#15548=AXIS2_PLACEMENT_3D('',#15545,#15546,#15547);
#15549=PLANE('',#15548);
#15550=ORIENTED_EDGE('',*,*,#15459,.F.);
#15552=ORIENTED_EDGE('',*,*,#15551,.T.);
#15553=ORIENTED_EDGE('',*,*,#15496,.F.);
#15554=ORIENTED_EDGE('',*,*,#15538,.F.);
#15555=EDGE_LOOP('',(#15550,#15552,#15553,#15554));
#15556=FACE_OUTER_BOUND('',#15555,.F.);
#15557=ADVANCED_FACE('',(#15556),#15549,.F.);
#15558=CARTESIAN_POINT('',(-3.525E0,-1.E-1,-9.251544041103E-1));
#15559=DIRECTION('',(0.E0,1.E0,0.E0));
#15560=DIRECTION('',(0.E0,0.E0,1.E0));
#15561=AXIS2_PLACEMENT_3D('',#15558,#15559,#15560);
#15562=PLANE('',#15561);
#15563=ORIENTED_EDGE('',*,*,#15457,.F.);
#15565=ORIENTED_EDGE('',*,*,#15564,.F.);
#15566=ORIENTED_EDGE('',*,*,#15498,.F.);
#15567=ORIENTED_EDGE('',*,*,#15551,.F.);
#15568=EDGE_LOOP('',(#15563,#15565,#15566,#15567));
#15569=FACE_OUTER_BOUND('',#15568,.F.);
#15570=ADVANCED_FACE('',(#15569),#15562,.F.);
#15571=CARTESIAN_POINT('',(-3.312999519981E0,4.E-1,-6.003088082206E-1));
#15572=DIRECTION('',(-1.E0,0.E0,0.E0));
#15573=DIRECTION('',(0.E0,0.E0,1.E0));
#15574=AXIS2_PLACEMENT_3D('',#15571,#15572,#15573);
#15575=CYLINDRICAL_SURFACE('',#15574,5.E-1);
#15576=ORIENTED_EDGE('',*,*,#15455,.F.);
#15577=ORIENTED_EDGE('',*,*,#15478,.T.);
#15578=ORIENTED_EDGE('',*,*,#15500,.F.);
#15579=ORIENTED_EDGE('',*,*,#15564,.T.);
#15580=EDGE_LOOP('',(#15576,#15577,#15578,#15579));
#15581=FACE_OUTER_BOUND('',#15580,.F.);
#15582=ADVANCED_FACE('',(#15581),#15575,.T.);
#15583=CLOSED_SHELL('',(#9376,#9501,#9525,#9543,#9558,#9571,#9588,#9612,#9626,
#9640,#9695,#9710,#9724,#9748,#9763,#9781,#9800,#9814,#9828,#9842,#9856,#9870,
#9884,#9898,#9912,#9926,#9940,#9954,#9971,#9987,#10000,#10033,#10055,#10072,
#10092,#10107,#10119,#10131,#10215,#10248,#10262,#10275,#10288,#10310,#10337,
#10351,#10377,#10390,#10403,#10416,#10429,#10442,#10455,#10468,#10480,#10495,
#10509,#10523,#10536,#10615,#10629,#10653,#10680,#10694,#10720,#10733,#10746,
#10759,#10772,#10785,#10798,#10811,#10823,#10836,#10849,#10863,#10887,#10900,
#10912,#10926,#10939,#10952,#10974,#11001,#11015,#11041,#11054,#11067,#11080,
#11093,#11106,#11119,#11132,#11144,#11158,#11182,#11195,#11207,#11221,#11234,
#11247,#11269,#11296,#11310,#11336,#11349,#11362,#11375,#11388,#11401,#11414,
#11427,#11439,#11453,#11477,#11490,#11502,#11516,#11529,#11542,#11564,#11591,
#11605,#11631,#11644,#11657,#11670,#11683,#11696,#11709,#11722,#11734,#11748,
#11795,#11820,#11834,#11858,#11881,#11902,#11917,#11942,#11962,#11989,#12009,
#12027,#12049,#12069,#12083,#12102,#12115,#12127,#12140,#12152,#12164,#12180,
#12194,#12209,#12222,#12234,#12255,#12268,#12286,#12298,#12310,#12324,#12337,
#12349,#12362,#12374,#12388,#12412,#12425,#12437,#12451,#12464,#12477,#12499,
#12526,#12540,#12566,#12579,#12592,#12605,#12618,#12631,#12644,#12657,#12669,
#12683,#12697,#12720,#12732,#12746,#12759,#12772,#12794,#12821,#12835,#12861,
#12874,#12887,#12900,#12913,#12926,#12939,#12952,#12964,#12980,#12992,#13010,
#13034,#13050,#13063,#13075,#13087,#13101,#13114,#13127,#13149,#13176,#13190,
#13216,#13229,#13242,#13255,#13268,#13281,#13294,#13307,#13319,#13352,#13365,
#13378,#13390,#13416,#13430,#13447,#13460,#13482,#13495,#13510,#13522,#13535,
#13548,#13571,#13584,#13597,#13610,#13632,#13647,#13661,#13675,#13688,#13700,
#13715,#13730,#13744,#13758,#13771,#13783,#13797,#13811,#13824,#13836,#13848,
#13863,#13877,#13891,#13904,#13916,#13937,#13951,#13965,#13987,#14001,#14023,
#14036,#14052,#14065,#14078,#14091,#14103,#14128,#14142,#14166,#14179,#14192,
#14205,#14218,#14231,#14244,#14256,#14281,#14295,#14319,#14332,#14345,#14358,
#14371,#14384,#14397,#14409,#14434,#14448,#14472,#14485,#14498,#14511,#14524,
#14537,#14550,#14562,#14593,#14607,#14637,#14650,#14663,#14676,#14689,#14702,
#14715,#14728,#14741,#14754,#14766,#14789,#14803,#14825,#14838,#14851,#14864,
#14877,#14890,#14902,#14925,#14939,#14961,#14974,#14987,#15000,#15013,#15026,
#15038,#15061,#15075,#15097,#15110,#15123,#15136,#15149,#15162,#15174,#15197,
#15211,#15233,#15246,#15259,#15272,#15285,#15298,#15310,#15333,#15347,#15369,
#15382,#15395,#15408,#15421,#15434,#15446,#15469,#15483,#15505,#15518,#15531,
#15544,#15557,#15570,#15582));
#15584=MANIFOLD_SOLID_BREP('',#15583);
#15585=(LENGTH_UNIT()NAMED_UNIT(*)SI_UNIT(.MILLI.,.METRE.));
#15586=DIMENSIONAL_EXPONENTS(0.E0,0.E0,0.E0,0.E0,0.E0,0.E0,0.E0);
#15587=(NAMED_UNIT(*)PLANE_ANGLE_UNIT()SI_UNIT($,.RADIAN.));
#15588=PLANE_ANGLE_MEASURE_WITH_UNIT(PLANE_ANGLE_MEASURE(1.745329251994E-2),
#15587);
#15589=(CONVERSION_BASED_UNIT('DEGREE',#15588)NAMED_UNIT(#15586)PLANE_ANGLE_UNIT());
#15590=(NAMED_UNIT(*)SI_UNIT($,.STERADIAN.)SOLID_ANGLE_UNIT());
#15591=UNCERTAINTY_MEASURE_WITH_UNIT(LENGTH_MEASURE(4.166419088709E-3),#15585,
'closure',
'Maximum model space distance between geometric entities at asserted connectivities');
#15592=(GEOMETRIC_REPRESENTATION_CONTEXT(3)GLOBAL_UNCERTAINTY_ASSIGNED_CONTEXT((
#15591))GLOBAL_UNIT_ASSIGNED_CONTEXT((#15585,#15589,#15590))REPRESENTATION_CONTEXT('ID3','3'));
#15593=CARTESIAN_POINT('',(0.E0,0.E0,0.E0));
#15594=DIRECTION('',(0.E0,0.E0,1.E0));
#15595=DIRECTION('',(1.E0,0.E0,0.E0));
#15598=DESIGN_CONTEXT('',#3207,'design');
#15599=MECHANICAL_CONTEXT('',#3207,'mechanical');
#15600=PRODUCT('PRT0005','PRT0005','NOT SPECIFIED',(#15599));
#15601=PRODUCT_DEFINITION_FORMATION_WITH_SPECIFIED_SOURCE('1','LAST_VERSION',
#15600,.MADE.);
#15607=CARTESIAN_POINT('',(0.E0,0.E0,0.E0));
#15608=DIRECTION('',(0.E0,0.E0,1.E0));
#15609=DIRECTION('',(1.E0,0.E0,0.E0));
#15610=AXIS2_PLACEMENT_3D('',#15607,#15608,#15609);
#15611=ITEM_DEFINED_TRANSFORMATION('','',#15596,#15610);
#15612=CARTESIAN_POINT('',(0.E0,0.E0,0.E0));
#15613=DIRECTION('',(0.E0,0.E0,1.E0));
#15614=DIRECTION('',(1.E0,0.E0,0.E0));
#15616=(REPRESENTATION_RELATIONSHIP('','',#15597,#3250)REPRESENTATION_RELATIONSHIP_WITH_TRANSFORMATION(#15611)SHAPE_REPRESENTATION_RELATIONSHIP());
#15617=CONTEXT_DEPENDENT_SHAPE_REPRESENTATION(#15616,#15606);
#15618=(LENGTH_UNIT()NAMED_UNIT(*)SI_UNIT(.MILLI.,.METRE.));
#15619=DIMENSIONAL_EXPONENTS(0.E0,0.E0,0.E0,0.E0,0.E0,0.E0,0.E0);
#15620=(NAMED_UNIT(*)PLANE_ANGLE_UNIT()SI_UNIT($,.RADIAN.));
#15621=PLANE_ANGLE_MEASURE_WITH_UNIT(PLANE_ANGLE_MEASURE(1.745329251994E-2),
#15620);
#15622=(CONVERSION_BASED_UNIT('DEGREE',#15621)NAMED_UNIT(#15619)PLANE_ANGLE_UNIT());
#15623=(NAMED_UNIT(*)SI_UNIT($,.STERADIAN.)SOLID_ANGLE_UNIT());
#15624=UNCERTAINTY_MEASURE_WITH_UNIT(LENGTH_MEASURE(4.162808209941E-3),#15618,
'closure',
'Maximum model space distance between geometric entities at asserted connectivities');
#15625=(GEOMETRIC_REPRESENTATION_CONTEXT(3)GLOBAL_UNCERTAINTY_ASSIGNED_CONTEXT((
#15624))GLOBAL_UNIT_ASSIGNED_CONTEXT((#15618,#15622,#15623))REPRESENTATION_CONTEXT('ID4','3'));
#15626=CARTESIAN_POINT('',(0.E0,0.E0,0.E0));
#15627=DIRECTION('',(0.E0,0.E0,1.E0));
#15628=DIRECTION('',(1.E0,0.E0,0.E0));
#15630=MECHANICAL_CONTEXT('',#3207,'mechanical');
#15631=PRODUCT('ASM0002_ASM','ASM0002_ASM','NOT SPECIFIED',(#15630));
#15632=PRODUCT_DEFINITION_FORMATION_WITH_SPECIFIED_SOURCE('1','LAST_VERSION',
#15631,.MADE.);
#15639=CARTESIAN_POINT('',(0.E0,0.E0,0.E0));
#15640=DIRECTION('',(0.E0,0.E0,1.E0));
#15641=DIRECTION('',(1.E0,0.E0,0.E0));
#15642=AXIS2_PLACEMENT_3D('',#15639,#15640,#15641);
#15643=ITEM_DEFINED_TRANSFORMATION('','',#3261,#15642);
#15644=(REPRESENTATION_RELATIONSHIP('','',#3250,#15636)REPRESENTATION_RELATIONSHIP_WITH_TRANSFORMATION(#15643)SHAPE_REPRESENTATION_RELATIONSHIP());
#15645=CONTEXT_DEPENDENT_SHAPE_REPRESENTATION(#15644,#15638);
#15646=(LENGTH_UNIT()NAMED_UNIT(*)SI_UNIT(.MILLI.,.METRE.));
#15647=DIMENSIONAL_EXPONENTS(0.E0,0.E0,0.E0,0.E0,0.E0,0.E0,0.E0);
#15648=(NAMED_UNIT(*)PLANE_ANGLE_UNIT()SI_UNIT($,.RADIAN.));
#15649=PLANE_ANGLE_MEASURE_WITH_UNIT(PLANE_ANGLE_MEASURE(1.745329251994E-2),
#15648);
#15650=(CONVERSION_BASED_UNIT('DEGREE',#15649)NAMED_UNIT(#15647)PLANE_ANGLE_UNIT());
#15651=(NAMED_UNIT(*)SI_UNIT($,.STERADIAN.)SOLID_ANGLE_UNIT());
#15652=UNCERTAINTY_MEASURE_WITH_UNIT(LENGTH_MEASURE(4.162808209941E-3),#15646,
'closure',
'Maximum model space distance between geometric entities at asserted connectivities');
#15653=(GEOMETRIC_REPRESENTATION_CONTEXT(3)GLOBAL_UNCERTAINTY_ASSIGNED_CONTEXT((
#15652))GLOBAL_UNIT_ASSIGNED_CONTEXT((#15646,#15650,#15651))REPRESENTATION_CONTEXT('ID5','3'));
#15654=CARTESIAN_POINT('',(0.E0,0.E0,0.E0));
#15655=DIRECTION('',(0.E0,0.E0,1.E0));
#15656=DIRECTION('',(1.E0,0.E0,0.E0));
#15658=DESIGN_CONTEXT('',#3207,'design');
#15659=MECHANICAL_CONTEXT('',#3207,'mechanical');
#15660=PRODUCT('ASM0001_ASM','ASM0001_ASM','NOT SPECIFIED',(#15659));
#15661=PRODUCT_DEFINITION_FORMATION_WITH_SPECIFIED_SOURCE('1','LAST_VERSION',
#15660,.MADE.);
#15663=PRODUCT_CATEGORY('part','');
#15664=PRODUCT_RELATED_PRODUCT_CATEGORY('assembly','',(#3245,#15631,#15660));
#15665=PRODUCT_CATEGORY_RELATIONSHIP('','',#15663,#15664);
#15666=PRODUCT_CATEGORY('part','');
#15667=PRODUCT_RELATED_PRODUCT_CATEGORY('detail','',(#3211,#15600));
#15668=PRODUCT_CATEGORY_RELATIONSHIP('','',#15666,#15667);
#15669=SECURITY_CLASSIFICATION_LEVEL('unclassified');
#15670=SECURITY_CLASSIFICATION('','',#15669);
#15671=CC_DESIGN_SECURITY_CLASSIFICATION(#15670,(#3212,#3246,#15601,#15632,
#15661,#3219,#3251,#15605,#15637));
#15672=APPROVAL_STATUS('approved');
#15673=APPROVAL(#15672,'');
#15674=CC_DESIGN_APPROVAL(#15673,(#15670,#3212,#3246,#15601,#15632,#15661,#3213,
#3247,#15602,#15633,#15662));
#15675=CALENDAR_DATE(109,26,3);
#15676=COORDINATED_UNIVERSAL_TIME_OFFSET(8,0,.AHEAD.);
#15677=LOCAL_TIME(17,15,4.4E1,#15676);
#15678=DATE_AND_TIME(#15675,#15677);
#15679=APPROVAL_DATE_TIME(#15678,#15673);
#15680=DATE_TIME_ROLE('creation_date');
#15681=CC_DESIGN_DATE_AND_TIME_ASSIGNMENT(#15678,#15680,(#3213,#3247,#15602,
#15633,#15662));
#15682=DATE_TIME_ROLE('classification_date');
#15683=CC_DESIGN_DATE_AND_TIME_ASSIGNMENT(#15678,#15682,(#15670));
#15684=PERSON('UNSPECIFIED','UNSPECIFIED',$,$,$,$);
#15685=ORGANIZATION('UNSPECIFIED','UNSPECIFIED','UNSPECIFIED');
#15686=PERSON_AND_ORGANIZATION(#15684,#15685);
#15687=APPROVAL_ROLE('approver');
#15688=APPROVAL_PERSON_ORGANIZATION(#15686,#15673,#15687);
#15689=PERSON_AND_ORGANIZATION_ROLE('creator');
#15690=CC_DESIGN_PERSON_AND_ORGANIZATION_ASSIGNMENT(#15686,#15689,(#3212,#3246,
#15601,#15632,#15661,#3213,#3247,#15602,#15633,#15662));
#15691=PERSON_AND_ORGANIZATION_ROLE('design_supplier');
#15692=CC_DESIGN_PERSON_AND_ORGANIZATION_ASSIGNMENT(#15686,#15691,(#3212,#3246,
#15601,#15632,#15661));
#15693=PERSON_AND_ORGANIZATION_ROLE('classification_officer');
#15694=CC_DESIGN_PERSON_AND_ORGANIZATION_ASSIGNMENT(#15686,#15693,(#15670));
#15695=PERSON_AND_ORGANIZATION_ROLE('design_owner');
#15696=CC_DESIGN_PERSON_AND_ORGANIZATION_ASSIGNMENT(#15686,#15695,(#3245,#15631,
#15660,#3211,#15600));
#102=CIRCLE('',#101,2.5E-1);
#119=CIRCLE('',#118,5.E-2);
#136=CIRCLE('',#135,5.E-2);
#153=CIRCLE('',#152,2.5E-1);
#186=CIRCLE('',#185,3.5E-1);
#199=CIRCLE('',#198,1.5E-1);
#208=CIRCLE('',#207,3.3E-1);
#213=CIRCLE('',#212,3.3E-1);
#226=CIRCLE('',#225,3.3E-1);
#231=CIRCLE('',#230,3.3E-1);
#244=CIRCLE('',#243,2.E-1);
#253=CIRCLE('',#252,2.E-1);
#274=CIRCLE('',#273,2.E-1);
#283=CIRCLE('',#282,2.E-1);
#308=CIRCLE('',#307,3.3E-1);
#313=CIRCLE('',#312,3.3E-1);
#326=CIRCLE('',#325,3.3E-1);
#331=CIRCLE('',#330,3.3E-1);
#344=CIRCLE('',#343,2.E-1);
#357=CIRCLE('',#356,2.E-1);
#366=CIRCLE('',#365,2.E-1);
#383=CIRCLE('',#382,2.E-1);
#400=CIRCLE('',#399,3.5E-1);
#405=CIRCLE('',#404,1.5E-1);
#586=CIRCLE('',#585,5.E-2);
#603=CIRCLE('',#602,2.5E-1);
#620=CIRCLE('',#619,5.E-2);
#653=CIRCLE('',#652,2.5E-1);
#678=CIRCLE('',#677,1.5E-1);
#687=CIRCLE('',#686,3.5E-1);
#704=CIRCLE('',#703,1.5E-1);
#713=CIRCLE('',#712,3.5E-1);
#790=CIRCLE('',#789,1.E0);
#795=CIRCLE('',#794,1.2E0);
#812=CIRCLE('',#811,1.E0);
#821=CIRCLE('',#820,1.2E0);
#858=CIRCLE('',#857,1.E0);
#863=CIRCLE('',#862,8.E-1);
#916=CIRCLE('',#915,1.E0);
#921=CIRCLE('',#920,8.E-1);
#986=CIRCLE('',#985,1.E0);
#991=CIRCLE('',#990,1.2E0);
#1008=CIRCLE('',#1007,1.E0);
#1017=CIRCLE('',#1016,1.2E0);
#1054=CIRCLE('',#1053,1.E0);
#1059=CIRCLE('',#1058,8.E-1);
#1112=CIRCLE('',#1111,1.E0);
#1117=CIRCLE('',#1116,8.E-1);
#1487=EDGE_CURVE('',#1373,#1428,#5,.T.);
#1489=EDGE_CURVE('',#1428,#1404,#123,.T.);
#1491=EDGE_CURVE('',#1404,#1416,#161,.T.);
#1493=EDGE_CURVE('',#1432,#1416,#131,.T.);
#1495=EDGE_CURVE('',#1432,#1389,#9,.T.);
#1497=EDGE_CURVE('',#1389,#1363,#13,.T.);
#1499=EDGE_CURVE('',#1367,#1363,#717,.T.);
#1501=EDGE_CURVE('',#1367,#1373,#17,.T.);
#1505=EDGE_CURVE('',#1396,#1397,#25,.T.);
#1507=EDGE_CURVE('',#1399,#1396,#61,.T.);
#1509=EDGE_CURVE('',#1401,#1399,#49,.T.);
#1511=EDGE_CURVE('',#1397,#1401,#41,.T.);
#1515=EDGE_CURVE('',#1448,#1449,#21,.T.);
#1517=EDGE_CURVE('',#1393,#1449,#517,.T.);
#1519=EDGE_CURVE('',#1392,#1393,#541,.T.);
#1521=EDGE_CURVE('',#1448,#1392,#553,.T.);
#1532=EDGE_CURVE('',#1397,#1382,#29,.T.);
#1534=EDGE_CURVE('',#1382,#1383,#33,.T.);
#1536=EDGE_CURVE('',#1383,#1396,#37,.T.);
#1547=EDGE_CURVE('',#1385,#1401,#57,.T.);
#1549=EDGE_CURVE('',#1385,#1382,#45,.T.);
#1561=EDGE_CURVE('',#1387,#1399,#69,.T.);
#1563=EDGE_CURVE('',#1387,#1385,#53,.T.);
#1576=EDGE_CURVE('',#1383,#1387,#65,.T.);
#1587=EDGE_CURVE('',#1433,#1375,#93,.T.);
#1589=EDGE_CURVE('',#1425,#1433,#157,.T.);
#1591=EDGE_CURVE('',#1413,#1425,#73,.T.);
#1593=EDGE_CURVE('',#1413,#1429,#97,.T.);
#1595=EDGE_CURVE('',#1371,#1429,#85,.T.);
#1597=EDGE_CURVE('',#1369,#1371,#190,.T.);
#1599=EDGE_CURVE('',#1365,#1369,#737,.T.);
#1601=EDGE_CURVE('',#1375,#1365,#729,.T.);
#1611=EDGE_CURVE('',#1444,#1445,#77,.T.);
#1613=EDGE_CURVE('',#1379,#1444,#557,.T.);
#1615=EDGE_CURVE('',#1378,#1379,#545,.T.);
#1617=EDGE_CURVE('',#1445,#1378,#509,.T.);
#1627=EDGE_CURVE('',#1428,#1429,#81,.T.);
#1630=EDGE_CURVE('',#1371,#1373,#194,.T.);
#1641=EDGE_CURVE('',#1432,#1433,#89,.T.);
#1644=EDGE_CURVE('',#1389,#1375,#725,.T.);
#1656=EDGE_CURVE('',#1411,#1413,#102,.T.);
#1658=EDGE_CURVE('',#1409,#1411,#106,.T.);
#1660=EDGE_CURVE('',#1407,#1409,#110,.T.);
#1662=EDGE_CURVE('',#1405,#1407,#114,.T.);
#1664=EDGE_CURVE('',#1404,#1405,#119,.T.);
#1678=EDGE_CURVE('',#1423,#1425,#153,.T.);
#1680=EDGE_CURVE('',#1411,#1423,#127,.T.);
#1691=EDGE_CURVE('',#1416,#1417,#136,.T.);
#1693=EDGE_CURVE('',#1417,#1419,#140,.T.);
#1695=EDGE_CURVE('',#1419,#1421,#144,.T.);
#1697=EDGE_CURVE('',#1421,#1423,#148,.T.);
#1711=EDGE_CURVE('',#1405,#1417,#165,.T.);
#1724=EDGE_CURVE('',#1407,#1419,#169,.T.);
#1737=EDGE_CURVE('',#1409,#1421,#173,.T.);
#1761=EDGE_CURVE('',#1253,#1251,#177,.T.);
#1763=EDGE_CURVE('',#1173,#1251,#753,.T.);
#1765=EDGE_CURVE('',#1173,#1171,#181,.T.);
#1767=EDGE_CURVE('',#1171,#1369,#186,.T.);
#1772=EDGE_CURVE('',#1367,#1253,#199,.T.);
#1782=EDGE_CURVE('',#1244,#1245,#291,.T.);
#1784=EDGE_CURVE('',#1244,#1247,#203,.T.);
#1786=EDGE_CURVE('',#1247,#1249,#208,.T.);
#1788=EDGE_CURVE('',#1249,#1251,#213,.T.);
#1791=EDGE_CURVE('',#1255,#1253,#721,.T.);
#1793=EDGE_CURVE('',#1255,#1257,#217,.T.);
#1795=EDGE_CURVE('',#1259,#1257,#691,.T.);
#1797=EDGE_CURVE('',#1259,#1261,#221,.T.);
#1799=EDGE_CURVE('',#1261,#1263,#226,.T.);
#1801=EDGE_CURVE('',#1263,#1265,#231,.T.);
#1803=EDGE_CURVE('',#1265,#1245,#235,.T.);
#1807=EDGE_CURVE('',#1268,#1269,#239,.T.);
#1809=EDGE_CURVE('',#1269,#1205,#244,.T.);
#1811=EDGE_CURVE('',#1205,#1209,#248,.T.);
#1813=EDGE_CURVE('',#1209,#1153,#253,.T.);
#1815=EDGE_CURVE('',#1153,#1151,#257,.T.);
#1817=EDGE_CURVE('',#1151,#1268,#261,.T.);
#1821=EDGE_CURVE('',#1272,#1273,#265,.T.);
#1823=EDGE_CURVE('',#1273,#1275,#269,.T.);
#1825=EDGE_CURVE('',#1275,#1277,#274,.T.);
#1827=EDGE_CURVE('',#1277,#1279,#278,.T.);
#1829=EDGE_CURVE('',#1279,#1281,#283,.T.);
#1831=EDGE_CURVE('',#1281,#1272,#287,.T.);
#1842=EDGE_CURVE('',#1245,#1157,#295,.T.);
#1844=EDGE_CURVE('',#1156,#1157,#299,.T.);
#1846=EDGE_CURVE('',#1244,#1156,#757,.T.);
#1856=EDGE_CURVE('',#1157,#1159,#303,.T.);
#1860=EDGE_CURVE('',#1159,#1265,#391,.T.);
#1872=EDGE_CURVE('',#1159,#1161,#308,.T.);
#1874=EDGE_CURVE('',#1161,#1163,#313,.T.);
#1876=EDGE_CURVE('',#1163,#1165,#317,.T.);
#1878=EDGE_CURVE('',#1167,#1165,#745,.T.);
#1880=EDGE_CURVE('',#1167,#1169,#321,.T.);
#1882=EDGE_CURVE('',#1171,#1169,#733,.T.);
#1885=EDGE_CURVE('',#1173,#1175,#326,.T.);
#1887=EDGE_CURVE('',#1175,#1177,#331,.T.);
#1889=EDGE_CURVE('',#1177,#1156,#335,.T.);
#1893=EDGE_CURVE('',#1180,#1181,#339,.T.);
#1895=EDGE_CURVE('',#1181,#1183,#344,.T.);
#1897=EDGE_CURVE('',#1185,#1183,#941,.T.);
#1899=EDGE_CURVE('',#1185,#1148,#348,.T.);
#1901=EDGE_CURVE('',#1148,#1149,#352,.T.);
#1903=EDGE_CURVE('',#1149,#1180,#357,.T.);
#1907=EDGE_CURVE('',#1188,#1189,#361,.T.);
#1909=EDGE_CURVE('',#1189,#1191,#366,.T.);
#1911=EDGE_CURVE('',#1191,#1193,#370,.T.);
#1913=EDGE_CURVE('',#1193,#1195,#374,.T.);
#1915=EDGE_CURVE('',#1195,#1197,#378,.T.);
#1917=EDGE_CURVE('',#1197,#1188,#383,.T.);
#1929=EDGE_CURVE('',#1261,#1163,#387,.T.);
#1942=EDGE_CURVE('',#1324,#1325,#437,.T.);
#1944=EDGE_CURVE('',#1324,#1327,#395,.T.);
#1946=EDGE_CURVE('',#1329,#1327,#497,.T.);
#1948=EDGE_CURVE('',#1329,#1165,#400,.T.);
#1953=EDGE_CURVE('',#1259,#1325,#405,.T.);
#1963=EDGE_CURVE('',#1477,#1452,#615,.T.);
#1965=EDGE_CURVE('',#1477,#1481,#581,.T.);
#1967=EDGE_CURVE('',#1481,#1324,#433,.T.);
#1970=EDGE_CURVE('',#1331,#1325,#695,.T.);
#1972=EDGE_CURVE('',#1331,#1333,#441,.T.);
#1974=EDGE_CURVE('',#1453,#1333,#665,.T.);
#1976=EDGE_CURVE('',#1452,#1453,#445,.T.);
#1980=EDGE_CURVE('',#1340,#1341,#409,.T.);
#1982=EDGE_CURVE('',#1341,#1343,#413,.T.);
#1984=EDGE_CURVE('',#1343,#1345,#417,.T.);
#1986=EDGE_CURVE('',#1345,#1340,#421,.T.);
#1990=EDGE_CURVE('',#1436,#1437,#425,.T.);
#1992=EDGE_CURVE('',#1336,#1436,#561,.T.);
#1994=EDGE_CURVE('',#1336,#1337,#429,.T.);
#1996=EDGE_CURVE('',#1437,#1337,#533,.T.);
#2007=EDGE_CURVE('',#1340,#1357,#449,.T.);
#2009=EDGE_CURVE('',#1356,#1357,#465,.T.);
#2011=EDGE_CURVE('',#1356,#1341,#453,.T.);
#2022=EDGE_CURVE('',#1345,#1359,#457,.T.);
#2024=EDGE_CURVE('',#1357,#1359,#469,.T.);
#2036=EDGE_CURVE('',#1343,#1361,#461,.T.);
#2038=EDGE_CURVE('',#1359,#1361,#473,.T.);
#2051=EDGE_CURVE('',#1361,#1356,#477,.T.);
#2062=EDGE_CURVE('',#1327,#1480,#485,.T.);
#2064=EDGE_CURVE('',#1480,#1468,#607,.T.);
#2066=EDGE_CURVE('',#1456,#1468,#648,.T.);
#2068=EDGE_CURVE('',#1456,#1457,#489,.T.);
#2070=EDGE_CURVE('',#1352,#1457,#661,.T.);
#2072=EDGE_CURVE('',#1352,#1353,#493,.T.);
#2074=EDGE_CURVE('',#1329,#1353,#741,.T.);
#2085=EDGE_CURVE('',#1440,#1441,#481,.T.);
#2087=EDGE_CURVE('',#1347,#1441,#525,.T.);
#2089=EDGE_CURVE('',#1349,#1347,#573,.T.);
#2091=EDGE_CURVE('',#1440,#1349,#565,.T.);
#2102=EDGE_CURVE('',#1441,#1437,#529,.T.);
#2105=EDGE_CURVE('',#1440,#1436,#501,.T.);
#2116=EDGE_CURVE('',#1449,#1445,#521,.T.);
#2119=EDGE_CURVE('',#1448,#1444,#505,.T.);
#2130=EDGE_CURVE('',#1378,#1393,#513,.T.);
#2145=EDGE_CURVE('',#1337,#1347,#537,.T.);
#2158=EDGE_CURVE('',#1379,#1392,#549,.T.);
#2183=EDGE_CURVE('',#1336,#1349,#569,.T.);
#2205=EDGE_CURVE('',#1480,#1481,#577,.T.);
#2220=EDGE_CURVE('',#1475,#1477,#586,.T.);
#2222=EDGE_CURVE('',#1473,#1475,#590,.T.);
#2224=EDGE_CURVE('',#1471,#1473,#594,.T.);
#2226=EDGE_CURVE('',#1469,#1471,#598,.T.);
#2228=EDGE_CURVE('',#1468,#1469,#603,.T.);
#2239=EDGE_CURVE('',#1459,#1475,#611,.T.);
#2243=EDGE_CURVE('',#1459,#1452,#620,.T.);
#2253=EDGE_CURVE('',#1465,#1473,#624,.T.);
#2257=EDGE_CURVE('',#1459,#1465,#628,.T.);
#2267=EDGE_CURVE('',#1463,#1471,#632,.T.);
#2271=EDGE_CURVE('',#1465,#1463,#636,.T.);
#2281=EDGE_CURVE('',#1461,#1469,#640,.T.);
#2285=EDGE_CURVE('',#1463,#1461,#644,.T.);
#2298=EDGE_CURVE('',#1461,#1456,#653,.T.);
#2309=EDGE_CURVE('',#1457,#1453,#657,.T.);
#2328=EDGE_CURVE('',#1333,#1352,#669,.T.);
#2339=EDGE_CURVE('',#1331,#1353,#673,.T.);
#2351=EDGE_CURVE('',#1331,#1257,#678,.T.);
#2353=EDGE_CURVE('',#1257,#1167,#682,.T.);
#2355=EDGE_CURVE('',#1167,#1353,#687,.T.);
#2379=EDGE_CURVE('',#1255,#1169,#699,.T.);
#2391=EDGE_CURVE('',#1255,#1363,#704,.T.);
#2393=EDGE_CURVE('',#1363,#1365,#708,.T.);
#2395=EDGE_CURVE('',#1365,#1169,#713,.T.);
#2456=EDGE_CURVE('',#1247,#1177,#749,.T.);
#2481=EDGE_CURVE('',#1199,#1181,#761,.T.);
#2484=EDGE_CURVE('',#1180,#1201,#765,.T.);
#2486=EDGE_CURVE('',#1199,#1201,#803,.T.);
#2496=EDGE_CURVE('',#1204,#1205,#769,.T.);
#2498=EDGE_CURVE('',#1181,#1205,#949,.T.);
#2501=EDGE_CURVE('',#1199,#1204,#773,.T.);
#2512=EDGE_CURVE('',#1207,#1204,#785,.T.);
#2514=EDGE_CURVE('',#1207,#1209,#777,.T.);
#2525=EDGE_CURVE('',#1211,#1204,#790,.T.);
#2527=EDGE_CURVE('',#1211,#1213,#781,.T.);
#2529=EDGE_CURVE('',#1207,#1213,#812,.T.);
#2542=EDGE_CURVE('',#1199,#1215,#795,.T.);
#2544=EDGE_CURVE('',#1215,#1211,#799,.T.);
#2556=EDGE_CURVE('',#1217,#1201,#821,.T.);
#2558=EDGE_CURVE('',#1217,#1215,#807,.T.);
#2569=EDGE_CURVE('',#1213,#1217,#816,.T.);
#2572=EDGE_CURVE('',#1201,#1207,#825,.T.);
#2582=EDGE_CURVE('',#1213,#1219,#829,.T.);
#2584=EDGE_CURVE('',#1221,#1219,#925,.T.);
#2586=EDGE_CURVE('',#1221,#1217,#833,.T.);
#2597=EDGE_CURVE('',#1211,#1223,#837,.T.);
#2599=EDGE_CURVE('',#1219,#1223,#875,.T.);
#2613=EDGE_CURVE('',#1215,#1225,#841,.T.);
#2615=EDGE_CURVE('',#1225,#1223,#845,.T.);
#2628=EDGE_CURVE('',#1225,#1221,#849,.T.);
#2638=EDGE_CURVE('',#1225,#1227,#863,.T.);
#2641=EDGE_CURVE('',#1229,#1221,#921,.T.);
#2643=EDGE_CURVE('',#1229,#1227,#853,.T.);
#2653=EDGE_CURVE('',#1231,#1223,#858,.T.);
#2657=EDGE_CURVE('',#1227,#1231,#867,.T.);
#2668=EDGE_CURVE('',#1231,#1233,#871,.T.);
#2670=EDGE_CURVE('',#1219,#1233,#916,.T.);
#2681=EDGE_CURVE('',#1231,#1235,#879,.T.);
#2683=EDGE_CURVE('',#1235,#1237,#883,.T.);
#2685=EDGE_CURVE('',#1237,#1233,#887,.T.);
#2698=EDGE_CURVE('',#1227,#1239,#891,.T.);
#2700=EDGE_CURVE('',#1239,#1235,#895,.T.);
#2712=EDGE_CURVE('',#1229,#1241,#899,.T.);
#2714=EDGE_CURVE('',#1241,#1239,#903,.T.);
#2725=EDGE_CURVE('',#1237,#1241,#907,.T.);
#2728=EDGE_CURVE('',#1229,#1233,#911,.T.);
#2765=EDGE_CURVE('',#1209,#1180,#933,.T.);
#2776=EDGE_CURVE('',#1149,#1153,#929,.T.);
#2789=EDGE_CURVE('',#1148,#1151,#937,.T.);
#2802=EDGE_CURVE('',#1268,#1185,#945,.T.);
#2815=EDGE_CURVE('',#1269,#1183,#953,.T.);
#2839=EDGE_CURVE('',#1285,#1189,#957,.T.);
#2842=EDGE_CURVE('',#1188,#1295,#961,.T.);
#2844=EDGE_CURVE('',#1285,#1295,#999,.T.);
#2854=EDGE_CURVE('',#1283,#1277,#965,.T.);
#2856=EDGE_CURVE('',#1189,#1277,#1141,.T.);
#2859=EDGE_CURVE('',#1285,#1283,#969,.T.);
#2870=EDGE_CURVE('',#1287,#1283,#981,.T.);
#2872=EDGE_CURVE('',#1287,#1279,#973,.T.);
#2883=EDGE_CURVE('',#1289,#1283,#986,.T.);
#2885=EDGE_CURVE('',#1289,#1291,#977,.T.);
#2887=EDGE_CURVE('',#1287,#1291,#1008,.T.);
#2900=EDGE_CURVE('',#1285,#1293,#991,.T.);
#2902=EDGE_CURVE('',#1293,#1289,#995,.T.);
#2914=EDGE_CURVE('',#1297,#1295,#1017,.T.);
#2916=EDGE_CURVE('',#1297,#1293,#1003,.T.);
#2927=EDGE_CURVE('',#1291,#1297,#1012,.T.);
#2930=EDGE_CURVE('',#1295,#1287,#1021,.T.);
#2940=EDGE_CURVE('',#1291,#1299,#1025,.T.);
#2942=EDGE_CURVE('',#1301,#1299,#1121,.T.);
#2944=EDGE_CURVE('',#1301,#1297,#1029,.T.);
#2955=EDGE_CURVE('',#1289,#1303,#1033,.T.);
#2957=EDGE_CURVE('',#1299,#1303,#1071,.T.);
#2971=EDGE_CURVE('',#1293,#1305,#1037,.T.);
#2973=EDGE_CURVE('',#1305,#1303,#1041,.T.);
#2986=EDGE_CURVE('',#1305,#1301,#1045,.T.);
#2996=EDGE_CURVE('',#1305,#1307,#1059,.T.);
#2999=EDGE_CURVE('',#1309,#1301,#1117,.T.);
#3001=EDGE_CURVE('',#1309,#1307,#1049,.T.);
#3011=EDGE_CURVE('',#1311,#1303,#1054,.T.);
#3015=EDGE_CURVE('',#1307,#1311,#1063,.T.);
#3026=EDGE_CURVE('',#1311,#1313,#1067,.T.);
#3028=EDGE_CURVE('',#1299,#1313,#1112,.T.);
#3039=EDGE_CURVE('',#1311,#1315,#1075,.T.);
#3041=EDGE_CURVE('',#1315,#1317,#1079,.T.);
#3043=EDGE_CURVE('',#1317,#1313,#1083,.T.);
#3056=EDGE_CURVE('',#1307,#1319,#1087,.T.);
#3058=EDGE_CURVE('',#1319,#1315,#1091,.T.);
#3070=EDGE_CURVE('',#1309,#1321,#1095,.T.);
#3072=EDGE_CURVE('',#1321,#1319,#1099,.T.);
#3083=EDGE_CURVE('',#1317,#1321,#1103,.T.);
#3086=EDGE_CURVE('',#1309,#1313,#1107,.T.);
#3123=EDGE_CURVE('',#1279,#1188,#1129,.T.);
#3134=EDGE_CURVE('',#1197,#1281,#1125,.T.);
#3147=EDGE_CURVE('',#1195,#1272,#1133,.T.);
#3160=EDGE_CURVE('',#1193,#1273,#1137,.T.);
#3173=EDGE_CURVE('',#1275,#1191,#1145,.T.);
#3205=AXIS2_PLACEMENT_3D('',#3202,#3203,#3204);
#3206=ADVANCED_BREP_SHAPE_REPRESENTATION('',(#3205,#3193),#3201);
#3213=PRODUCT_DEFINITION('design','',#3212,#3209);
#3214=PRODUCT_DEFINITION_SHAPE('','SHAPE FOR PRT0003.',#3213);
#3215=SHAPE_DEFINITION_REPRESENTATION(#3214,#3206);
#3216=SHAPE_DEFINITION_REPRESENTATION(#3217,#3218);
#3217=PRODUCT_DEFINITION_SHAPE('','SHAPE FOR ASM0003_ASM.',#3247);
#3218=SHAPE_REPRESENTATION('',(#3229,#3224,#3243),#3239);
#3219=NEXT_ASSEMBLY_USAGE_OCCURRENCE('8','Next assembly relationship','PRT0003',
#3247,#3213,$);
#3220=PRODUCT_DEFINITION_SHAPE('Placement #8',
'Placement of PRT0003 with respect to ASM0003_ASM',#3219);
#3229=AXIS2_PLACEMENT_3D('',#3226,#3227,#3228);
#3243=AXIS2_PLACEMENT_3D('',#3240,#3241,#3242);
#3247=PRODUCT_DEFINITION('design','',#3246,#3209);
#3248=SHAPE_DEFINITION_REPRESENTATION(#3249,#3250);
#3249=PRODUCT_DEFINITION_SHAPE('','SHAPE FOR ASM0002_ASM.',#15633);
#3250=SHAPE_REPRESENTATION('',(#3261,#3256,#15615,#15610,#15629),#15625);
#3251=NEXT_ASSEMBLY_USAGE_OCCURRENCE('9','Next assembly relationship','MSBR-2',
#15633,#3247,$);
#3252=PRODUCT_DEFINITION_SHAPE('Placement #9',
'Placement of ASM0003_ASM with respect to ASM0002_ASM',#3251);
#3261=AXIS2_PLACEMENT_3D('',#3258,#3259,#3260);
#3309=CIRCLE('',#3308,5.E-1);
#3318=CIRCLE('',#3317,5.E-1);
#3327=CIRCLE('',#3326,2.999999999998E0);
#3332=CIRCLE('',#3331,1.8E1);
#3337=CIRCLE('',#3336,2.999999999998E0);
#3346=CIRCLE('',#3345,5.E-1);
#3355=CIRCLE('',#3354,5.E-1);
#4040=CIRCLE('',#4039,1.E0);
#4045=CIRCLE('',#4044,1.E0);
#4058=CIRCLE('',#4057,1.15E0);
#4063=CIRCLE('',#4062,1.15E0);
#4076=CIRCLE('',#4075,1.15E0);
#4081=CIRCLE('',#4080,1.15E0);
#4094=CIRCLE('',#4093,1.E0);
#4099=CIRCLE('',#4098,1.E0);
#4292=CIRCLE('',#4291,4.85E0);
#4301=CIRCLE('',#4300,7.5E-1);
#4318=CIRCLE('',#4317,6.E-1);
#4327=CIRCLE('',#4326,5.E0);
#4340=CIRCLE('',#4339,5.E0);
#4349=CIRCLE('',#4348,6.E-1);
#4366=CIRCLE('',#4365,7.5E-1);
#4375=CIRCLE('',#4374,4.85E0);
#4512=CIRCLE('',#4511,5.E-1);
#4521=CIRCLE('',#4520,5.E-1);
#4530=CIRCLE('',#4529,2.999999999998E0);
#4535=CIRCLE('',#4534,1.8E1);
#4540=CIRCLE('',#4539,2.999999999998E0);
#4549=CIRCLE('',#4548,5.E-1);
#4558=CIRCLE('',#4557,5.E-1);
#4587=CIRCLE('',#4586,4.85E0);
#4596=CIRCLE('',#4595,7.5E-1);
#4613=CIRCLE('',#4612,6.E-1);
#4622=CIRCLE('',#4621,5.E0);
#4635=CIRCLE('',#4634,5.E0);
#4644=CIRCLE('',#4643,6.E-1);
#4661=CIRCLE('',#4660,7.5E-1);
#4670=CIRCLE('',#4669,4.85E0);
#4783=CIRCLE('',#4782,4.85E0);
#4792=CIRCLE('',#4791,7.5E-1);
#4809=CIRCLE('',#4808,6.E-1);
#4818=CIRCLE('',#4817,5.E0);
#4831=CIRCLE('',#4830,5.E0);
#4840=CIRCLE('',#4839,6.E-1);
#4857=CIRCLE('',#4856,7.5E-1);
#4866=CIRCLE('',#4865,4.85E0);
#4967=CIRCLE('',#4966,4.85E0);
#4976=CIRCLE('',#4975,7.5E-1);
#4993=CIRCLE('',#4992,6.E-1);
#5002=CIRCLE('',#5001,5.E0);
#5015=CIRCLE('',#5014,5.E0);
#5024=CIRCLE('',#5023,6.E-1);
#5041=CIRCLE('',#5040,7.5E-1);
#5050=CIRCLE('',#5049,4.85E0);
#5151=CIRCLE('',#5150,4.85E0);
#5160=CIRCLE('',#5159,7.5E-1);
#5177=CIRCLE('',#5176,6.E-1);
#5186=CIRCLE('',#5185,5.E0);
#5199=CIRCLE('',#5198,5.E0);
#5208=CIRCLE('',#5207,6.E-1);
#5225=CIRCLE('',#5224,7.5E-1);
#5234=CIRCLE('',#5233,4.85E0);
#5355=CIRCLE('',#5354,3.5E-1);
#5364=CIRCLE('',#5363,6.5E-1);
#5377=CIRCLE('',#5376,5.E-1);
#5398=CIRCLE('',#5397,5.E-1);
#5411=CIRCLE('',#5410,6.5E-1);
#5420=CIRCLE('',#5419,3.5E-1);
#5453=CIRCLE('',#5452,6.E-1);
#5458=CIRCLE('',#5457,5.E-1);
#5523=CIRCLE('',#5522,6.E-1);
#5532=CIRCLE('',#5531,5.E0);
#5541=CIRCLE('',#5540,4.85E0);
#5566=CIRCLE('',#5565,4.85E0);
#5575=CIRCLE('',#5574,5.E0);
#5584=CIRCLE('',#5583,6.E-1);
#5677=CIRCLE('',#5676,7.5E-1);
#5682=CIRCLE('',#5681,6.5E-1);
#5691=CIRCLE('',#5690,6.5E-1);
#5696=CIRCLE('',#5695,7.5E-1);
#5709=CIRCLE('',#5708,5.E-1);
#5714=CIRCLE('',#5713,6.E-1);
#5819=CIRCLE('',#5818,4.85E0);
#5828=CIRCLE('',#5827,7.5E-1);
#5845=CIRCLE('',#5844,6.E-1);
#5854=CIRCLE('',#5853,5.E0);
#5867=CIRCLE('',#5866,5.E0);
#5876=CIRCLE('',#5875,6.E-1);
#5893=CIRCLE('',#5892,7.5E-1);
#5902=CIRCLE('',#5901,4.85E0);
#6003=CIRCLE('',#6002,4.85E0);
#6012=CIRCLE('',#6011,7.5E-1);
#6029=CIRCLE('',#6028,6.E-1);
#6038=CIRCLE('',#6037,5.E0);
#6051=CIRCLE('',#6050,5.E0);
#6060=CIRCLE('',#6059,6.E-1);
#6077=CIRCLE('',#6076,7.5E-1);
#6086=CIRCLE('',#6085,4.85E0);
#6223=CIRCLE('',#6222,4.85E0);
#6232=CIRCLE('',#6231,7.5E-1);
#6249=CIRCLE('',#6248,6.E-1);
#6258=CIRCLE('',#6257,5.E0);
#6271=CIRCLE('',#6270,5.E0);
#6280=CIRCLE('',#6279,6.E-1);
#6297=CIRCLE('',#6296,7.5E-1);
#6306=CIRCLE('',#6305,4.85E0);
#6403=CIRCLE('',#6402,1.5E-1);
#6408=CIRCLE('',#6407,1.5E-1);
#6421=CIRCLE('',#6420,2.5E-1);
#6426=CIRCLE('',#6425,2.5E-1);
#6444=B_SPLINE_CURVE_WITH_KNOTS('',3,(#6435,#6436,#6437,#6438,#6439,#6440,#6441,
#6442,#6443),.UNSPECIFIED.,.F.,.F.,(4,1,1,1,1,1,4),(0.E0,1.666666666667E-1,
3.333333333333E-1,5.E-1,6.666666666667E-1,8.333333333333E-1,1.E0),
.UNSPECIFIED.);
#6457=B_SPLINE_CURVE_WITH_KNOTS('',3,(#6445,#6446,#6447,#6448,#6449,#6450,#6451,
#6452,#6453,#6454,#6455,#6456),.UNSPECIFIED.,.F.,.F.,(4,1,1,1,1,1,1,1,1,4),
(0.E0,1.111111111111E-1,2.222222222222E-1,3.333333333333E-1,4.444444444444E-1,
5.555555555556E-1,6.666666666667E-1,7.777777777778E-1,8.888888888889E-1,1.E0),
.UNSPECIFIED.);
#6489=B_SPLINE_CURVE_WITH_KNOTS('',3,(#6478,#6479,#6480,#6481,#6482,#6483,#6484,
#6485,#6486,#6487,#6488),.UNSPECIFIED.,.F.,.F.,(4,1,1,1,1,1,1,1,4),(0.E0,
1.25E-1,2.5E-1,3.75E-1,5.E-1,6.25E-1,7.5E-1,8.75E-1,1.E0),.UNSPECIFIED.);
#6499=B_SPLINE_CURVE_WITH_KNOTS('',3,(#6490,#6491,#6492,#6493,#6494,#6495,#6496,
#6497,#6498),.UNSPECIFIED.,.F.,.F.,(4,1,1,1,1,1,4),(0.E0,1.666666666667E-1,
3.333333333333E-1,5.E-1,6.666666666667E-1,8.333333333333E-1,1.E0),
.UNSPECIFIED.);
#6732=CIRCLE('',#6731,2.5E-1);
#6749=CIRCLE('',#6748,2.5E-1);
#6766=CIRCLE('',#6765,1.E-1);
#6791=CIRCLE('',#6790,1.E-1);
#6808=CIRCLE('',#6807,2.5E-1);
#6817=CIRCLE('',#6816,2.5E-1);
#6838=CIRCLE('',#6837,4.E-1);
#6847=CIRCLE('',#6846,3.5E-1);
#6864=CIRCLE('',#6863,5.000000000004E-1);
#6885=CIRCLE('',#6884,5.000000000004E-1);
#6902=CIRCLE('',#6901,3.5E-1);
#6911=CIRCLE('',#6910,4.E-1);
#6940=CIRCLE('',#6939,4.E-1);
#6949=CIRCLE('',#6948,3.5E-1);
#6966=CIRCLE('',#6965,5.000000000004E-1);
#6987=CIRCLE('',#6986,5.000000000004E-1);
#7004=CIRCLE('',#7003,3.5E-1);
#7013=CIRCLE('',#7012,4.E-1);
#7042=CIRCLE('',#7041,4.E-1);
#7051=CIRCLE('',#7050,3.5E-1);
#7068=CIRCLE('',#7067,5.000000000004E-1);
#7089=CIRCLE('',#7088,5.000000000004E-1);
#7106=CIRCLE('',#7105,3.5E-1);
#7115=CIRCLE('',#7114,4.E-1);
#7148=CIRCLE('',#7147,3.5E-1);
#7157=CIRCLE('',#7156,1.5E-1);
#7174=CIRCLE('',#7173,3.000000000004E-1);
#7183=CIRCLE('',#7182,2.E-1);
#7200=CIRCLE('',#7199,2.E-1);
#7209=CIRCLE('',#7208,3.000000000004E-1);
#7226=CIRCLE('',#7225,1.5E-1);
#7235=CIRCLE('',#7234,3.5E-1);
#7284=CIRCLE('',#7283,3.5E-1);
#7301=CIRCLE('',#7300,5.000000000004E-1);
#7314=CIRCLE('',#7313,5.000000000004E-1);
#7331=CIRCLE('',#7330,3.5E-1);
#7368=CIRCLE('',#7367,3.5E-1);
#7385=CIRCLE('',#7384,5.000000000004E-1);
#7398=CIRCLE('',#7397,5.000000000004E-1);
#7415=CIRCLE('',#7414,3.5E-1);
#7452=CIRCLE('',#7451,5.E-1);
#7469=CIRCLE('',#7468,3.5E-1);
#7482=CIRCLE('',#7481,3.5E-1);
#7499=CIRCLE('',#7498,5.E-1);
#7536=CIRCLE('',#7535,5.E-1);
#7553=CIRCLE('',#7552,3.5E-1);
#7566=CIRCLE('',#7565,3.5E-1);
#7583=CIRCLE('',#7582,5.E-1);
#7620=CIRCLE('',#7619,5.E-1);
#7637=CIRCLE('',#7636,3.5E-1);
#7650=CIRCLE('',#7649,3.5E-1);
#7667=CIRCLE('',#7666,5.E-1);
#7704=CIRCLE('',#7703,5.E-1);
#7721=CIRCLE('',#7720,3.5E-1);
#7734=CIRCLE('',#7733,3.5E-1);
#7751=CIRCLE('',#7750,5.E-1);
#9224=EDGE_CURVE('',#7782,#7783,#3268,.T.);
#9226=EDGE_CURVE('',#7783,#7785,#3272,.T.);
#9228=EDGE_CURVE('',#7785,#7787,#3276,.T.);
#9230=EDGE_CURVE('',#7787,#7789,#3280,.T.);
#9232=EDGE_CURVE('',#7789,#7791,#3284,.T.);
#9234=EDGE_CURVE('',#7791,#7793,#3288,.T.);
#9236=EDGE_CURVE('',#7793,#7795,#3292,.T.);
#9238=EDGE_CURVE('',#7795,#7797,#3296,.T.);
#9240=EDGE_CURVE('',#7797,#7799,#3300,.T.);
#9242=EDGE_CURVE('',#7799,#7801,#3304,.T.);
#9244=EDGE_CURVE('',#7801,#7803,#3309,.T.);
#9246=EDGE_CURVE('',#7803,#7805,#3313,.T.);
#9248=EDGE_CURVE('',#7805,#7807,#3318,.T.);
#9250=EDGE_CURVE('',#7807,#7809,#3322,.T.);
#9252=EDGE_CURVE('',#7809,#7811,#3327,.T.);
#9254=EDGE_CURVE('',#7811,#7813,#3332,.T.);
#9256=EDGE_CURVE('',#7813,#7815,#3337,.T.);
#9258=EDGE_CURVE('',#7815,#7817,#3341,.T.);
#9260=EDGE_CURVE('',#7817,#7819,#3346,.T.);
#9262=EDGE_CURVE('',#7819,#7821,#3350,.T.);
#9264=EDGE_CURVE('',#7821,#7823,#3355,.T.);
#9266=EDGE_CURVE('',#7823,#7825,#3359,.T.);
#9268=EDGE_CURVE('',#7825,#7827,#3363,.T.);
#9270=EDGE_CURVE('',#7827,#7829,#3367,.T.);
#9272=EDGE_CURVE('',#7829,#7831,#3371,.T.);
#9274=EDGE_CURVE('',#7831,#7833,#3375,.T.);
#9276=EDGE_CURVE('',#7833,#7835,#3379,.T.);
#9278=EDGE_CURVE('',#7835,#7837,#3383,.T.);
#9280=EDGE_CURVE('',#7837,#7839,#3387,.T.);
#9282=EDGE_CURVE('',#7839,#7782,#3391,.T.);
#9286=EDGE_CURVE('',#7842,#7843,#3395,.T.);
#9288=EDGE_CURVE('',#7843,#7845,#3399,.T.);
#9290=EDGE_CURVE('',#7845,#7847,#3403,.T.);
#9292=EDGE_CURVE('',#7847,#7842,#3407,.T.);
#9296=EDGE_CURVE('',#7850,#7851,#3411,.T.);
#9298=EDGE_CURVE('',#7851,#7853,#3415,.T.);
#9300=EDGE_CURVE('',#7853,#7855,#3419,.T.);
#9302=EDGE_CURVE('',#7855,#7850,#3423,.T.);
#9306=EDGE_CURVE('',#7858,#7859,#3427,.T.);
#9308=EDGE_CURVE('',#7859,#7861,#3431,.T.);
#9310=EDGE_CURVE('',#7861,#7863,#3435,.T.);
#9312=EDGE_CURVE('',#7863,#7858,#3439,.T.);
#9316=EDGE_CURVE('',#7866,#7867,#3443,.T.);
#9318=EDGE_CURVE('',#7867,#7869,#3447,.T.);
#9320=EDGE_CURVE('',#7869,#7871,#3451,.T.);
#9322=EDGE_CURVE('',#7871,#7866,#3455,.T.);
#9326=EDGE_CURVE('',#7874,#7875,#3459,.T.);
#9328=EDGE_CURVE('',#7875,#7877,#3463,.T.);
#9330=EDGE_CURVE('',#7877,#7879,#3467,.T.);
#9332=EDGE_CURVE('',#7879,#7874,#3471,.T.);
#9336=EDGE_CURVE('',#7882,#7883,#3475,.T.);
#9338=EDGE_CURVE('',#7883,#7885,#3479,.T.);
#9340=EDGE_CURVE('',#7885,#7887,#3483,.T.);
#9342=EDGE_CURVE('',#7887,#7882,#3487,.T.);
#9346=EDGE_CURVE('',#7890,#7891,#3491,.T.);
#9348=EDGE_CURVE('',#7891,#7893,#3495,.T.);
#9350=EDGE_CURVE('',#7893,#7895,#3499,.T.);
#9352=EDGE_CURVE('',#7895,#7890,#3503,.T.);
#9356=EDGE_CURVE('',#7898,#7899,#3507,.T.);
#9358=EDGE_CURVE('',#7899,#7901,#3511,.T.);
#9360=EDGE_CURVE('',#7901,#7903,#3515,.T.);
#9362=EDGE_CURVE('',#7903,#7898,#3519,.T.);
#9366=EDGE_CURVE('',#7906,#7907,#3523,.T.);
#9368=EDGE_CURVE('',#7907,#7909,#3527,.T.);
#9370=EDGE_CURVE('',#7909,#7911,#3531,.T.);
#9372=EDGE_CURVE('',#7911,#7906,#3535,.T.);
#9383=EDGE_CURVE('',#7913,#7782,#3707,.T.);
#9385=EDGE_CURVE('',#7915,#7913,#3831,.T.);
#9387=EDGE_CURVE('',#7783,#7915,#6539,.T.);
#9391=EDGE_CURVE('',#7918,#7919,#3539,.T.);
#9393=EDGE_CURVE('',#7919,#7921,#3543,.T.);
#9395=EDGE_CURVE('',#7921,#7923,#3547,.T.);
#9397=EDGE_CURVE('',#7923,#7918,#3551,.T.);
#9401=EDGE_CURVE('',#7926,#7927,#3555,.T.);
#9403=EDGE_CURVE('',#7927,#7929,#3559,.T.);
#9405=EDGE_CURVE('',#7929,#7931,#3563,.T.);
#9407=EDGE_CURVE('',#7926,#7931,#6872,.T.);
#9411=EDGE_CURVE('',#7934,#7935,#3567,.T.);
#9413=EDGE_CURVE('',#7935,#7937,#3571,.T.);
#9415=EDGE_CURVE('',#7937,#7939,#3575,.T.);
#9417=EDGE_CURVE('',#7934,#7939,#6974,.T.);
#9421=EDGE_CURVE('',#7942,#7943,#3579,.T.);
#9423=EDGE_CURVE('',#7943,#7945,#3583,.T.);
#9425=EDGE_CURVE('',#7945,#7947,#3587,.T.);
#9427=EDGE_CURVE('',#7942,#7947,#7076,.T.);
#9431=EDGE_CURVE('',#7950,#7951,#3591,.T.);
#9433=EDGE_CURVE('',#7951,#7953,#3595,.T.);
#9435=EDGE_CURVE('',#7953,#7955,#3599,.T.);
#9437=EDGE_CURVE('',#7955,#7950,#3603,.T.);
#9441=EDGE_CURVE('',#7958,#7959,#3607,.T.);
#9443=EDGE_CURVE('',#7959,#7961,#3611,.T.);
#9445=EDGE_CURVE('',#7961,#7963,#3615,.T.);
#9447=EDGE_CURVE('',#7963,#7958,#3619,.T.);
#9451=EDGE_CURVE('',#7966,#7967,#3623,.T.);
#9453=EDGE_CURVE('',#7967,#7969,#3627,.T.);
#9455=EDGE_CURVE('',#7969,#7971,#3631,.T.);
#9457=EDGE_CURVE('',#7971,#7966,#3635,.T.);
#9461=EDGE_CURVE('',#7974,#7975,#3639,.T.);
#9463=EDGE_CURVE('',#7975,#7977,#3643,.T.);
#9465=EDGE_CURVE('',#7977,#7979,#3647,.T.);
#9467=EDGE_CURVE('',#7979,#7974,#3651,.T.);
#9471=EDGE_CURVE('',#7982,#7983,#3655,.T.);
#9473=EDGE_CURVE('',#7983,#7985,#3659,.T.);
#9475=EDGE_CURVE('',#7985,#7987,#3663,.T.);
#9477=EDGE_CURVE('',#7987,#7982,#3667,.T.);
#9481=EDGE_CURVE('',#7990,#7991,#3671,.T.);
#9483=EDGE_CURVE('',#7991,#7993,#3675,.T.);
#9485=EDGE_CURVE('',#7993,#7995,#3679,.T.);
#9487=EDGE_CURVE('',#7995,#7990,#3683,.T.);
#9491=EDGE_CURVE('',#7998,#7999,#3687,.T.);
#9493=EDGE_CURVE('',#7999,#8001,#3691,.T.);
#9495=EDGE_CURVE('',#8001,#8003,#3695,.T.);
#9497=EDGE_CURVE('',#8003,#7998,#3699,.T.);
#9507=EDGE_CURVE('',#7839,#8005,#3703,.T.);
#9509=EDGE_CURVE('',#7913,#8005,#3835,.T.);
#9515=EDGE_CURVE('',#8008,#8009,#6679,.T.);
#9517=EDGE_CURVE('',#8008,#8011,#3711,.T.);
#9519=EDGE_CURVE('',#8011,#8013,#3715,.T.);
#9521=EDGE_CURVE('',#8013,#8009,#3719,.T.);
#9531=EDGE_CURVE('',#8016,#8017,#3731,.T.);
#9533=EDGE_CURVE('',#8016,#8019,#3723,.T.);
#9535=EDGE_CURVE('',#8005,#8019,#3839,.T.);
#9539=EDGE_CURVE('',#7837,#8017,#3727,.T.);
#9550=EDGE_CURVE('',#8017,#8021,#3735,.T.);
#9552=EDGE_CURVE('',#8021,#8023,#3739,.T.);
#9554=EDGE_CURVE('',#8023,#8016,#3743,.T.);
#9567=EDGE_CURVE('',#8021,#7835,#3747,.T.);
#9580=EDGE_CURVE('',#8025,#7833,#3755,.T.);
#9582=EDGE_CURVE('',#8027,#8025,#3847,.T.);
#9584=EDGE_CURVE('',#8023,#8027,#6675,.T.);
#9594=EDGE_CURVE('',#7831,#8029,#3751,.T.);
#9596=EDGE_CURVE('',#8025,#8029,#3851,.T.);
#9602=EDGE_CURVE('',#9177,#9178,#3759,.T.);
#9604=EDGE_CURVE('',#8032,#9178,#6627,.T.);
#9606=EDGE_CURVE('',#8032,#8033,#3763,.T.);
#9608=EDGE_CURVE('',#9177,#8033,#6619,.T.);
#9620=EDGE_CURVE('',#7829,#8035,#3767,.T.);
#9622=EDGE_CURVE('',#8029,#8035,#3855,.T.);
#9632=EDGE_CURVE('',#8035,#8037,#3859,.T.);
#9636=EDGE_CURVE('',#8037,#7827,#3911,.T.);
#9646=EDGE_CURVE('',#9189,#9192,#3771,.T.);
#9648=EDGE_CURVE('',#8062,#9189,#3879,.T.);
#9650=EDGE_CURVE('',#8062,#8063,#3775,.T.);
#9652=EDGE_CURVE('',#8063,#8065,#3779,.T.);
#9654=EDGE_CURVE('',#8065,#8040,#3783,.T.);
#9656=EDGE_CURVE('',#8040,#8041,#3787,.T.);
#9658=EDGE_CURVE('',#8041,#8043,#3791,.T.);
#9660=EDGE_CURVE('',#8045,#8043,#4123,.T.);
#9662=EDGE_CURVE('',#8045,#9198,#3795,.T.);
#9664=EDGE_CURVE('',#9197,#9198,#3799,.T.);
#9666=EDGE_CURVE('',#9197,#8049,#3803,.T.);
#9668=EDGE_CURVE('',#8048,#8049,#6507,.T.);
#9670=EDGE_CURVE('',#8048,#8051,#3807,.T.);
#9672=EDGE_CURVE('',#8051,#8053,#3811,.T.);
#9674=EDGE_CURVE('',#8053,#8055,#3815,.T.);
#9676=EDGE_CURVE('',#8055,#8057,#3819,.T.);
#9678=EDGE_CURVE('',#8057,#8059,#3823,.T.);
#9680=EDGE_CURVE('',#8059,#7915,#3827,.T.);
#9685=EDGE_CURVE('',#8019,#8027,#3843,.T.);
#9691=EDGE_CURVE('',#8037,#9192,#3863,.T.);
#9701=EDGE_CURVE('',#9189,#9190,#3871,.T.);
#9704=EDGE_CURVE('',#9192,#9194,#3907,.T.);
#9706=EDGE_CURVE('',#9194,#9190,#3867,.T.);
#9717=EDGE_CURVE('',#9190,#8093,#3875,.T.);
#9719=EDGE_CURVE('',#8062,#8093,#6390,.T.);
#9732=EDGE_CURVE('',#9194,#9186,#3883,.T.);
#9734=EDGE_CURVE('',#8089,#9186,#3923,.T.);
#9736=EDGE_CURVE('',#8089,#8069,#3887,.T.);
#9738=EDGE_CURVE('',#8069,#8067,#3891,.T.);
#9740=EDGE_CURVE('',#8067,#8087,#3895,.T.);
#9742=EDGE_CURVE('',#8087,#8091,#3899,.T.);
#9744=EDGE_CURVE('',#8091,#8093,#3903,.T.);
#9758=EDGE_CURVE('',#9186,#7825,#3927,.T.);
#9769=EDGE_CURVE('',#9202,#9197,#3915,.T.);
#9771=EDGE_CURVE('',#9184,#9202,#3991,.T.);
#9773=EDGE_CURVE('',#7799,#9184,#3983,.T.);
#9776=EDGE_CURVE('',#7797,#8049,#3919,.T.);
#9790=EDGE_CURVE('',#8121,#7823,#3935,.T.);
#9792=EDGE_CURVE('',#8121,#8123,#3931,.T.);
#9794=EDGE_CURVE('',#8119,#8123,#6182,.T.);
#9796=EDGE_CURVE('',#8089,#8119,#6166,.T.);
#9808=EDGE_CURVE('',#7821,#8125,#3939,.T.);
#9810=EDGE_CURVE('',#8121,#8125,#4512,.T.);
#9820=EDGE_CURVE('',#8127,#7819,#3947,.T.);
#9822=EDGE_CURVE('',#8125,#8127,#4516,.T.);
#9835=EDGE_CURVE('',#7817,#8129,#3943,.T.);
#9837=EDGE_CURVE('',#8127,#8129,#4521,.T.);
#9850=EDGE_CURVE('',#8131,#7815,#3951,.T.);
#9852=EDGE_CURVE('',#8129,#8131,#4525,.T.);
#9862=EDGE_CURVE('',#8133,#7813,#3955,.T.);
#9864=EDGE_CURVE('',#8131,#8133,#4530,.T.);
#9876=EDGE_CURVE('',#8135,#7811,#3959,.T.);
#9878=EDGE_CURVE('',#8133,#8135,#4535,.T.);
#9892=EDGE_CURVE('',#7809,#8137,#3963,.T.);
#9894=EDGE_CURVE('',#8135,#8137,#4540,.T.);
#9904=EDGE_CURVE('',#8139,#7807,#3971,.T.);
#9906=EDGE_CURVE('',#8137,#8139,#4544,.T.);
#9919=EDGE_CURVE('',#7805,#8141,#3967,.T.);
#9921=EDGE_CURVE('',#8139,#8141,#4549,.T.);
#9934=EDGE_CURVE('',#8143,#7803,#3979,.T.);
#9936=EDGE_CURVE('',#8141,#8143,#4553,.T.);
#9946=EDGE_CURVE('',#7801,#8145,#3975,.T.);
#9948=EDGE_CURVE('',#8143,#8145,#4558,.T.);
#9961=EDGE_CURVE('',#8149,#9184,#4003,.T.);
#9963=EDGE_CURVE('',#8148,#8149,#4115,.T.);
#9965=EDGE_CURVE('',#8148,#8145,#3987,.T.);
#9978=EDGE_CURVE('',#9200,#9202,#4007,.T.);
#9980=EDGE_CURVE('',#9200,#8175,#3995,.T.);
#9982=EDGE_CURVE('',#8175,#8149,#3999,.T.);
#9994=EDGE_CURVE('',#9200,#9198,#4035,.T.);
#10008=EDGE_CURVE('',#8175,#8045,#4119,.T.);
#10013=EDGE_CURVE('',#8178,#8179,#4011,.T.);
#10015=EDGE_CURVE('',#8181,#8179,#4103,.T.);
#10017=EDGE_CURVE('',#8181,#8183,#4015,.T.);
#10019=EDGE_CURVE('',#8178,#8183,#4067,.T.);
#10023=EDGE_CURVE('',#8186,#8187,#4019,.T.);
#10025=EDGE_CURVE('',#8187,#8189,#4023,.T.);
#10027=EDGE_CURVE('',#8189,#8191,#4027,.T.);
#10029=EDGE_CURVE('',#8191,#8186,#4031,.T.);
#10040=EDGE_CURVE('',#8178,#8775,#4040,.T.);
#10042=EDGE_CURVE('',#8775,#8777,#4045,.T.);
#10044=EDGE_CURVE('',#8777,#8187,#4049,.T.);
#10047=EDGE_CURVE('',#8186,#8779,#4053,.T.);
#10049=EDGE_CURVE('',#8779,#8781,#4058,.T.);
#10051=EDGE_CURVE('',#8781,#8179,#4063,.T.);
#10062=EDGE_CURVE('',#8783,#8183,#4099,.T.);
#10064=EDGE_CURVE('',#8785,#8783,#4094,.T.);
#10066=EDGE_CURVE('',#8785,#8777,#4071,.T.);
#10079=EDGE_CURVE('',#8181,#8787,#4076,.T.);
#10081=EDGE_CURVE('',#8787,#8789,#4081,.T.);
#10083=EDGE_CURVE('',#8789,#8191,#4085,.T.);
#10086=EDGE_CURVE('',#8189,#8785,#4089,.T.);
#10101=EDGE_CURVE('',#8779,#8789,#4107,.T.);
#10137=EDGE_CURVE('',#9210,#8227,#4255,.T.);
#10139=EDGE_CURVE('',#9210,#9218,#4111,.T.);
#10141=EDGE_CURVE('',#8148,#9218,#4419,.T.);
#10147=EDGE_CURVE('',#8043,#8099,#4127,.T.);
#10149=EDGE_CURVE('',#8099,#8229,#4131,.T.);
#10151=EDGE_CURVE('',#8229,#8231,#4135,.T.);
#10153=EDGE_CURVE('',#8231,#8233,#4139,.T.);
#10155=EDGE_CURVE('',#8233,#8235,#4143,.T.);
#10157=EDGE_CURVE('',#8237,#8235,#5946,.T.);
#10159=EDGE_CURVE('',#8237,#8239,#4147,.T.);
#10161=EDGE_CURVE('',#8239,#8241,#4151,.T.);
#10163=EDGE_CURVE('',#8243,#8241,#5778,.T.);
#10165=EDGE_CURVE('',#8245,#8243,#5750,.T.);
#10167=EDGE_CURVE('',#8247,#8245,#5742,.T.);
#10169=EDGE_CURVE('',#8247,#8249,#4155,.T.);
#10171=EDGE_CURVE('',#8249,#8251,#4159,.T.);
#10173=EDGE_CURVE('',#8253,#8251,#5286,.T.);
#10175=EDGE_CURVE('',#8253,#8255,#4163,.T.);
#10177=EDGE_CURVE('',#8194,#8255,#5385,.T.);
#10179=EDGE_CURVE('',#8194,#8195,#4167,.T.);
#10181=EDGE_CURVE('',#8197,#8195,#5302,.T.);
#10183=EDGE_CURVE('',#8197,#8199,#4171,.T.);
#10185=EDGE_CURVE('',#8199,#8201,#4175,.T.);
#10187=EDGE_CURVE('',#8201,#8203,#4179,.T.);
#10189=EDGE_CURVE('',#8205,#8203,#5094,.T.);
#10191=EDGE_CURVE('',#8205,#8207,#4183,.T.);
#10193=EDGE_CURVE('',#8207,#8209,#4187,.T.);
#10195=EDGE_CURVE('',#8209,#8211,#4191,.T.);
#10197=EDGE_CURVE('',#8213,#8211,#4910,.T.);
#10199=EDGE_CURVE('',#8213,#8215,#4195,.T.);
#10201=EDGE_CURVE('',#8215,#8217,#4199,.T.);
#10203=EDGE_CURVE('',#8217,#8219,#4203,.T.);
#10205=EDGE_CURVE('',#8221,#8219,#4726,.T.);
#10207=EDGE_CURVE('',#8221,#8223,#4207,.T.);
#10209=EDGE_CURVE('',#8223,#8225,#4211,.T.);
#10211=EDGE_CURVE('',#8225,#8227,#4215,.T.);
#10221=EDGE_CURVE('',#9205,#9206,#4235,.T.);
#10223=EDGE_CURVE('',#9206,#8424,#4239,.T.);
#10225=EDGE_CURVE('',#8424,#8425,#4243,.T.);
#10227=EDGE_CURVE('',#8425,#9209,#4247,.T.);
#10229=EDGE_CURVE('',#9209,#9210,#4251,.T.);
#10232=EDGE_CURVE('',#8227,#8421,#4259,.T.);
#10234=EDGE_CURVE('',#8421,#9205,#4263,.T.);
#10238=EDGE_CURVE('',#8428,#8429,#4219,.T.);
#10240=EDGE_CURVE('',#8429,#8431,#4223,.T.);
#10242=EDGE_CURVE('',#8431,#8433,#4227,.T.);
#10244=EDGE_CURVE('',#8433,#8428,#4231,.T.);
#10255=EDGE_CURVE('',#7898,#8429,#4267,.T.);
#10258=EDGE_CURVE('',#8428,#7899,#4271,.T.);
#10269=EDGE_CURVE('',#7903,#8431,#4275,.T.);
#10282=EDGE_CURVE('',#7901,#8433,#4279,.T.);
#10300=EDGE_CURVE('',#8476,#8477,#4283,.T.);
#10302=EDGE_CURVE('',#8479,#8477,#4379,.T.);
#10304=EDGE_CURVE('',#8479,#8481,#4287,.T.);
#10306=EDGE_CURVE('',#8476,#8481,#4335,.T.);
#10317=EDGE_CURVE('',#8476,#8483,#4292,.T.);
#10319=EDGE_CURVE('',#8483,#8485,#4296,.T.);
#10321=EDGE_CURVE('',#8485,#8487,#4301,.T.);
#10323=EDGE_CURVE('',#8487,#8489,#4305,.T.);
#10325=EDGE_CURVE('',#8489,#8491,#4309,.T.);
#10327=EDGE_CURVE('',#8491,#8493,#4313,.T.);
#10329=EDGE_CURVE('',#8493,#8495,#4318,.T.);
#10331=EDGE_CURVE('',#8495,#8497,#4322,.T.);
#10333=EDGE_CURVE('',#8497,#8477,#4327,.T.);
#10343=EDGE_CURVE('',#8499,#8481,#4375,.T.);
#10345=EDGE_CURVE('',#8499,#8483,#4331,.T.);
#10358=EDGE_CURVE('',#8479,#8501,#4340,.T.);
#10360=EDGE_CURVE('',#8501,#8503,#4344,.T.);
#10362=EDGE_CURVE('',#8503,#8505,#4349,.T.);
#10364=EDGE_CURVE('',#8505,#8507,#4353,.T.);
#10366=EDGE_CURVE('',#8507,#8509,#4357,.T.);
#10368=EDGE_CURVE('',#8509,#8511,#4361,.T.);
#10370=EDGE_CURVE('',#8511,#8513,#4366,.T.);
#10372=EDGE_CURVE('',#8513,#8499,#4370,.T.);
#10386=EDGE_CURVE('',#8497,#8501,#4383,.T.);
#10397=EDGE_CURVE('',#8503,#8495,#4391,.T.);
#10410=EDGE_CURVE('',#8493,#8505,#4387,.T.);
#10425=EDGE_CURVE('',#8491,#8507,#4395,.T.);
#10436=EDGE_CURVE('',#8489,#8509,#4399,.T.);
#10451=EDGE_CURVE('',#8511,#8487,#4407,.T.);
#10462=EDGE_CURVE('',#8485,#8513,#4403,.T.);
#10487=EDGE_CURVE('',#9212,#9205,#4411,.T.);
#10489=EDGE_CURVE('',#9212,#9216,#4427,.T.);
#10491=EDGE_CURVE('',#9206,#9216,#4710,.T.);
#10502=EDGE_CURVE('',#9209,#9215,#4582,.T.);
#10504=EDGE_CURVE('',#9215,#9218,#4423,.T.);
#10517=EDGE_CURVE('',#8421,#8395,#4415,.T.);
#10519=EDGE_CURVE('',#9212,#8395,#4431,.T.);
#10531=EDGE_CURVE('',#8395,#8225,#4435,.T.);
#10544=EDGE_CURVE('',#9215,#9216,#4562,.T.);
#10550=EDGE_CURVE('',#8223,#8397,#4439,.T.);
#10552=EDGE_CURVE('',#8397,#8399,#4443,.T.);
#10554=EDGE_CURVE('',#8399,#8217,#4447,.T.);
#10557=EDGE_CURVE('',#8215,#8401,#4451,.T.);
#10559=EDGE_CURVE('',#8401,#8403,#4455,.T.);
#10561=EDGE_CURVE('',#8403,#8209,#4459,.T.);
#10564=EDGE_CURVE('',#8207,#8405,#4463,.T.);
#10566=EDGE_CURVE('',#8405,#8407,#4467,.T.);
#10568=EDGE_CURVE('',#8407,#8201,#4471,.T.);
#10571=EDGE_CURVE('',#8199,#8409,#4475,.T.);
#10573=EDGE_CURVE('',#8409,#8393,#4479,.T.);
#10575=EDGE_CURVE('',#8393,#8249,#4483,.T.);
#10578=EDGE_CURVE('',#8411,#8247,#5738,.T.);
#10580=EDGE_CURVE('',#8413,#8411,#5790,.T.);
#10582=EDGE_CURVE('',#8241,#8413,#5782,.T.);
#10585=EDGE_CURVE('',#8239,#8415,#4487,.T.);
#10587=EDGE_CURVE('',#8415,#8417,#4491,.T.);
#10589=EDGE_CURVE('',#8417,#8233,#4495,.T.);
#10592=EDGE_CURVE('',#8231,#8419,#4499,.T.);
#10594=EDGE_CURVE('',#8419,#8117,#4503,.T.);
#10596=EDGE_CURVE('',#8117,#8115,#4507,.T.);
#10598=EDGE_CURVE('',#8123,#8115,#6186,.T.);
#10622=EDGE_CURVE('',#9215,#7907,#4566,.T.);
#10625=EDGE_CURVE('',#7906,#9216,#4570,.T.);
#10636=EDGE_CURVE('',#7909,#8425,#4706,.T.);
#10643=EDGE_CURVE('',#8436,#8437,#4574,.T.);
#10645=EDGE_CURVE('',#8439,#8437,#4674,.T.);
#10647=EDGE_CURVE('',#8439,#8441,#4578,.T.);
#10649=EDGE_CURVE('',#8436,#8441,#4630,.T.);
#10660=EDGE_CURVE('',#8436,#8443,#4587,.T.);
#10662=EDGE_CURVE('',#8443,#8445,#4591,.T.);
#10664=EDGE_CURVE('',#8445,#8447,#4596,.T.);
#10666=EDGE_CURVE('',#8447,#8449,#4600,.T.);
#10668=EDGE_CURVE('',#8449,#8451,#4604,.T.);
#10670=EDGE_CURVE('',#8451,#8453,#4608,.T.);
#10672=EDGE_CURVE('',#8453,#8455,#4613,.T.);
#10674=EDGE_CURVE('',#8455,#8457,#4617,.T.);
#10676=EDGE_CURVE('',#8457,#8437,#4622,.T.);
#10686=EDGE_CURVE('',#8459,#8441,#4670,.T.);
#10688=EDGE_CURVE('',#8459,#8443,#4626,.T.);
#10701=EDGE_CURVE('',#8439,#8461,#4635,.T.);
#10703=EDGE_CURVE('',#8461,#8463,#4639,.T.);
#10705=EDGE_CURVE('',#8463,#8465,#4644,.T.);
#10707=EDGE_CURVE('',#8465,#8467,#4648,.T.);
#10709=EDGE_CURVE('',#8467,#8469,#4652,.T.);
#10711=EDGE_CURVE('',#8469,#8471,#4656,.T.);
#10713=EDGE_CURVE('',#8471,#8473,#4661,.T.);
#10715=EDGE_CURVE('',#8473,#8459,#4665,.T.);
#10729=EDGE_CURVE('',#8457,#8461,#4678,.T.);
#10740=EDGE_CURVE('',#8463,#8455,#4686,.T.);
#10753=EDGE_CURVE('',#8453,#8465,#4682,.T.);
#10768=EDGE_CURVE('',#8451,#8467,#4690,.T.);
#10779=EDGE_CURVE('',#8449,#8469,#4694,.T.);
#10794=EDGE_CURVE('',#8471,#8447,#4702,.T.);
#10805=EDGE_CURVE('',#8445,#8473,#4698,.T.);
#10832=EDGE_CURVE('',#7911,#8424,#4714,.T.);
#10855=EDGE_CURVE('',#8515,#8221,#4722,.T.);
#10857=EDGE_CURVE('',#8515,#8397,#4718,.T.);
#10871=EDGE_CURVE('',#8219,#8517,#4730,.T.);
#10873=EDGE_CURVE('',#8517,#8515,#4734,.T.);
#10877=EDGE_CURVE('',#8520,#8521,#4738,.T.);
#10879=EDGE_CURVE('',#8521,#8523,#4742,.T.);
#10881=EDGE_CURVE('',#8523,#8525,#4746,.T.);
#10883=EDGE_CURVE('',#8525,#8520,#4750,.T.);
#10896=EDGE_CURVE('',#8517,#8399,#4754,.T.);
#10919=EDGE_CURVE('',#7890,#8521,#4758,.T.);
#10922=EDGE_CURVE('',#8520,#7891,#4762,.T.);
#10933=EDGE_CURVE('',#7895,#8523,#4766,.T.);
#10946=EDGE_CURVE('',#7893,#8525,#4770,.T.);
#10964=EDGE_CURVE('',#8528,#8529,#4774,.T.);
#10966=EDGE_CURVE('',#8531,#8529,#4870,.T.);
#10968=EDGE_CURVE('',#8531,#8533,#4778,.T.);
#10970=EDGE_CURVE('',#8528,#8533,#4826,.T.);
#10981=EDGE_CURVE('',#8528,#8535,#4783,.T.);
#10983=EDGE_CURVE('',#8535,#8537,#4787,.T.);
#10985=EDGE_CURVE('',#8537,#8539,#4792,.T.);
#10987=EDGE_CURVE('',#8539,#8541,#4796,.T.);
#10989=EDGE_CURVE('',#8541,#8543,#4800,.T.);
#10991=EDGE_CURVE('',#8543,#8545,#4804,.T.);
#10993=EDGE_CURVE('',#8545,#8547,#4809,.T.);
#10995=EDGE_CURVE('',#8547,#8549,#4813,.T.);
#10997=EDGE_CURVE('',#8549,#8529,#4818,.T.);
#11007=EDGE_CURVE('',#8551,#8533,#4866,.T.);
#11009=EDGE_CURVE('',#8551,#8535,#4822,.T.);
#11022=EDGE_CURVE('',#8531,#8553,#4831,.T.);
#11024=EDGE_CURVE('',#8553,#8555,#4835,.T.);
#11026=EDGE_CURVE('',#8555,#8557,#4840,.T.);
#11028=EDGE_CURVE('',#8557,#8559,#4844,.T.);
#11030=EDGE_CURVE('',#8559,#8561,#4848,.T.);
#11032=EDGE_CURVE('',#8561,#8563,#4852,.T.);
#11034=EDGE_CURVE('',#8563,#8565,#4857,.T.);
#11036=EDGE_CURVE('',#8565,#8551,#4861,.T.);
#11050=EDGE_CURVE('',#8549,#8553,#4874,.T.);
#11061=EDGE_CURVE('',#8555,#8547,#4882,.T.);
#11074=EDGE_CURVE('',#8545,#8557,#4878,.T.);
#11089=EDGE_CURVE('',#8543,#8559,#4886,.T.);
#11100=EDGE_CURVE('',#8541,#8561,#4890,.T.);
#11115=EDGE_CURVE('',#8563,#8539,#4898,.T.);
#11126=EDGE_CURVE('',#8537,#8565,#4894,.T.);
#11150=EDGE_CURVE('',#8567,#8213,#4906,.T.);
#11152=EDGE_CURVE('',#8567,#8401,#4902,.T.);
#11166=EDGE_CURVE('',#8211,#8569,#4914,.T.);
#11168=EDGE_CURVE('',#8569,#8567,#4918,.T.);
#11172=EDGE_CURVE('',#8572,#8573,#4922,.T.);
#11174=EDGE_CURVE('',#8573,#8575,#4926,.T.);
#11176=EDGE_CURVE('',#8575,#8577,#4930,.T.);
#11178=EDGE_CURVE('',#8577,#8572,#4934,.T.);
#11191=EDGE_CURVE('',#8569,#8403,#4938,.T.);
#11214=EDGE_CURVE('',#7882,#8573,#4942,.T.);
#11217=EDGE_CURVE('',#8572,#7883,#4946,.T.);
#11228=EDGE_CURVE('',#7887,#8575,#4950,.T.);
#11241=EDGE_CURVE('',#7885,#8577,#4954,.T.);
#11259=EDGE_CURVE('',#8580,#8581,#4958,.T.);
#11261=EDGE_CURVE('',#8583,#8581,#5054,.T.);
#11263=EDGE_CURVE('',#8583,#8585,#4962,.T.);
#11265=EDGE_CURVE('',#8580,#8585,#5010,.T.);
#11276=EDGE_CURVE('',#8580,#8587,#4967,.T.);
#11278=EDGE_CURVE('',#8587,#8589,#4971,.T.);
#11280=EDGE_CURVE('',#8589,#8591,#4976,.T.);
#11282=EDGE_CURVE('',#8591,#8593,#4980,.T.);
#11284=EDGE_CURVE('',#8593,#8595,#4984,.T.);
#11286=EDGE_CURVE('',#8595,#8597,#4988,.T.);
#11288=EDGE_CURVE('',#8597,#8599,#4993,.T.);
#11290=EDGE_CURVE('',#8599,#8601,#4997,.T.);
#11292=EDGE_CURVE('',#8601,#8581,#5002,.T.);
#11302=EDGE_CURVE('',#8603,#8585,#5050,.T.);
#11304=EDGE_CURVE('',#8603,#8587,#5006,.T.);
#11317=EDGE_CURVE('',#8583,#8605,#5015,.T.);
#11319=EDGE_CURVE('',#8605,#8607,#5019,.T.);
#11321=EDGE_CURVE('',#8607,#8609,#5024,.T.);
#11323=EDGE_CURVE('',#8609,#8611,#5028,.T.);
#11325=EDGE_CURVE('',#8611,#8613,#5032,.T.);
#11327=EDGE_CURVE('',#8613,#8615,#5036,.T.);
#11329=EDGE_CURVE('',#8615,#8617,#5041,.T.);
#11331=EDGE_CURVE('',#8617,#8603,#5045,.T.);
#11345=EDGE_CURVE('',#8601,#8605,#5058,.T.);
#11356=EDGE_CURVE('',#8607,#8599,#5066,.T.);
#11369=EDGE_CURVE('',#8597,#8609,#5062,.T.);
#11384=EDGE_CURVE('',#8595,#8611,#5070,.T.);
#11395=EDGE_CURVE('',#8593,#8613,#5074,.T.);
#11410=EDGE_CURVE('',#8615,#8591,#5082,.T.);
#11421=EDGE_CURVE('',#8589,#8617,#5078,.T.);
#11445=EDGE_CURVE('',#8619,#8205,#5090,.T.);
#11447=EDGE_CURVE('',#8619,#8405,#5086,.T.);
#11461=EDGE_CURVE('',#8203,#8621,#5098,.T.);
#11463=EDGE_CURVE('',#8621,#8619,#5102,.T.);
#11467=EDGE_CURVE('',#8624,#8625,#5114,.T.);
#11469=EDGE_CURVE('',#8627,#8624,#5126,.T.);
#11471=EDGE_CURVE('',#8629,#8627,#5134,.T.);
#11473=EDGE_CURVE('',#8625,#8629,#5138,.T.);
#11486=EDGE_CURVE('',#8621,#8407,#5106,.T.);
#11509=EDGE_CURVE('',#7842,#8624,#5110,.T.);
#11512=EDGE_CURVE('',#8625,#7843,#5118,.T.);
#11523=EDGE_CURVE('',#7847,#8627,#5122,.T.);
#11536=EDGE_CURVE('',#7845,#8629,#5130,.T.);
#11554=EDGE_CURVE('',#8632,#8633,#5142,.T.);
#11556=EDGE_CURVE('',#8635,#8633,#5238,.T.);
#11558=EDGE_CURVE('',#8635,#8637,#5146,.T.);
#11560=EDGE_CURVE('',#8632,#8637,#5194,.T.);
#11571=EDGE_CURVE('',#8632,#8639,#5151,.T.);
#11573=EDGE_CURVE('',#8639,#8641,#5155,.T.);
#11575=EDGE_CURVE('',#8641,#8643,#5160,.T.);
#11577=EDGE_CURVE('',#8643,#8645,#5164,.T.);
#11579=EDGE_CURVE('',#8645,#8647,#5168,.T.);
#11581=EDGE_CURVE('',#8647,#8649,#5172,.T.);
#11583=EDGE_CURVE('',#8649,#8651,#5177,.T.);
#11585=EDGE_CURVE('',#8651,#8653,#5181,.T.);
#11587=EDGE_CURVE('',#8653,#8633,#5186,.T.);
#11597=EDGE_CURVE('',#8655,#8637,#5234,.T.);
#11599=EDGE_CURVE('',#8655,#8639,#5190,.T.);
#11612=EDGE_CURVE('',#8635,#8657,#5199,.T.);
#11614=EDGE_CURVE('',#8657,#8659,#5203,.T.);
#11616=EDGE_CURVE('',#8659,#8661,#5208,.T.);
#11618=EDGE_CURVE('',#8661,#8663,#5212,.T.);
#11620=EDGE_CURVE('',#8663,#8665,#5216,.T.);
#11622=EDGE_CURVE('',#8665,#8667,#5220,.T.);
#11624=EDGE_CURVE('',#8667,#8669,#5225,.T.);
#11626=EDGE_CURVE('',#8669,#8655,#5229,.T.);
#11640=EDGE_CURVE('',#8653,#8657,#5242,.T.);
#11651=EDGE_CURVE('',#8659,#8651,#5250,.T.);
#11664=EDGE_CURVE('',#8649,#8661,#5246,.T.);
#11679=EDGE_CURVE('',#8647,#8663,#5254,.T.);
#11690=EDGE_CURVE('',#8645,#8665,#5258,.T.);
#11705=EDGE_CURVE('',#8667,#8643,#5266,.T.);
#11716=EDGE_CURVE('',#8641,#8669,#5262,.T.);
#11740=EDGE_CURVE('',#8277,#8197,#5298,.T.);
#11742=EDGE_CURVE('',#8277,#8409,#5270,.T.);
#11754=EDGE_CURVE('',#8195,#8257,#5274,.T.);
#11756=EDGE_CURVE('',#8257,#8273,#5278,.T.);
#11758=EDGE_CURVE('',#8273,#8253,#5282,.T.);
#11761=EDGE_CURVE('',#8251,#8275,#5290,.T.);
#11763=EDGE_CURVE('',#8275,#8277,#5294,.T.);
#11769=EDGE_CURVE('',#8267,#8265,#5306,.T.);
#11771=EDGE_CURVE('',#8265,#8279,#5310,.T.);
#11773=EDGE_CURVE('',#8279,#8281,#5314,.T.);
#11775=EDGE_CURVE('',#8281,#8283,#5318,.T.);
#11777=EDGE_CURVE('',#8283,#8285,#5322,.T.);
#11779=EDGE_CURVE('',#8285,#8287,#5326,.T.);
#11781=EDGE_CURVE('',#8287,#8289,#5330,.T.);
#11783=EDGE_CURVE('',#8289,#8291,#5334,.T.);
#11785=EDGE_CURVE('',#8291,#8293,#5338,.T.);
#11787=EDGE_CURVE('',#8293,#8295,#5342,.T.);
#11789=EDGE_CURVE('',#8295,#8297,#5346,.T.);
#11791=EDGE_CURVE('',#8297,#8267,#5350,.T.);
#11803=EDGE_CURVE('',#8194,#8259,#5355,.T.);
#11805=EDGE_CURVE('',#8259,#8261,#5359,.T.);
#11807=EDGE_CURVE('',#8261,#8263,#5364,.T.);
#11809=EDGE_CURVE('',#8263,#8265,#5368,.T.);
#11812=EDGE_CURVE('',#8267,#8269,#5372,.T.);
#11814=EDGE_CURVE('',#8269,#8271,#5377,.T.);
#11816=EDGE_CURVE('',#8271,#8257,#5381,.T.);
#11827=EDGE_CURVE('',#8315,#8255,#5420,.T.);
#11829=EDGE_CURVE('',#8315,#8259,#5389,.T.);
#11841=EDGE_CURVE('',#8273,#8299,#5393,.T.);
#11843=EDGE_CURVE('',#8299,#8309,#5398,.T.);
#11845=EDGE_CURVE('',#8309,#8289,#5402,.T.);
#11848=EDGE_CURVE('',#8287,#8311,#5406,.T.);
#11850=EDGE_CURVE('',#8311,#8313,#5411,.T.);
#11852=EDGE_CURVE('',#8313,#8315,#5415,.T.);
#11867=EDGE_CURVE('',#8299,#8271,#5436,.T.);
#11871=EDGE_CURVE('',#8302,#8303,#5518,.T.);
#11873=EDGE_CURVE('',#8302,#8305,#5424,.T.);
#11875=EDGE_CURVE('',#8307,#8305,#5557,.T.);
#11877=EDGE_CURVE('',#8303,#8307,#5549,.T.);
#11887=EDGE_CURVE('',#8318,#8319,#5458,.T.);
#11889=EDGE_CURVE('',#8318,#8321,#5428,.T.);
#11891=EDGE_CURVE('',#8323,#8321,#5709,.T.);
#11893=EDGE_CURVE('',#8323,#8309,#5432,.T.);
#11898=EDGE_CURVE('',#8269,#8319,#5440,.T.);
#11908=EDGE_CURVE('',#8319,#8325,#5444,.T.);
#11910=EDGE_CURVE('',#8325,#8327,#5448,.T.);
#11912=EDGE_CURVE('',#8327,#8318,#5453,.T.);
#11923=EDGE_CURVE('',#8291,#8329,#5474,.T.);
#11928=EDGE_CURVE('',#8331,#8323,#5704,.T.);
#11930=EDGE_CURVE('',#8325,#8331,#5726,.T.);
#11936=EDGE_CURVE('',#8333,#8297,#5510,.T.);
#11938=EDGE_CURVE('',#8329,#8333,#5498,.T.);
#11948=EDGE_CURVE('',#8335,#8285,#5462,.T.);
#11951=EDGE_CURVE('',#8283,#7855,#5466,.T.);
#11954=EDGE_CURVE('',#7853,#8293,#5470,.T.);
#11958=EDGE_CURVE('',#8329,#8335,#5478,.T.);
#11971=EDGE_CURVE('',#8335,#8337,#5482,.T.);
#11973=EDGE_CURVE('',#8339,#8337,#5628,.T.);
#11975=EDGE_CURVE('',#8339,#8341,#5486,.T.);
#11977=EDGE_CURVE('',#8343,#8341,#5608,.T.);
#11979=EDGE_CURVE('',#8343,#8345,#5490,.T.);
#11981=EDGE_CURVE('',#8279,#8345,#5502,.T.);
#11985=EDGE_CURVE('',#8311,#8263,#5664,.T.);
#11995=EDGE_CURVE('',#8345,#8333,#5506,.T.);
#11998=EDGE_CURVE('',#8347,#8343,#5624,.T.);
#12000=EDGE_CURVE('',#8347,#8349,#5494,.T.);
#12002=EDGE_CURVE('',#8337,#8349,#5632,.T.);
#12019=EDGE_CURVE('',#8295,#7851,#5514,.T.);
#12022=EDGE_CURVE('',#8281,#7850,#5604,.T.);
#12039=EDGE_CURVE('',#8352,#8353,#5536,.T.);
#12041=EDGE_CURVE('',#8355,#8352,#5596,.T.);
#12043=EDGE_CURVE('',#8357,#8355,#5570,.T.);
#12045=EDGE_CURVE('',#8353,#8357,#5592,.T.);
#12056=EDGE_CURVE('',#8303,#8359,#5523,.T.);
#12058=EDGE_CURVE('',#8359,#8361,#5527,.T.);
#12060=EDGE_CURVE('',#8361,#8352,#5532,.T.);
#12063=EDGE_CURVE('',#8353,#8363,#5541,.T.);
#12065=EDGE_CURVE('',#8363,#8302,#5545,.T.);
#12076=EDGE_CURVE('',#8365,#8307,#5584,.T.);
#12078=EDGE_CURVE('',#8365,#8359,#5553,.T.);
#12090=EDGE_CURVE('',#8305,#8367,#5561,.T.);
#12092=EDGE_CURVE('',#8367,#8357,#5566,.T.);
#12095=EDGE_CURVE('',#8355,#8369,#5575,.T.);
#12097=EDGE_CURVE('',#8369,#8365,#5579,.T.);
#12110=EDGE_CURVE('',#8367,#8363,#5588,.T.);
#12136=EDGE_CURVE('',#8361,#8369,#5600,.T.);
#12171=EDGE_CURVE('',#8341,#8371,#5612,.T.);
#12173=EDGE_CURVE('',#8371,#8373,#5616,.T.);
#12175=EDGE_CURVE('',#8373,#8347,#5620,.T.);
#12187=EDGE_CURVE('',#8375,#8339,#5644,.T.);
#12189=EDGE_CURVE('',#8371,#8375,#5652,.T.);
#12202=EDGE_CURVE('',#8349,#8377,#5636,.T.);
#12204=EDGE_CURVE('',#8377,#8375,#5640,.T.);
#12217=EDGE_CURVE('',#8373,#8377,#5648,.T.);
#12240=EDGE_CURVE('',#8380,#8381,#5682,.T.);
#12242=EDGE_CURVE('',#8380,#8383,#5656,.T.);
#12244=EDGE_CURVE('',#8385,#8383,#5691,.T.);
#12246=EDGE_CURVE('',#8385,#8313,#5660,.T.);
#12251=EDGE_CURVE('',#8261,#8381,#5668,.T.);
#12261=EDGE_CURVE('',#8381,#8387,#5672,.T.);
#12263=EDGE_CURVE('',#8387,#8380,#5677,.T.);
#12276=EDGE_CURVE('',#8389,#8385,#5686,.T.);
#12278=EDGE_CURVE('',#8387,#8389,#5700,.T.);
#12294=EDGE_CURVE('',#8383,#8389,#5696,.T.);
#12318=EDGE_CURVE('',#8321,#8391,#5714,.T.);
#12320=EDGE_CURVE('',#8391,#8331,#5718,.T.);
#12332=EDGE_CURVE('',#8327,#8391,#5722,.T.);
#12358=EDGE_CURVE('',#8275,#8393,#5730,.T.);
#12380=EDGE_CURVE('',#8671,#8245,#5746,.T.);
#12382=EDGE_CURVE('',#8671,#8411,#5734,.T.);
#12396=EDGE_CURVE('',#8243,#8673,#5754,.T.);
#12398=EDGE_CURVE('',#8673,#8671,#5758,.T.);
#12402=EDGE_CURVE('',#8676,#8677,#5762,.T.);
#12404=EDGE_CURVE('',#8677,#8679,#5766,.T.);
#12406=EDGE_CURVE('',#8679,#8681,#5770,.T.);
#12408=EDGE_CURVE('',#8681,#8676,#5774,.T.);
#12421=EDGE_CURVE('',#8673,#8413,#5786,.T.);
#12444=EDGE_CURVE('',#7858,#8677,#5794,.T.);
#12447=EDGE_CURVE('',#8676,#7859,#5798,.T.);
#12458=EDGE_CURVE('',#7863,#8679,#5802,.T.);
#12471=EDGE_CURVE('',#7861,#8681,#5806,.T.);
#12489=EDGE_CURVE('',#8684,#8685,#5810,.T.);
#12491=EDGE_CURVE('',#8687,#8685,#5906,.T.);
#12493=EDGE_CURVE('',#8687,#8689,#5814,.T.);
#12495=EDGE_CURVE('',#8684,#8689,#5862,.T.);
#12506=EDGE_CURVE('',#8684,#8691,#5819,.T.);
#12508=EDGE_CURVE('',#8691,#8693,#5823,.T.);
#12510=EDGE_CURVE('',#8693,#8695,#5828,.T.);
#12512=EDGE_CURVE('',#8695,#8697,#5832,.T.);
#12514=EDGE_CURVE('',#8697,#8699,#5836,.T.);
#12516=EDGE_CURVE('',#8699,#8701,#5840,.T.);
#12518=EDGE_CURVE('',#8701,#8703,#5845,.T.);
#12520=EDGE_CURVE('',#8703,#8705,#5849,.T.);
#12522=EDGE_CURVE('',#8705,#8685,#5854,.T.);
#12532=EDGE_CURVE('',#8707,#8689,#5902,.T.);
#12534=EDGE_CURVE('',#8707,#8691,#5858,.T.);
#12547=EDGE_CURVE('',#8687,#8709,#5867,.T.);
#12549=EDGE_CURVE('',#8709,#8711,#5871,.T.);
#12551=EDGE_CURVE('',#8711,#8713,#5876,.T.);
#12553=EDGE_CURVE('',#8713,#8715,#5880,.T.);
#12555=EDGE_CURVE('',#8715,#8717,#5884,.T.);
#12557=EDGE_CURVE('',#8717,#8719,#5888,.T.);
#12559=EDGE_CURVE('',#8719,#8721,#5893,.T.);
#12561=EDGE_CURVE('',#8721,#8707,#5897,.T.);
#12575=EDGE_CURVE('',#8705,#8709,#5910,.T.);
#12586=EDGE_CURVE('',#8711,#8703,#5918,.T.);
#12599=EDGE_CURVE('',#8701,#8713,#5914,.T.);
#12614=EDGE_CURVE('',#8699,#8715,#5922,.T.);
#12625=EDGE_CURVE('',#8697,#8717,#5926,.T.);
#12640=EDGE_CURVE('',#8719,#8695,#5934,.T.);
#12651=EDGE_CURVE('',#8693,#8721,#5930,.T.);
#12675=EDGE_CURVE('',#8723,#8415,#5938,.T.);
#12679=EDGE_CURVE('',#8723,#8237,#5958,.T.);
#12690=EDGE_CURVE('',#8725,#8723,#5954,.T.);
#12692=EDGE_CURVE('',#8725,#8417,#5942,.T.);
#12704=EDGE_CURVE('',#8235,#8725,#5950,.T.);
#12710=EDGE_CURVE('',#8728,#8729,#5962,.T.);
#12712=EDGE_CURVE('',#8729,#8731,#5966,.T.);
#12714=EDGE_CURVE('',#8731,#8733,#5970,.T.);
#12716=EDGE_CURVE('',#8733,#8728,#5974,.T.);
#12739=EDGE_CURVE('',#7866,#8729,#5978,.T.);
#12742=EDGE_CURVE('',#8728,#7867,#5982,.T.);
#12753=EDGE_CURVE('',#7871,#8731,#5986,.T.);
#12766=EDGE_CURVE('',#7869,#8733,#5990,.T.);
#12784=EDGE_CURVE('',#8736,#8737,#5994,.T.);
#12786=EDGE_CURVE('',#8739,#8737,#6094,.T.);
#12788=EDGE_CURVE('',#8739,#8741,#5998,.T.);
#12790=EDGE_CURVE('',#8736,#8741,#6046,.T.);
#12801=EDGE_CURVE('',#8736,#8743,#6003,.T.);
#12803=EDGE_CURVE('',#8743,#8745,#6007,.T.);
#12805=EDGE_CURVE('',#8745,#8747,#6012,.T.);
#12807=EDGE_CURVE('',#8747,#8749,#6016,.T.);
#12809=EDGE_CURVE('',#8749,#8751,#6020,.T.);
#12811=EDGE_CURVE('',#8751,#8753,#6024,.T.);
#12813=EDGE_CURVE('',#8753,#8755,#6029,.T.);
#12815=EDGE_CURVE('',#8755,#8757,#6033,.T.);
#12817=EDGE_CURVE('',#8757,#8737,#6038,.T.);
#12827=EDGE_CURVE('',#8759,#8741,#6086,.T.);
#12829=EDGE_CURVE('',#8759,#8743,#6042,.T.);
#12842=EDGE_CURVE('',#8739,#8761,#6051,.T.);
#12844=EDGE_CURVE('',#8761,#8763,#6055,.T.);
#12846=EDGE_CURVE('',#8763,#8765,#6060,.T.);
#12848=EDGE_CURVE('',#8765,#8767,#6064,.T.);
#12850=EDGE_CURVE('',#8767,#8769,#6068,.T.);
#12852=EDGE_CURVE('',#8769,#8771,#6072,.T.);
#12854=EDGE_CURVE('',#8771,#8773,#6077,.T.);
#12856=EDGE_CURVE('',#8773,#8759,#6081,.T.);
#12868=EDGE_CURVE('',#8757,#8761,#6090,.T.);
#12881=EDGE_CURVE('',#8763,#8755,#6102,.T.);
#12894=EDGE_CURVE('',#8753,#8765,#6098,.T.);
#12909=EDGE_CURVE('',#8751,#8767,#6106,.T.);
#12920=EDGE_CURVE('',#8749,#8769,#6110,.T.);
#12935=EDGE_CURVE('',#8771,#8747,#6118,.T.);
#12946=EDGE_CURVE('',#8745,#8773,#6114,.T.);
#12970=EDGE_CURVE('',#8096,#8229,#6126,.T.);
#12972=EDGE_CURVE('',#8103,#8096,#6146,.T.);
#12974=EDGE_CURVE('',#8103,#8419,#6122,.T.);
#12988=EDGE_CURVE('',#8099,#8096,#6130,.T.);
#12998=EDGE_CURVE('',#8096,#8097,#6134,.T.);
#13003=EDGE_CURVE('',#8069,#8041,#6346,.T.);
#13006=EDGE_CURVE('',#8097,#8089,#6174,.T.);
#13017=EDGE_CURVE('',#8097,#8101,#6138,.T.);
#13019=EDGE_CURVE('',#8101,#8103,#6142,.T.);
#13024=EDGE_CURVE('',#8106,#8107,#6150,.T.);
#13026=EDGE_CURVE('',#8107,#8109,#6154,.T.);
#13028=EDGE_CURVE('',#8109,#8111,#6158,.T.);
#13030=EDGE_CURVE('',#8111,#8106,#6162,.T.);
#13040=EDGE_CURVE('',#8113,#8097,#6170,.T.);
#13042=EDGE_CURVE('',#8115,#8113,#6190,.T.);
#13045=EDGE_CURVE('',#8101,#8117,#6194,.T.);
#13057=EDGE_CURVE('',#8113,#8119,#6178,.T.);
#13094=EDGE_CURVE('',#7874,#8107,#6198,.T.);
#13097=EDGE_CURVE('',#8106,#7875,#6202,.T.);
#13108=EDGE_CURVE('',#7879,#8109,#6206,.T.);
#13121=EDGE_CURVE('',#7877,#8111,#6210,.T.);
#13139=EDGE_CURVE('',#8792,#8793,#6214,.T.);
#13141=EDGE_CURVE('',#8795,#8793,#6314,.T.);
#13143=EDGE_CURVE('',#8795,#8797,#6218,.T.);
#13145=EDGE_CURVE('',#8792,#8797,#6266,.T.);
#13156=EDGE_CURVE('',#8792,#8799,#6223,.T.);
#13158=EDGE_CURVE('',#8799,#8801,#6227,.T.);
#13160=EDGE_CURVE('',#8801,#8803,#6232,.T.);
#13162=EDGE_CURVE('',#8803,#8805,#6236,.T.);
#13164=EDGE_CURVE('',#8805,#8807,#6240,.T.);
#13166=EDGE_CURVE('',#8807,#8809,#6244,.T.);
#13168=EDGE_CURVE('',#8809,#8811,#6249,.T.);
#13170=EDGE_CURVE('',#8811,#8813,#6253,.T.);
#13172=EDGE_CURVE('',#8813,#8793,#6258,.T.);
#13182=EDGE_CURVE('',#8815,#8797,#6306,.T.);
#13184=EDGE_CURVE('',#8815,#8799,#6262,.T.);
#13197=EDGE_CURVE('',#8795,#8817,#6271,.T.);
#13199=EDGE_CURVE('',#8817,#8819,#6275,.T.);
#13201=EDGE_CURVE('',#8819,#8821,#6280,.T.);
#13203=EDGE_CURVE('',#8821,#8823,#6284,.T.);
#13205=EDGE_CURVE('',#8823,#8825,#6288,.T.);
#13207=EDGE_CURVE('',#8825,#8827,#6292,.T.);
#13209=EDGE_CURVE('',#8827,#8829,#6297,.T.);
#13211=EDGE_CURVE('',#8829,#8815,#6301,.T.);
#13223=EDGE_CURVE('',#8813,#8817,#6310,.T.);
#13236=EDGE_CURVE('',#8819,#8811,#6322,.T.);
#13249=EDGE_CURVE('',#8809,#8821,#6318,.T.);
#13264=EDGE_CURVE('',#8807,#8823,#6326,.T.);
#13275=EDGE_CURVE('',#8805,#8825,#6330,.T.);
#13290=EDGE_CURVE('',#8827,#8803,#6338,.T.);
#13301=EDGE_CURVE('',#8801,#8829,#6334,.T.);
#13326=EDGE_CURVE('',#8040,#8067,#6342,.T.);
#13332=EDGE_CURVE('',#8072,#8073,#6350,.T.);
#13334=EDGE_CURVE('',#8073,#8075,#6354,.T.);
#13336=EDGE_CURVE('',#8075,#8077,#6358,.T.);
#13338=EDGE_CURVE('',#8077,#8072,#6362,.T.);
#13342=EDGE_CURVE('',#8080,#8081,#6366,.T.);
#13344=EDGE_CURVE('',#8081,#8083,#6370,.T.);
#13346=EDGE_CURVE('',#8083,#8085,#6374,.T.);
#13348=EDGE_CURVE('',#8085,#8080,#6378,.T.);
#13361=EDGE_CURVE('',#8065,#8087,#6382,.T.);
#13373=EDGE_CURVE('',#8063,#8091,#6386,.T.);
#13396=EDGE_CURVE('',#8831,#8083,#6394,.T.);
#13399=EDGE_CURVE('',#8081,#8833,#6398,.T.);
#13401=EDGE_CURVE('',#8833,#8835,#6403,.T.);
#13403=EDGE_CURVE('',#8835,#8837,#6408,.T.);
#13405=EDGE_CURVE('',#8837,#8073,#6412,.T.);
#13408=EDGE_CURVE('',#8072,#8839,#6416,.T.);
#13410=EDGE_CURVE('',#8839,#8841,#6421,.T.);
#13412=EDGE_CURVE('',#8841,#8831,#6426,.T.);
#13423=EDGE_CURVE('',#8843,#8831,#6461,.T.);
#13425=EDGE_CURVE('',#8843,#8085,#6430,.T.);
#13438=EDGE_CURVE('',#8839,#8845,#6434,.T.);
#13440=EDGE_CURVE('',#8845,#8846,#6444,.T.);
#13442=EDGE_CURVE('',#8846,#8843,#6457,.T.);
#13455=EDGE_CURVE('',#8077,#8845,#6465,.T.);
#13472=EDGE_CURVE('',#8075,#8848,#6469,.T.);
#13474=EDGE_CURVE('',#8850,#8848,#6499,.T.);
#13476=EDGE_CURVE('',#8849,#8850,#6489,.T.);
#13478=EDGE_CURVE('',#8849,#8080,#6473,.T.);
#13489=EDGE_CURVE('',#8848,#8837,#6503,.T.);
#13503=EDGE_CURVE('',#8833,#8849,#6477,.T.);
#13531=EDGE_CURVE('',#7795,#8048,#6511,.T.);
#13541=EDGE_CURVE('',#7793,#8051,#6515,.T.);
#13556=EDGE_CURVE('',#7791,#8053,#6519,.T.);
#13561=EDGE_CURVE('',#9181,#9182,#6523,.T.);
#13563=EDGE_CURVE('',#8152,#9181,#6655,.T.);
#13565=EDGE_CURVE('',#8152,#8153,#6527,.T.);
#13567=EDGE_CURVE('',#9182,#8153,#6647,.T.);
#13578=EDGE_CURVE('',#8055,#7789,#6531,.T.);
#13591=EDGE_CURVE('',#8057,#7787,#6535,.T.);
#13604=EDGE_CURVE('',#8059,#7785,#6543,.T.);
#13622=EDGE_CURVE('',#8156,#8157,#6547,.T.);
#13624=EDGE_CURVE('',#8157,#8159,#6551,.T.);
#13626=EDGE_CURVE('',#8159,#8161,#6555,.T.);
#13628=EDGE_CURVE('',#8161,#8156,#6559,.T.);
#13639=EDGE_CURVE('',#8156,#8163,#6563,.T.);
#13641=EDGE_CURVE('',#8163,#8165,#6567,.T.);
#13643=EDGE_CURVE('',#8165,#8157,#6571,.T.);
#13654=EDGE_CURVE('',#8167,#8161,#6583,.T.);
#13656=EDGE_CURVE('',#8163,#8167,#6591,.T.);
#13668=EDGE_CURVE('',#8159,#8169,#6575,.T.);
#13670=EDGE_CURVE('',#8169,#8167,#6579,.T.);
#13683=EDGE_CURVE('',#8165,#8169,#6587,.T.);
#13707=EDGE_CURVE('',#9174,#9177,#6595,.T.);
#13709=EDGE_CURVE('',#9173,#9174,#6599,.T.);
#13711=EDGE_CURVE('',#9178,#9173,#6603,.T.);
#13722=EDGE_CURVE('',#9170,#9182,#6607,.T.);
#13724=EDGE_CURVE('',#9169,#9170,#6611,.T.);
#13726=EDGE_CURVE('',#9181,#9169,#6615,.T.);
#13736=EDGE_CURVE('',#9174,#8854,#6623,.T.);
#13740=EDGE_CURVE('',#8854,#8033,#6643,.T.);
#13750=EDGE_CURVE('',#9173,#8852,#6631,.T.);
#13754=EDGE_CURVE('',#8852,#8854,#6639,.T.);
#13767=EDGE_CURVE('',#8032,#8852,#6635,.T.);
#13789=EDGE_CURVE('',#9170,#8173,#6651,.T.);
#13793=EDGE_CURVE('',#8173,#8153,#6671,.T.);
#13803=EDGE_CURVE('',#9169,#8171,#6659,.T.);
#13807=EDGE_CURVE('',#8171,#8173,#6667,.T.);
#13820=EDGE_CURVE('',#8152,#8171,#6663,.T.);
#13855=EDGE_CURVE('',#8009,#8856,#6683,.T.);
#13857=EDGE_CURVE('',#8856,#8858,#6687,.T.);
#13859=EDGE_CURVE('',#8858,#8008,#6691,.T.);
#13870=EDGE_CURVE('',#8013,#8860,#6695,.T.);
#13872=EDGE_CURVE('',#8856,#8860,#6707,.T.);
#13884=EDGE_CURVE('',#8011,#8862,#6699,.T.);
#13886=EDGE_CURVE('',#8860,#8862,#6711,.T.);
#13899=EDGE_CURVE('',#8858,#8862,#6703,.T.);
#13922=EDGE_CURVE('',#8864,#7919,#6715,.T.);
#13925=EDGE_CURVE('',#7918,#8866,#6719,.T.);
#13927=EDGE_CURVE('',#8866,#8868,#6723,.T.);
#13929=EDGE_CURVE('',#8870,#8868,#6774,.T.);
#13931=EDGE_CURVE('',#8870,#8872,#6727,.T.);
#13933=EDGE_CURVE('',#8872,#8864,#6732,.T.);
#13944=EDGE_CURVE('',#8874,#8864,#6744,.T.);
#13946=EDGE_CURVE('',#8874,#7921,#6736,.T.);
#13958=EDGE_CURVE('',#8872,#8876,#6740,.T.);
#13960=EDGE_CURVE('',#8874,#8876,#6817,.T.);
#13972=EDGE_CURVE('',#8870,#8878,#6749,.T.);
#13974=EDGE_CURVE('',#8878,#8880,#6753,.T.);
#13976=EDGE_CURVE('',#8880,#8882,#6757,.T.);
#13978=EDGE_CURVE('',#8882,#8884,#6761,.T.);
#13980=EDGE_CURVE('',#8884,#8886,#6766,.T.);
#13982=EDGE_CURVE('',#8886,#8876,#6770,.T.);
#13995=EDGE_CURVE('',#8888,#8868,#6808,.T.);
#13997=EDGE_CURVE('',#8888,#8878,#6778,.T.);
#14008=EDGE_CURVE('',#8866,#8890,#6782,.T.);
#14010=EDGE_CURVE('',#8890,#8892,#6786,.T.);
#14012=EDGE_CURVE('',#8892,#8894,#6791,.T.);
#14014=EDGE_CURVE('',#8894,#8896,#6795,.T.);
#14016=EDGE_CURVE('',#8896,#8898,#6799,.T.);
#14018=EDGE_CURVE('',#8898,#8888,#6803,.T.);
#14030=EDGE_CURVE('',#7923,#8890,#6812,.T.);
#14045=EDGE_CURVE('',#8892,#8886,#6825,.T.);
#14059=EDGE_CURVE('',#8884,#8894,#6821,.T.);
#14072=EDGE_CURVE('',#8882,#8896,#6829,.T.);
#14085=EDGE_CURVE('',#8880,#8898,#6833,.T.);
#14110=EDGE_CURVE('',#7926,#8900,#6838,.T.);
#14112=EDGE_CURVE('',#8900,#8902,#6842,.T.);
#14114=EDGE_CURVE('',#8902,#8904,#6847,.T.);
#14116=EDGE_CURVE('',#8904,#8906,#6851,.T.);
#14118=EDGE_CURVE('',#8906,#8908,#6855,.T.);
#14120=EDGE_CURVE('',#8908,#8910,#6859,.T.);
#14122=EDGE_CURVE('',#8910,#8912,#6864,.T.);
#14124=EDGE_CURVE('',#8912,#7927,#6868,.T.);
#14135=EDGE_CURVE('',#8914,#7931,#6911,.T.);
#14137=EDGE_CURVE('',#8914,#8900,#6876,.T.);
#14149=EDGE_CURVE('',#7929,#8916,#6880,.T.);
#14151=EDGE_CURVE('',#8916,#8918,#6885,.T.);
#14153=EDGE_CURVE('',#8918,#8920,#6889,.T.);
#14155=EDGE_CURVE('',#8920,#8922,#6893,.T.);
#14157=EDGE_CURVE('',#8922,#8924,#6897,.T.);
#14159=EDGE_CURVE('',#8924,#8926,#6902,.T.);
#14161=EDGE_CURVE('',#8926,#8914,#6906,.T.);
#14174=EDGE_CURVE('',#8916,#8912,#6919,.T.);
#14186=EDGE_CURVE('',#8910,#8918,#6915,.T.);
#14199=EDGE_CURVE('',#8908,#8920,#6923,.T.);
#14212=EDGE_CURVE('',#8906,#8922,#6927,.T.);
#14225=EDGE_CURVE('',#8924,#8904,#6935,.T.);
#14238=EDGE_CURVE('',#8902,#8926,#6931,.T.);
#14263=EDGE_CURVE('',#7934,#8928,#6940,.T.);
#14265=EDGE_CURVE('',#8928,#8930,#6944,.T.);
#14267=EDGE_CURVE('',#8930,#8932,#6949,.T.);
#14269=EDGE_CURVE('',#8932,#8934,#6953,.T.);
#14271=EDGE_CURVE('',#8934,#8936,#6957,.T.);
#14273=EDGE_CURVE('',#8936,#8938,#6961,.T.);
#14275=EDGE_CURVE('',#8938,#8940,#6966,.T.);
#14277=EDGE_CURVE('',#8940,#7935,#6970,.T.);
#14288=EDGE_CURVE('',#8942,#7939,#7013,.T.);
#14290=EDGE_CURVE('',#8942,#8928,#6978,.T.);
#14302=EDGE_CURVE('',#7937,#8944,#6982,.T.);
#14304=EDGE_CURVE('',#8944,#8946,#6987,.T.);
#14306=EDGE_CURVE('',#8946,#8948,#6991,.T.);
#14308=EDGE_CURVE('',#8948,#8950,#6995,.T.);
#14310=EDGE_CURVE('',#8950,#8952,#6999,.T.);
#14312=EDGE_CURVE('',#8952,#8954,#7004,.T.);
#14314=EDGE_CURVE('',#8954,#8942,#7008,.T.);
#14327=EDGE_CURVE('',#8944,#8940,#7021,.T.);
#14339=EDGE_CURVE('',#8938,#8946,#7017,.T.);
#14352=EDGE_CURVE('',#8936,#8948,#7025,.T.);
#14365=EDGE_CURVE('',#8934,#8950,#7029,.T.);
#14378=EDGE_CURVE('',#8952,#8932,#7037,.T.);
#14391=EDGE_CURVE('',#8930,#8954,#7033,.T.);
#14416=EDGE_CURVE('',#7942,#8956,#7042,.T.);
#14418=EDGE_CURVE('',#8956,#8958,#7046,.T.);
#14420=EDGE_CURVE('',#8958,#8960,#7051,.T.);
#14422=EDGE_CURVE('',#8960,#8962,#7055,.T.);
#14424=EDGE_CURVE('',#8962,#8964,#7059,.T.);
#14426=EDGE_CURVE('',#8964,#8966,#7063,.T.);
#14428=EDGE_CURVE('',#8966,#8968,#7068,.T.);
#14430=EDGE_CURVE('',#8968,#7943,#7072,.T.);
#14441=EDGE_CURVE('',#8970,#7947,#7115,.T.);
#14443=EDGE_CURVE('',#8970,#8956,#7080,.T.);
#14455=EDGE_CURVE('',#7945,#8972,#7084,.T.);
#14457=EDGE_CURVE('',#8972,#8974,#7089,.T.);
#14459=EDGE_CURVE('',#8974,#8976,#7093,.T.);
#14461=EDGE_CURVE('',#8976,#8978,#7097,.T.);
#14463=EDGE_CURVE('',#8978,#8980,#7101,.T.);
#14465=EDGE_CURVE('',#8980,#8982,#7106,.T.);
#14467=EDGE_CURVE('',#8982,#8970,#7110,.T.);
#14480=EDGE_CURVE('',#8972,#8968,#7123,.T.);
#14492=EDGE_CURVE('',#8966,#8974,#7119,.T.);
#14505=EDGE_CURVE('',#8964,#8976,#7127,.T.);
#14518=EDGE_CURVE('',#8962,#8978,#7131,.T.);
#14531=EDGE_CURVE('',#8980,#8960,#7139,.T.);
#14544=EDGE_CURVE('',#8958,#8982,#7135,.T.);
#14569=EDGE_CURVE('',#7950,#8984,#7143,.T.);
#14571=EDGE_CURVE('',#8984,#8986,#7148,.T.);
#14573=EDGE_CURVE('',#8986,#8988,#7152,.T.);
#14575=EDGE_CURVE('',#8988,#8990,#7157,.T.);
#14577=EDGE_CURVE('',#8990,#8992,#7161,.T.);
#14579=EDGE_CURVE('',#8992,#8994,#7165,.T.);
#14581=EDGE_CURVE('',#8994,#8996,#7169,.T.);
#14583=EDGE_CURVE('',#8996,#8998,#7174,.T.);
#14585=EDGE_CURVE('',#8998,#9000,#7178,.T.);
#14587=EDGE_CURVE('',#9000,#9002,#7183,.T.);
#14589=EDGE_CURVE('',#9002,#7951,#7187,.T.);
#14600=EDGE_CURVE('',#7955,#9004,#7191,.T.);
#14602=EDGE_CURVE('',#8984,#9004,#7271,.T.);
#14614=EDGE_CURVE('',#7953,#9006,#7195,.T.);
#14616=EDGE_CURVE('',#9006,#9008,#7200,.T.);
#14618=EDGE_CURVE('',#9008,#9010,#7204,.T.);
#14620=EDGE_CURVE('',#9010,#9012,#7209,.T.);
#14622=EDGE_CURVE('',#9012,#9014,#7213,.T.);
#14624=EDGE_CURVE('',#9014,#9016,#7217,.T.);
#14626=EDGE_CURVE('',#9016,#9018,#7221,.T.);
#14628=EDGE_CURVE('',#9018,#9020,#7226,.T.);
#14630=EDGE_CURVE('',#9020,#9022,#7230,.T.);
#14632=EDGE_CURVE('',#9022,#9004,#7235,.T.);
#14645=EDGE_CURVE('',#9006,#9002,#7243,.T.);
#14657=EDGE_CURVE('',#9000,#9008,#7239,.T.);
#14670=EDGE_CURVE('',#9010,#8998,#7251,.T.);
#14683=EDGE_CURVE('',#8996,#9012,#7247,.T.);
#14696=EDGE_CURVE('',#8994,#9014,#7255,.T.);
#14709=EDGE_CURVE('',#8992,#9016,#7259,.T.);
#14722=EDGE_CURVE('',#9018,#8990,#7267,.T.);
#14735=EDGE_CURVE('',#8988,#9020,#7263,.T.);
#14748=EDGE_CURVE('',#9022,#8986,#7275,.T.);
#14773=EDGE_CURVE('',#7958,#9024,#7279,.T.);
#14775=EDGE_CURVE('',#9024,#9026,#7284,.T.);
#14777=EDGE_CURVE('',#9026,#9028,#7288,.T.);
#14779=EDGE_CURVE('',#9028,#9030,#7292,.T.);
#14781=EDGE_CURVE('',#9030,#9032,#7296,.T.);
#14783=EDGE_CURVE('',#9032,#9034,#7301,.T.);
#14785=EDGE_CURVE('',#9034,#7959,#7305,.T.);
#14797=EDGE_CURVE('',#9036,#7963,#7335,.T.);
#14799=EDGE_CURVE('',#9024,#9036,#7355,.T.);
#14810=EDGE_CURVE('',#7961,#9038,#7309,.T.);
#14812=EDGE_CURVE('',#9038,#9040,#7314,.T.);
#14814=EDGE_CURVE('',#9040,#9042,#7318,.T.);
#14816=EDGE_CURVE('',#9042,#9044,#7322,.T.);
#14818=EDGE_CURVE('',#9044,#9046,#7326,.T.);
#14820=EDGE_CURVE('',#9046,#9036,#7331,.T.);
#14833=EDGE_CURVE('',#9038,#9034,#7343,.T.);
#14845=EDGE_CURVE('',#9032,#9040,#7339,.T.);
#14858=EDGE_CURVE('',#9030,#9042,#7347,.T.);
#14871=EDGE_CURVE('',#9028,#9044,#7351,.T.);
#14884=EDGE_CURVE('',#9046,#9026,#7359,.T.);
#14909=EDGE_CURVE('',#7966,#9048,#7363,.T.);
#14911=EDGE_CURVE('',#9048,#9050,#7368,.T.);
#14913=EDGE_CURVE('',#9050,#9052,#7372,.T.);
#14915=EDGE_CURVE('',#9052,#9054,#7376,.T.);
#14917=EDGE_CURVE('',#9054,#9056,#7380,.T.);
#14919=EDGE_CURVE('',#9056,#9058,#7385,.T.);
#14921=EDGE_CURVE('',#9058,#7967,#7389,.T.);
#14933=EDGE_CURVE('',#9060,#7971,#7419,.T.);
#14935=EDGE_CURVE('',#9048,#9060,#7439,.T.);
#14946=EDGE_CURVE('',#7969,#9062,#7393,.T.);
#14948=EDGE_CURVE('',#9062,#9064,#7398,.T.);
#14950=EDGE_CURVE('',#9064,#9066,#7402,.T.);
#14952=EDGE_CURVE('',#9066,#9068,#7406,.T.);
#14954=EDGE_CURVE('',#9068,#9070,#7410,.T.);
#14956=EDGE_CURVE('',#9070,#9060,#7415,.T.);
#14969=EDGE_CURVE('',#9062,#9058,#7427,.T.);
#14981=EDGE_CURVE('',#9056,#9064,#7423,.T.);
#14994=EDGE_CURVE('',#9054,#9066,#7431,.T.);
#15007=EDGE_CURVE('',#9052,#9068,#7435,.T.);
#15020=EDGE_CURVE('',#9070,#9050,#7443,.T.);
#15045=EDGE_CURVE('',#7974,#9072,#7447,.T.);
#15047=EDGE_CURVE('',#9072,#9074,#7452,.T.);
#15049=EDGE_CURVE('',#9074,#9076,#7456,.T.);
#15051=EDGE_CURVE('',#9076,#9078,#7460,.T.);
#15053=EDGE_CURVE('',#9078,#9080,#7464,.T.);
#15055=EDGE_CURVE('',#9080,#9082,#7469,.T.);
#15057=EDGE_CURVE('',#9082,#7975,#7473,.T.);
#15068=EDGE_CURVE('',#9084,#7979,#7503,.T.);
#15070=EDGE_CURVE('',#9072,#9084,#7523,.T.);
#15082=EDGE_CURVE('',#7977,#9086,#7477,.T.);
#15084=EDGE_CURVE('',#9086,#9088,#7482,.T.);
#15086=EDGE_CURVE('',#9088,#9090,#7486,.T.);
#15088=EDGE_CURVE('',#9090,#9092,#7490,.T.);
#15090=EDGE_CURVE('',#9092,#9094,#7494,.T.);
#15092=EDGE_CURVE('',#9094,#9084,#7499,.T.);
#15106=EDGE_CURVE('',#9086,#9082,#7511,.T.);
#15117=EDGE_CURVE('',#9080,#9088,#7507,.T.);
#15130=EDGE_CURVE('',#9078,#9090,#7515,.T.);
#15143=EDGE_CURVE('',#9076,#9092,#7519,.T.);
#15156=EDGE_CURVE('',#9094,#9074,#7527,.T.);
#15181=EDGE_CURVE('',#7982,#9096,#7531,.T.);
#15183=EDGE_CURVE('',#9096,#9098,#7536,.T.);
#15185=EDGE_CURVE('',#9098,#9100,#7540,.T.);
#15187=EDGE_CURVE('',#9100,#9102,#7544,.T.);
#15189=EDGE_CURVE('',#9102,#9104,#7548,.T.);
#15191=EDGE_CURVE('',#9104,#9106,#7553,.T.);
#15193=EDGE_CURVE('',#9106,#7983,#7557,.T.);
#15204=EDGE_CURVE('',#9108,#7987,#7587,.T.);
#15206=EDGE_CURVE('',#9096,#9108,#7607,.T.);
#15218=EDGE_CURVE('',#7985,#9110,#7561,.T.);
#15220=EDGE_CURVE('',#9110,#9112,#7566,.T.);
#15222=EDGE_CURVE('',#9112,#9114,#7570,.T.);
#15224=EDGE_CURVE('',#9114,#9116,#7574,.T.);
#15226=EDGE_CURVE('',#9116,#9118,#7578,.T.);
#15228=EDGE_CURVE('',#9118,#9108,#7583,.T.);
#15242=EDGE_CURVE('',#9110,#9106,#7595,.T.);
#15253=EDGE_CURVE('',#9104,#9112,#7591,.T.);
#15266=EDGE_CURVE('',#9102,#9114,#7599,.T.);
#15279=EDGE_CURVE('',#9100,#9116,#7603,.T.);
#15292=EDGE_CURVE('',#9118,#9098,#7611,.T.);
#15317=EDGE_CURVE('',#7990,#9120,#7615,.T.);
#15319=EDGE_CURVE('',#9120,#9122,#7620,.T.);
#15321=EDGE_CURVE('',#9122,#9124,#7624,.T.);
#15323=EDGE_CURVE('',#9124,#9126,#7628,.T.);
#15325=EDGE_CURVE('',#9126,#9128,#7632,.T.);
#15327=EDGE_CURVE('',#9128,#9130,#7637,.T.);
#15329=EDGE_CURVE('',#9130,#7991,#7641,.T.);
#15340=EDGE_CURVE('',#9132,#7995,#7671,.T.);
#15342=EDGE_CURVE('',#9120,#9132,#7691,.T.);
#15354=EDGE_CURVE('',#7993,#9134,#7645,.T.);
#15356=EDGE_CURVE('',#9134,#9136,#7650,.T.);
#15358=EDGE_CURVE('',#9136,#9138,#7654,.T.);
#15360=EDGE_CURVE('',#9138,#9140,#7658,.T.);
#15362=EDGE_CURVE('',#9140,#9142,#7662,.T.);
#15364=EDGE_CURVE('',#9142,#9132,#7667,.T.);
#15377=EDGE_CURVE('',#9134,#9130,#7679,.T.);
#15389=EDGE_CURVE('',#9128,#9136,#7675,.T.);
#15402=EDGE_CURVE('',#9126,#9138,#7683,.T.);
#15415=EDGE_CURVE('',#9124,#9140,#7687,.T.);
#15428=EDGE_CURVE('',#9142,#9122,#7695,.T.);
#15453=EDGE_CURVE('',#7998,#9144,#7699,.T.);
#15455=EDGE_CURVE('',#9144,#9146,#7704,.T.);
#15457=EDGE_CURVE('',#9146,#9148,#7708,.T.);
#15459=EDGE_CURVE('',#9148,#9150,#7712,.T.);
#15461=EDGE_CURVE('',#9150,#9152,#7716,.T.);
#15463=EDGE_CURVE('',#9152,#9154,#7721,.T.);
#15465=EDGE_CURVE('',#9154,#7999,#7725,.T.);
#15476=EDGE_CURVE('',#9156,#8003,#7755,.T.);
#15478=EDGE_CURVE('',#9144,#9156,#7775,.T.);
#15490=EDGE_CURVE('',#8001,#9158,#7729,.T.);
#15492=EDGE_CURVE('',#9158,#9160,#7734,.T.);
#15494=EDGE_CURVE('',#9160,#9162,#7738,.T.);
#15496=EDGE_CURVE('',#9162,#9164,#7742,.T.);
#15498=EDGE_CURVE('',#9164,#9166,#7746,.T.);
#15500=EDGE_CURVE('',#9166,#9156,#7751,.T.);
#15513=EDGE_CURVE('',#9158,#9154,#7763,.T.);
#15525=EDGE_CURVE('',#9152,#9160,#7759,.T.);
#15538=EDGE_CURVE('',#9150,#9162,#7767,.T.);
#15551=EDGE_CURVE('',#9148,#9164,#7771,.T.);
#15564=EDGE_CURVE('',#9166,#9146,#7779,.T.);
#15596=AXIS2_PLACEMENT_3D('',#15593,#15594,#15595);
#15597=ADVANCED_BREP_SHAPE_REPRESENTATION('',(#15596,#15584),#15592);
#15602=PRODUCT_DEFINITION('design','',#15601,#15598);
#15603=PRODUCT_DEFINITION_SHAPE('','SHAPE FOR PRT0005.',#15602);
#15604=SHAPE_DEFINITION_REPRESENTATION(#15603,#15597);
#15605=NEXT_ASSEMBLY_USAGE_OCCURRENCE('10','Next assembly relationship',
'MSBR-1',#15633,#15602,$);
#15606=PRODUCT_DEFINITION_SHAPE('Placement #10',
'Placement of PRT0005 with respect to ASM0002_ASM',#15605);
#15615=AXIS2_PLACEMENT_3D('',#15612,#15613,#15614);
#15629=AXIS2_PLACEMENT_3D('',#15626,#15627,#15628);
#15633=PRODUCT_DEFINITION('design','',#15632,#15598);
#15634=SHAPE_DEFINITION_REPRESENTATION(#15635,#15636);
#15635=PRODUCT_DEFINITION_SHAPE('','SHAPE FOR ASM0001_ASM.',#15662);
#15636=SHAPE_REPRESENTATION('',(#15642,#15657),#15653);
#15637=NEXT_ASSEMBLY_USAGE_OCCURRENCE('11','Next assembly relationship',
'ASM0002',#15662,#15633,$);
#15638=PRODUCT_DEFINITION_SHAPE('Placement #11',
'Placement of ASM0002_ASM with respect to ASM0001_ASM',#15637);
#15657=AXIS2_PLACEMENT_3D('',#15654,#15655,#15656);
#15662=PRODUCT_DEFINITION('design','',#15661,#15658);
ENDSEC;
END-ISO-10303-21;
